#pragma once
// ============================================================
// AUTO-GENERATED icon bitmaps — DO NOT EDIT BY HAND
// Generated by scripts/convert_icons.py
// ============================================================

#include <Arduino.h>

// Auto-generated icon: wx_01d (80x80)
// Each byte holds 2 pixels (high nibble first)
#define ICON_WX_01D_W 80
#define ICON_WX_01D_H 80
static const uint8_t PROGMEM icon_wx_01d[] = {
    0x11, 0x11, 0x11, 0x11, 0x11, 0x11, 0x11, 0x11, 0x11, 0x11, 0x11, 0x11, 0x11, 0x11, 0x11, 0x11,
    0x11, 0x11, 0x11, 0x11, 0x11, 0x11, 0x11, 0x11, 0x11, 0x11, 0x11, 0x11, 0x11, 0x11, 0x11, 0x11,
    0x11, 0x11, 0x11, 0x11, 0x11, 0x11, 0x11, 0x11, 0x11, 0x11, 0x11, 0x11, 0x11, 0x11, 0x11, 0x11,
    0x11, 0x11, 0x11, 0x11, 0x11, 0x11, 0x11, 0x11, 0x11, 0x11, 0x11, 0x11, 0x11, 0x11, 0x11, 0x11,
    0x11, 0x11, 0x11, 0x11, 0x11, 0x11, 0x11, 0x11, 0x11, 0x11, 0x11, 0x11, 0x11, 0x11, 0x11, 0x11,
    0x11, 0x11, 0x11, 0x11, 0x11, 0x11, 0x11, 0x11, 0x11, 0x11, 0x11, 0x11, 0x11, 0x11, 0x11, 0x11,
    0x11, 0x11, 0x11, 0x11, 0x11, 0x11, 0x11, 0x11, 0x11, 0x11, 0x11, 0x11, 0x11, 0x11, 0x11, 0x11,
    0x11, 0x11, 0x11, 0x11, 0x11, 0x11, 0x11, 0x11, 0x11, 0x11, 0x11, 0x11, 0x11, 0x11, 0x11, 0x11,
    0x11, 0x11, 0x11, 0x11, 0x11, 0x11, 0x11, 0x11, 0x11, 0x11, 0x11, 0x11, 0x11, 0x11, 0x11, 0x11,
    0x11, 0x11, 0x11, 0x11, 0x11, 0x11, 0x11, 0x11, 0x11, 0x11, 0x11, 0x11, 0x11, 0x11, 0x11, 0x11,
    0x11, 0x11, 0x11, 0x11, 0x11, 0x11, 0x11, 0x11, 0x11, 0x11, 0x11, 0x11, 0x11, 0x11, 0x11, 0x11,
    0x11, 0x11, 0x11, 0x11, 0x11, 0x11, 0x11, 0x11, 0x11, 0x11, 0x11, 0x11, 0x11, 0x11, 0x11, 0x11,
    0x11, 0x11, 0x11, 0x11, 0x11, 0x11, 0x11, 0x11, 0x11, 0x11, 0x11, 0x11, 0x11, 0x11, 0x11, 0x11,
    0x11, 0x11, 0x11, 0x11, 0x11, 0x11, 0x11, 0x11, 0x11, 0x11, 0x11, 0x11, 0x11, 0x11, 0x11, 0x11,
    0x11, 0x11, 0x11, 0x11, 0x11, 0x11, 0x11, 0x11, 0x11, 0x11, 0x11, 0x11, 0x11, 0x11, 0x11, 0x11,
    0x11, 0x11, 0x11, 0x11, 0x11, 0x11, 0x11, 0x11, 0x11, 0x11, 0x11, 0x11, 0x11, 0x11, 0x11, 0x11,
    0x11, 0x11, 0x11, 0x11, 0x11, 0x11, 0x11, 0x11, 0x11, 0x11, 0x11, 0x11, 0x11, 0x11, 0x11, 0x11,
    0x11, 0x11, 0x11, 0x11, 0x11, 0x11, 0x11, 0x11, 0x11, 0x11, 0x11, 0x11, 0x11, 0x11, 0x11, 0x11,
    0x11, 0x11, 0x11, 0x11, 0x11, 0x11, 0x11, 0x11, 0x11, 0x11, 0x11, 0x11, 0x11, 0x11, 0x11, 0x11,
    0x11, 0x11, 0x11, 0x11, 0x11, 0x11, 0x11, 0x11, 0x11, 0x11, 0x11, 0x11, 0x11, 0x11, 0x11, 0x11,
    0x11, 0x11, 0x11, 0x11, 0x11, 0x11, 0x11, 0x11, 0x11, 0x11, 0x11, 0x11, 0x11, 0x11, 0x11, 0x11,
    0x11, 0x11, 0x15, 0x65, 0x65, 0x65, 0x61, 0x11, 0x11, 0x11, 0x11, 0x11, 0x11, 0x11, 0x11, 0x11,
    0x11, 0x11, 0x11, 0x11, 0x11, 0x11, 0x11, 0x11, 0x11, 0x11, 0x11, 0x11, 0x11, 0x11, 0x11, 0x11,
    0x11, 0x11, 0x11, 0x11, 0x11, 0x11, 0x11, 0x11, 0x56, 0x56, 0x56, 0x56, 0x55, 0x65, 0x55, 0x65,
    0x61, 0x11, 0x11, 0x11, 0x11, 0x11, 0x11, 0x11, 0x11, 0x11, 0x11, 0x11, 0x11, 0x11, 0x11, 0x11,
    0x11, 0x11, 0x11, 0x11, 0x11, 0x11, 0x11, 0x11, 0x11, 0x11, 0x11, 0x11, 0x11, 0x11, 0x16, 0x56,
    0x56, 0x56, 0x56, 0x55, 0x65, 0x65, 0x65, 0x65, 0x55, 0x65, 0x11, 0x11, 0x11, 0x11, 0x11, 0x11,
    0x11, 0x11, 0x11, 0x11, 0x11, 0x11, 0x11, 0x11, 0x11, 0x11, 0x11, 0x11, 0x11, 0x11, 0x11, 0x11,
    0x11, 0x11, 0x11, 0x11, 0x11, 0x65, 0x56, 0x56, 0x56, 0x56, 0x56, 0x56, 0x56, 0x56, 0x56, 0x56,
    0x56, 0x56, 0x55, 0x61, 0x11, 0x11, 0x11, 0x11, 0x11, 0x11, 0x11, 0x11, 0x11, 0x11, 0x11, 0x11,
    0x11, 0x11, 0x11, 0x11, 0x11, 0x11, 0x11, 0x11, 0x11, 0x11, 0x11, 0x11, 0x15, 0x65, 0x65, 0x65,
    0x61, 0x65, 0x61, 0x65, 0x65, 0x65, 0x65, 0x65, 0x65, 0x65, 0x65, 0x55, 0x11, 0x11, 0x11, 0x11,
    0x11, 0x11, 0x11, 0x11, 0x11, 0x11, 0x11, 0x11, 0x11, 0x11, 0x11, 0x11, 0x11, 0x11, 0x11, 0x11,
    0x11, 0x11, 0x11, 0x16, 0x56, 0x56, 0x61, 0x65, 0x65, 0x65, 0x65, 0x65, 0x61, 0x65, 0x65, 0x56,
    0x56, 0x55, 0x65, 0x65, 0x65, 0x11, 0x11, 0x11, 0x11, 0x11, 0x11, 0x11, 0x11, 0x11, 0x11, 0x11,
    0x11, 0x11, 0x11, 0x11, 0x11, 0x11, 0x11, 0x11, 0x11, 0x11, 0x16, 0x56, 0x56, 0x16, 0x56, 0x56,
    0x56, 0x56, 0x56, 0x56, 0x56, 0x56, 0x56, 0x16, 0x55, 0x65, 0x65, 0x65, 0x56, 0x55, 0x11, 0x11,
    0x11, 0x11, 0x11, 0x11, 0x11, 0x11, 0x11, 0x11, 0x11, 0x11, 0x11, 0x11, 0x11, 0x11, 0x11, 0x11,
    0x11, 0x11, 0x56, 0x56, 0x16, 0x65, 0x65, 0x66, 0x16, 0x65, 0x65, 0x61, 0x65, 0x65, 0x65, 0x65,
    0x65, 0x65, 0x65, 0x56, 0x56, 0x56, 0x51, 0x11, 0x11, 0x11, 0x11, 0x11, 0x11, 0x11, 0x11, 0x11,
    0x11, 0x11, 0x11, 0x11, 0x11, 0x11, 0x11, 0x11, 0x11, 0x16, 0x56, 0x16, 0x65, 0x65, 0x66, 0x16,
    0x56, 0x56, 0x16, 0x56, 0x56, 0x56, 0x16, 0x56, 0x56, 0x56, 0x56, 0x56, 0x55, 0x65, 0x56, 0x11,
    0x11, 0x11, 0x11, 0x11, 0x11, 0x11, 0x11, 0x11, 0x11, 0x11, 0x11, 0x11, 0x11, 0x11, 0x11, 0x11,
    0x11, 0x65, 0x66, 0x56, 0x56, 0x56, 0x16, 0x56, 0x56, 0x56, 0x56, 0x56, 0x56, 0x56, 0x55, 0x65,
    0x65, 0x65, 0x56, 0x56, 0x56, 0x56, 0x55, 0x51, 0x11, 0x11, 0x11, 0x11, 0x11, 0x11, 0x11, 0x11,
    0x11, 0x11, 0x11, 0x11, 0x11, 0x11, 0x11, 0x11, 0x15, 0x65, 0x16, 0x65, 0x65, 0x66, 0x56, 0x56,
    0x56, 0x56, 0x56, 0x56, 0x56, 0x56, 0x56, 0x56, 0x55, 0x61, 0x65, 0x65, 0x65, 0x56, 0x56, 0x56,
    0x11, 0x11, 0x11, 0x11, 0x11, 0x11, 0x11, 0x11, 0x11, 0x11, 0x11, 0x11, 0x11, 0x11, 0x11, 0x11,
    0x65, 0x66, 0x65, 0x61, 0x66, 0x16, 0x56, 0x56, 0x56, 0x16, 0x56, 0x16, 0x56, 0x16, 0x56, 0x56,
    0x56, 0x56, 0x55, 0x65, 0x56, 0x56, 0x56, 0x55, 0x51, 0x11, 0x11, 0x11, 0x11, 0x11, 0x11, 0x11,
    0x11, 0x11, 0x11, 0x11, 0x11, 0x11, 0x11, 0x16, 0x56, 0x16, 0x56, 0x65, 0x65, 0x65, 0x65, 0x61,
    0x66, 0x56, 0x56, 0x56, 0x56, 0x56, 0x56, 0x56, 0x16, 0x55, 0x65, 0x65, 0x65, 0x65, 0x55, 0x65,
    0x65, 0x11, 0x11, 0x11, 0x11, 0x11, 0x11, 0x11, 0x11, 0x11, 0x11, 0x11, 0x11, 0x11, 0x11, 0x15,
    0x66, 0x65, 0x61, 0x66, 0x56, 0x56, 0x16, 0x65, 0x65, 0x65, 0x65, 0x65, 0x65, 0x65, 0x65, 0x65,
    0x65, 0x65, 0x65, 0x65, 0x65, 0x56, 0x65, 0x65, 0x56, 0x11, 0x11, 0x11, 0x11, 0x11, 0x11, 0x11,
    0x11, 0x11, 0x11, 0x11, 0x11, 0x11, 0x11, 0x66, 0x16, 0x56, 0x16, 0x56, 0x16, 0x65, 0x65, 0x65,
    0x65, 0x61, 0x66, 0x16, 0x56, 0x56, 0x51, 0x65, 0x65, 0x65, 0x65, 0x61, 0x56, 0x55, 0x56, 0x56,
    0x55, 0x51, 0x11, 0x11, 0x11, 0x11, 0x11, 0x11, 0x11, 0x11, 0x11, 0x11, 0x11, 0x11, 0x16, 0x56,
    0x56, 0x16, 0x66, 0x56, 0x65, 0x61, 0x66, 0x56, 0x16, 0x65, 0x65, 0x65, 0x65, 0x61, 0x66, 0x56,
    0x56, 0x56, 0x56, 0x56, 0x56, 0x56, 0x56, 0x55, 0x66, 0x56, 0x11, 0x11, 0x11, 0x11, 0x11, 0x11,
    0x11, 0x11, 0x11, 0x11, 0x11, 0x11, 0x15, 0x61, 0x66, 0x65, 0x65, 0x61, 0x65, 0x66, 0x56, 0x16,
    0x65, 0x65, 0x65, 0x65, 0x61, 0x65, 0x65, 0x65, 0x65, 0x56, 0x15, 0x65, 0x65, 0x65, 0x65, 0x65,
    0x55, 0x65, 0x11, 0x11, 0x11, 0x11, 0x11, 0x11, 0x11, 0x11, 0x11, 0x11, 0x11, 0x11, 0x66, 0x66,
    0x56, 0x56, 0x16, 0x65, 0x66, 0x16, 0x56, 0x65, 0x65, 0x61, 0x65, 0x61, 0x65, 0x65, 0x65, 0x65,
    0x56, 0x16, 0x56, 0x56, 0x55, 0x65, 0x56, 0x56, 0x56, 0x55, 0x61, 0x11, 0x11, 0x11, 0x11, 0x11,
    0x11, 0x11, 0x11, 0x11, 0x11, 0x11, 0x51, 0x65, 0x61, 0x66, 0x65, 0x66, 0x16, 0x56, 0x65, 0x65,
    0x61, 0x65, 0x65, 0x66, 0x56, 0x56, 0x56, 0x56, 0x16, 0x56, 0x56, 0x55, 0x65, 0x65, 0x61, 0x56,
    0x56, 0x56, 0x51, 0x11, 0x11, 0x11, 0x11, 0x11, 0x11, 0x11, 0x11, 0x11, 0x11, 0x16, 0x66, 0x61,
    0x66, 0x56, 0x16, 0x56, 0x56, 0x65, 0x61, 0x65, 0x66, 0x56, 0x65, 0x65, 0x65, 0x65, 0x65, 0x65,
    0x65, 0x65, 0x65, 0x65, 0x65, 0x61, 0x65, 0x65, 0x65, 0x55, 0x65, 0x11, 0x11, 0x11, 0x11, 0x11,
    0x11, 0x11, 0x11, 0x11, 0x11, 0x15, 0x61, 0x66, 0x56, 0x16, 0x65, 0x61, 0x65, 0x61, 0x65, 0x66,
    0x56, 0x56, 0x56, 0x16, 0x56, 0x56, 0x16, 0x56, 0x56, 0x56, 0x56, 0x56, 0x56, 0x55, 0x65, 0x65,
    0x56, 0x56, 0x55, 0x11, 0x11, 0x11, 0x11, 0x11, 0x11, 0x11, 0x11, 0x11, 0x11, 0x66, 0x56, 0x56,
    0x66, 0x65, 0x66, 0x66, 0x56, 0x65, 0x66, 0x51, 0x65, 0x61, 0x65, 0x65, 0x65, 0x65, 0x65, 0x65,
    0x65, 0x65, 0x65, 0x65, 0x65, 0x65, 0x65, 0x56, 0x56, 0x56, 0x56, 0x51, 0x11, 0x11, 0x11, 0x11,
    0x11, 0x11, 0x11, 0x11, 0x11, 0x61, 0x66, 0x16, 0x16, 0x56, 0x16, 0x56, 0x16, 0x56, 0x56, 0x66,
    0x56, 0x65, 0x65, 0x65, 0x61, 0x66, 0x56, 0x56, 0x16, 0x56, 0x56, 0x51, 0x65, 0x65, 0x56, 0x56,
    0x55, 0x65, 0x55, 0x61, 0x11, 0x11, 0x11, 0x11, 0x11, 0x11, 0x11, 0x11, 0x11, 0x66, 0x56, 0x66,
    0x56, 0x16, 0x65, 0x16, 0x65, 0x61, 0x61, 0x65, 0x61, 0x65, 0x66, 0x16, 0x65, 0x65, 0x61, 0x65,
    0x65, 0x65, 0x61, 0x65, 0x65, 0x56, 0x56, 0x56, 0x56, 0x56, 0x56, 0x51, 0x11, 0x11, 0x11, 0x11,
    0x11, 0x11, 0x11, 0x11, 0x16, 0x56, 0x16, 0x56, 0x66, 0x65, 0x66, 0x65, 0x66, 0x66, 0x56, 0x56,
    0x56, 0x56, 0x16, 0x56, 0x56, 0x56, 0x56, 0x56, 0x56, 0x56, 0x56, 0x56, 0x56, 0x56, 0x56, 0x55,
    0x65, 0x56, 0x56, 0x55, 0x11, 0x11, 0x11, 0x11, 0x11, 0x11, 0x11, 0x11, 0x16, 0x16, 0x66, 0x16,
    0x16, 0x56, 0x16, 0x56, 0x16, 0x56, 0x65, 0x61, 0x66, 0x56, 0x65, 0x65, 0x65, 0x61, 0x65, 0x65,
    0x65, 0x61, 0x65, 0x65, 0x65, 0x65, 0x65, 0x65, 0x65, 0x65, 0x56, 0x56, 0x11, 0x11, 0x11, 0x11,
    0x11, 0x11, 0x11, 0x11, 0x16, 0x65, 0x66, 0x66, 0x56, 0x16, 0x66, 0x16, 0x65, 0x61, 0x66, 0x56,
    0x56, 0x16, 0x56, 0x56, 0x16, 0x56, 0x56, 0x56, 0x56, 0x56, 0x56, 0x55, 0x65, 0x61, 0x56, 0x56,
    0x56, 0x56, 0x55, 0x65, 0x11, 0x11, 0x11, 0x11, 0x11, 0x11, 0x11, 0x11, 0x15, 0x61, 0x61, 0x65,
    0x66, 0x65, 0x65, 0x66, 0x56, 0x65, 0x61, 0x66, 0x65, 0x66, 0x56, 0x16, 0x65, 0x65, 0x65, 0x61,
    0x65, 0x65, 0x65, 0x65, 0x65, 0x56, 0x56, 0x55, 0x61, 0x56, 0x56, 0x55, 0x11, 0x11, 0x11, 0x11,
    0x11, 0x11, 0x11, 0x11, 0x16, 0x66, 0x66, 0x56, 0x16, 0x61, 0x66, 0x56, 0x16, 0x16, 0x56, 0x56,
    0x16, 0x56, 0x16, 0x65, 0x65, 0x66, 0x16, 0x56, 0x56, 0x56, 0x56, 0x56, 0x16, 0x56, 0x56, 0x56,
    0x56, 0x56, 0x55, 0x65, 0x11, 0x11, 0x11, 0x11, 0x11, 0x11, 0x11, 0x11, 0x15, 0x16, 0x56, 0x16,
    0x65, 0x66, 0x56, 0x16, 0x66, 0x65, 0x66, 0x16, 0x65, 0x65, 0x65, 0x65, 0x65, 0x65, 0x65, 0x65,
    0x65, 0x61, 0x65, 0x65, 0x65, 0x65, 0x65, 0x65, 0x65, 0x65, 0x65, 0x65, 0x11, 0x11, 0x11, 0x11,
    0x11, 0x11, 0x11, 0x11, 0x16, 0x66, 0x16, 0x66, 0x16, 0x61, 0x66, 0x65, 0x65, 0x66, 0x16, 0x65,
    0x65, 0x61, 0x66, 0x56, 0x16, 0x56, 0x56, 0x56, 0x16, 0x56, 0x56, 0x56, 0x56, 0x56, 0x56, 0x51,
    0x65, 0x56, 0x56, 0x55, 0x11, 0x11, 0x11, 0x11, 0x11, 0x11, 0x11, 0x11, 0x16, 0x16, 0x66, 0x16,
    0x65, 0x66, 0x51, 0x66, 0x16, 0x16, 0x65, 0x65, 0x61, 0x66, 0x56, 0x56, 0x65, 0x61, 0x66, 0x16,
    0x65, 0x65, 0x65, 0x61, 0x65, 0x65, 0x65, 0x65, 0x65, 0x65, 0x55, 0x65, 0x11, 0x11, 0x11, 0x11,
    0x11, 0x11, 0x11, 0x11, 0x16, 0x65, 0x66, 0x65, 0x61, 0x66, 0x66, 0x56, 0x65, 0x65, 0x65, 0x61,
    0x66, 0x56, 0x56, 0x16, 0x56, 0x56, 0x56, 0x56, 0x56, 0x56, 0x56, 0x56, 0x56, 0x56, 0x15, 0x65,
    0x65, 0x56, 0x65, 0x65, 0x11, 0x11, 0x11, 0x11, 0x11, 0x11, 0x11, 0x11, 0x15, 0x61, 0x61, 0x66,
    0x66, 0x51, 0x66, 0x16, 0x66, 0x56, 0x16, 0x66, 0x56, 0x65, 0x66, 0x56, 0x61, 0x66, 0x56, 0x56,
    0x56, 0x56, 0x16, 0x56, 0x55, 0x65, 0x65, 0x65, 0x56, 0x56, 0x55, 0x65, 0x11, 0x11, 0x11, 0x11,
    0x11, 0x11, 0x11, 0x11, 0x16, 0x66, 0x66, 0x51, 0x66, 0x66, 0x56, 0x65, 0x16, 0x66, 0x65, 0x65,
    0x61, 0x66, 0x16, 0x65, 0x65, 0x65, 0x61, 0x65, 0x65, 0x65, 0x65, 0x65, 0x65, 0x65, 0x65, 0x65,
    0x65, 0x65, 0x65, 0x56, 0x11, 0x11, 0x11, 0x11, 0x11, 0x11, 0x11, 0x11, 0x15, 0x16, 0x56, 0x66,
    0x51, 0x61, 0x61, 0x66, 0x65, 0x16, 0x56, 0x16, 0x65, 0x65, 0x65, 0x61, 0x65, 0x65, 0x65, 0x66,
    0x51, 0x65, 0x65, 0x65, 0x61, 0x65, 0x65, 0x65, 0x65, 0x65, 0x56, 0x55, 0x11, 0x11, 0x11, 0x11,
    0x11, 0x11, 0x11, 0x11, 0x16, 0x66, 0x16, 0x16, 0x66, 0x66, 0x66, 0x56, 0x16, 0x66, 0x16, 0x65,
    0x66, 0x16, 0x56, 0x56, 0x56, 0x16, 0x65, 0x65, 0x66, 0x56, 0x56, 0x16, 0x56, 0x56, 0x56, 0x56,
    0x56, 0x16, 0x56, 0x65, 0x11, 0x11, 0x11, 0x11, 0x11, 0x11, 0x11, 0x11, 0x16, 0x16, 0x66, 0x66,
    0x16, 0x56, 0x16, 0x65, 0x66, 0x56, 0x65, 0x66, 0x16, 0x56, 0x61, 0x66, 0x56, 0x65, 0x61, 0x65,
    0x65, 0x61, 0x65, 0x65, 0x65, 0x65, 0x61, 0x56, 0x55, 0x65, 0x65, 0x56, 0x11, 0x11, 0x11, 0x11,
    0x11, 0x11, 0x11, 0x11, 0x16, 0x65, 0x61, 0x65, 0x66, 0x16, 0x65, 0x61, 0x66, 0x16, 0x56, 0x16,
    0x56, 0x65, 0x66, 0x56, 0x16, 0x56, 0x56, 0x56, 0x16, 0x56, 0x65, 0x65, 0x65, 0x65, 0x65, 0x65,
    0x65, 0x65, 0x56, 0x55, 0x11, 0x11, 0x11, 0x11, 0x11, 0x11, 0x11, 0x11, 0x16, 0x56, 0x66, 0x61,
    0x66, 0x65, 0x61, 0x66, 0x65, 0x66, 0x16, 0x65, 0x65, 0x61, 0x65, 0x65, 0x66, 0x56, 0x65, 0x65,
    0x65, 0x65, 0x65, 0x65, 0x61, 0x65, 0x65, 0x65, 0x65, 0x65, 0x65, 0x65, 0x11, 0x11, 0x11, 0x11,
    0x11, 0x11, 0x11, 0x11, 0x11, 0x61, 0x61, 0x66, 0x61, 0x66, 0x66, 0x65, 0x16, 0x65, 0x66, 0x56,
    0x61, 0x66, 0x56, 0x16, 0x56, 0x16, 0x56, 0x16, 0x65, 0x65, 0x61, 0x65, 0x65, 0x65, 0x65, 0x65,
    0x61, 0x65, 0x65, 0x51, 0x11, 0x11, 0x11, 0x11, 0x11, 0x11, 0x11, 0x11, 0x11, 0x66, 0x66, 0x56,
    0x56, 0x61, 0x61, 0x66, 0x66, 0x16, 0x65, 0x61, 0x66, 0x56, 0x65, 0x66, 0x65, 0x65, 0x65, 0x65,
    0x65, 0x61, 0x65, 0x65, 0x65, 0x65, 0x61, 0x65, 0x65, 0x56, 0x56, 0x51, 0x11, 0x11, 0x11, 0x11,
    0x11, 0x11, 0x11, 0x11, 0x11, 0x61, 0x65, 0x16, 0x61, 0x66, 0x56, 0x56, 0x16, 0x65, 0x61, 0x66,
    0x56, 0x61, 0x66, 0x51, 0x66, 0x56, 0x16, 0x65, 0x61, 0x66, 0x56, 0x56, 0x56, 0x56, 0x56, 0x56,
    0x56, 0x56, 0x56, 0x51, 0x11, 0x11, 0x11, 0x11, 0x11, 0x11, 0x11, 0x11, 0x11, 0x16, 0x56, 0x66,
    0x16, 0x65, 0x66, 0x16, 0x65, 0x61, 0x66, 0x65, 0x61, 0x65, 0x61, 0x66, 0x56, 0x16, 0x65, 0x61,
    0x66, 0x56, 0x56, 0x56, 0x16, 0x56, 0x56, 0x55, 0x65, 0x65, 0x61, 0x11, 0x11, 0x11, 0x11, 0x11,
    0x11, 0x11, 0x11, 0x11, 0x11, 0x16, 0x16, 0x61, 0x66, 0x61, 0x66, 0x66, 0x56, 0x66, 0x56, 0x16,
    0x66, 0x56, 0x65, 0x65, 0x65, 0x65, 0x65, 0x66, 0x56, 0x56, 0x56, 0x16, 0x65, 0x61, 0x65, 0x65,
    0x61, 0x65, 0x56, 0x11, 0x11, 0x11, 0x11, 0x11, 0x11, 0x11, 0x11, 0x11, 0x11, 0x16, 0x66, 0x66,
    0x61, 0x66, 0x61, 0x61, 0x61, 0x66, 0x16, 0x65, 0x61, 0x65, 0x66, 0x56, 0x16, 0x66, 0x56, 0x16,
    0x56, 0x56, 0x16, 0x65, 0x65, 0x65, 0x65, 0x61, 0x65, 0x65, 0x65, 0x11, 0x11, 0x11, 0x11, 0x11,
    0x11, 0x11, 0x11, 0x11, 0x11, 0x11, 0x51, 0x61, 0x66, 0x56, 0x16, 0x66, 0x66, 0x56, 0x65, 0x66,
    0x56, 0x66, 0x16, 0x66, 0x65, 0x61, 0x66, 0x56, 0x56, 0x16, 0x65, 0x56, 0x56, 0x56, 0x56, 0x56,
    0x56, 0x56, 0x51, 0x11, 0x11, 0x11, 0x11, 0x11, 0x11, 0x11, 0x11, 0x11, 0x11, 0x11, 0x66, 0x66,
    0x56, 0x66, 0x65, 0x65, 0x61, 0x65, 0x61, 0x61, 0x66, 0x16, 0x56, 0x15, 0x61, 0x65, 0x65, 0x65,
    0x66, 0x56, 0x56, 0x65, 0x65, 0x65, 0x61, 0x65, 0x65, 0x65, 0x61, 0x11, 0x11, 0x11, 0x11, 0x11,
    0x11, 0x11, 0x11, 0x11, 0x11, 0x11, 0x16, 0x56, 0x16, 0x16, 0x16, 0x61, 0x66, 0x61, 0x66, 0x66,
    0x56, 0x56, 0x65, 0x66, 0x56, 0x65, 0x61, 0x66, 0x16, 0x56, 0x56, 0x56, 0x16, 0x56, 0x56, 0x56,
    0x56, 0x55, 0x11, 0x11, 0x11, 0x11, 0x11, 0x11, 0x11, 0x11, 0x11, 0x11, 0x11, 0x11, 0x11, 0x61,
    0x66, 0x66, 0x66, 0x56, 0x61, 0x66, 0x65, 0x65, 0x61, 0x66, 0x16, 0x56, 0x65, 0x61, 0x66, 0x56,
    0x56, 0x56, 0x16, 0x56, 0x56, 0x56, 0x16, 0x56, 0x56, 0x51, 0x11, 0x11, 0x11, 0x11, 0x11, 0x11,
    0x11, 0x11, 0x11, 0x11, 0x11, 0x11, 0x11, 0x66, 0x65, 0x61, 0x61, 0x66, 0x56, 0x65, 0x61, 0x61,
    0x66, 0x65, 0x66, 0x61, 0x61, 0x66, 0x56, 0x56, 0x56, 0x16, 0x65, 0x65, 0x65, 0x65, 0x65, 0x65,
    0x65, 0x61, 0x11, 0x11, 0x11, 0x11, 0x11, 0x11, 0x11, 0x11, 0x11, 0x11, 0x11, 0x11, 0x11, 0x15,
    0x61, 0x66, 0x66, 0x51, 0x66, 0x16, 0x66, 0x66, 0x65, 0x61, 0x65, 0x65, 0x66, 0x56, 0x56, 0x61,
    0x66, 0x65, 0x65, 0x61, 0x66, 0x16, 0x56, 0x56, 0x16, 0x11, 0x11, 0x11, 0x11, 0x11, 0x11, 0x11,
    0x11, 0x11, 0x11, 0x11, 0x11, 0x11, 0x11, 0x11, 0x66, 0x61, 0x65, 0x66, 0x66, 0x65, 0x16, 0x56,
    0x16, 0x66, 0x56, 0x16, 0x56, 0x65, 0x61, 0x66, 0x55, 0x65, 0x65, 0x66, 0x56, 0x56, 0x56, 0x56,
    0x51, 0x11, 0x11, 0x11, 0x11, 0x11, 0x11, 0x11, 0x11, 0x11, 0x11, 0x11, 0x11, 0x11, 0x11, 0x11,
    0x15, 0x66, 0x61, 0x66, 0x16, 0x16, 0x66, 0x16, 0x65, 0x61, 0x66, 0x66, 0x61, 0x66, 0x56, 0x56,
    0x65, 0x61, 0x66, 0x56, 0x56, 0x56, 0x56, 0x16, 0x11, 0x11, 0x11, 0x11, 0x11, 0x11, 0x11, 0x11,
    0x11, 0x11, 0x11, 0x11, 0x11, 0x11, 0x11, 0x11, 0x11, 0x51, 0x66, 0x61, 0x66, 0x66, 0x56, 0x65,
    0x61, 0x66, 0x56, 0x15, 0x65, 0x61, 0x66, 0x56, 0x16, 0x65, 0x65, 0x16, 0x56, 0x16, 0x65, 0x61,
    0x11, 0x11, 0x11, 0x11, 0x11, 0x11, 0x11, 0x11, 0x11, 0x11, 0x11, 0x11, 0x11, 0x11, 0x11, 0x11,
    0x11, 0x16, 0x65, 0x66, 0x65, 0x61, 0x61, 0x66, 0x66, 0x56, 0x16, 0x66, 0x56, 0x65, 0x61, 0x65,
    0x65, 0x65, 0x66, 0x65, 0x65, 0x65, 0x65, 0x11, 0x11, 0x11, 0x11, 0x11, 0x11, 0x11, 0x11, 0x11,
    0x11, 0x11, 0x11, 0x11, 0x11, 0x11, 0x11, 0x11, 0x11, 0x11, 0x61, 0x61, 0x61, 0x66, 0x66, 0x51,
    0x65, 0x66, 0x65, 0x65, 0x61, 0x66, 0x56, 0x66, 0x56, 0x16, 0x51, 0x65, 0x66, 0x56, 0x11, 0x11,
    0x11, 0x11, 0x11, 0x11, 0x11, 0x11, 0x11, 0x11, 0x11, 0x11, 0x11, 0x11, 0x11, 0x11, 0x11, 0x11,
    0x11, 0x11, 0x16, 0x66, 0x66, 0x65, 0x61, 0x66, 0x61, 0x61, 0x66, 0x16, 0x66, 0x56, 0x16, 0x51,
    0x66, 0x65, 0x66, 0x56, 0x16, 0x56, 0x11, 0x11, 0x11, 0x11, 0x11, 0x11, 0x11, 0x11, 0x11, 0x11,
    0x11, 0x11, 0x11, 0x11, 0x11, 0x11, 0x11, 0x11, 0x11, 0x11, 0x11, 0x56, 0x16, 0x51, 0x66, 0x65,
    0x66, 0x66, 0x56, 0x65, 0x16, 0x65, 0x66, 0x66, 0x56, 0x56, 0x16, 0x65, 0x65, 0x61, 0x11, 0x11,
    0x11, 0x11, 0x11, 0x11, 0x11, 0x11, 0x11, 0x11, 0x11, 0x11, 0x11, 0x11, 0x11, 0x11, 0x11, 0x11,
    0x11, 0x11, 0x11, 0x11, 0x65, 0x66, 0x66, 0x16, 0x61, 0x65, 0x61, 0x66, 0x65, 0x61, 0x65, 0x56,
    0x16, 0x56, 0x65, 0x65, 0x61, 0x11, 0x11, 0x11, 0x11, 0x11, 0x11, 0x11, 0x11, 0x11, 0x11, 0x11,
    0x11, 0x11, 0x11, 0x11, 0x11, 0x11, 0x11, 0x11, 0x11, 0x11, 0x11, 0x11, 0x11, 0x61, 0x65, 0x66,
    0x56, 0x61, 0x66, 0x56, 0x56, 0x16, 0x66, 0x16, 0x65, 0x61, 0x65, 0x61, 0x11, 0x11, 0x11, 0x11,
    0x11, 0x11, 0x11, 0x11, 0x11, 0x11, 0x11, 0x11, 0x11, 0x11, 0x11, 0x11, 0x11, 0x11, 0x11, 0x11,
    0x11, 0x11, 0x11, 0x11, 0x11, 0x11, 0x61, 0x61, 0x66, 0x56, 0x65, 0x61, 0x66, 0x65, 0x65, 0x66,
    0x56, 0x56, 0x51, 0x11, 0x11, 0x11, 0x11, 0x11, 0x11, 0x11, 0x11, 0x11, 0x11, 0x11, 0x11, 0x11,
    0x11, 0x11, 0x11, 0x11, 0x11, 0x11, 0x11, 0x11, 0x11, 0x11, 0x11, 0x11, 0x11, 0x11, 0x11, 0x66,
    0x51, 0x66, 0x16, 0x66, 0x56, 0x16, 0x61, 0x65, 0x61, 0x61, 0x11, 0x11, 0x11, 0x11, 0x11, 0x11,
    0x11, 0x11, 0x11, 0x11, 0x11, 0x11, 0x11, 0x11, 0x11, 0x11, 0x11, 0x11, 0x11, 0x11, 0x11, 0x11,
    0x11, 0x11, 0x11, 0x11, 0x11, 0x11, 0x11, 0x11, 0x11, 0x65, 0x66, 0x16, 0x16, 0x65, 0x66, 0x51,
    0x11, 0x11, 0x11, 0x11, 0x11, 0x11, 0x11, 0x11, 0x11, 0x11, 0x11, 0x11, 0x11, 0x11, 0x11, 0x11,
    0x11, 0x11, 0x11, 0x11, 0x11, 0x11, 0x11, 0x11, 0x11, 0x11, 0x11, 0x11, 0x11, 0x11, 0x11, 0x11,
    0x11, 0x11, 0x11, 0x11, 0x11, 0x11, 0x11, 0x11, 0x11, 0x11, 0x11, 0x11, 0x11, 0x11, 0x11, 0x11,
    0x11, 0x11, 0x11, 0x11, 0x11, 0x11, 0x11, 0x11, 0x11, 0x11, 0x11, 0x11, 0x11, 0x11, 0x11, 0x11,
    0x11, 0x11, 0x11, 0x11, 0x11, 0x11, 0x11, 0x11, 0x11, 0x11, 0x11, 0x11, 0x11, 0x11, 0x11, 0x11,
    0x11, 0x11, 0x11, 0x11, 0x11, 0x11, 0x11, 0x11, 0x11, 0x11, 0x11, 0x11, 0x11, 0x11, 0x11, 0x11,
    0x11, 0x11, 0x11, 0x11, 0x11, 0x11, 0x11, 0x11, 0x11, 0x11, 0x11, 0x11, 0x11, 0x11, 0x11, 0x11,
    0x11, 0x11, 0x11, 0x11, 0x11, 0x11, 0x11, 0x11, 0x11, 0x11, 0x11, 0x11, 0x11, 0x11, 0x11, 0x11,
    0x11, 0x11, 0x11, 0x11, 0x11, 0x11, 0x11, 0x11, 0x11, 0x11, 0x11, 0x11, 0x11, 0x11, 0x11, 0x11,
    0x11, 0x11, 0x11, 0x11, 0x11, 0x11, 0x11, 0x11, 0x11, 0x11, 0x11, 0x11, 0x11, 0x11, 0x11, 0x11,
    0x11, 0x11, 0x11, 0x11, 0x11, 0x11, 0x11, 0x11, 0x11, 0x11, 0x11, 0x11, 0x11, 0x11, 0x11, 0x11,
    0x11, 0x11, 0x11, 0x11, 0x11, 0x11, 0x11, 0x11, 0x11, 0x11, 0x11, 0x11, 0x11, 0x11, 0x11, 0x11,
    0x11, 0x11, 0x11, 0x11, 0x11, 0x11, 0x11, 0x11, 0x11, 0x11, 0x11, 0x11, 0x11, 0x11, 0x11, 0x11,
    0x11, 0x11, 0x11, 0x11, 0x11, 0x11, 0x11, 0x11, 0x11, 0x11, 0x11, 0x11, 0x11, 0x11, 0x11, 0x11,
    0x11, 0x11, 0x11, 0x11, 0x11, 0x11, 0x11, 0x11, 0x11, 0x11, 0x11, 0x11, 0x11, 0x11, 0x11, 0x11,
    0x11, 0x11, 0x11, 0x11, 0x11, 0x11, 0x11, 0x11, 0x11, 0x11, 0x11, 0x11, 0x11, 0x11, 0x11, 0x11,
    0x11, 0x11, 0x11, 0x11, 0x11, 0x11, 0x11, 0x11, 0x11, 0x11, 0x11, 0x11, 0x11, 0x11, 0x11, 0x11,
    0x11, 0x11, 0x11, 0x11, 0x11, 0x11, 0x11, 0x11, 0x11, 0x11, 0x11, 0x11, 0x11, 0x11, 0x11, 0x11,
    0x11, 0x11, 0x11, 0x11, 0x11, 0x11, 0x11, 0x11, 0x11, 0x11, 0x11, 0x11, 0x11, 0x11, 0x11, 0x11,
    0x11, 0x11, 0x11, 0x11, 0x11, 0x11, 0x11, 0x11, 0x11, 0x11, 0x11, 0x11, 0x11, 0x11, 0x11, 0x11,
    0x11, 0x11, 0x11, 0x11, 0x11, 0x11, 0x11, 0x11, 0x11, 0x11, 0x11, 0x11, 0x11, 0x11, 0x11, 0x11,
};

// Auto-generated icon: wx_01n (80x80)
// Each byte holds 2 pixels (high nibble first)
#define ICON_WX_01N_W 80
#define ICON_WX_01N_H 80
static const uint8_t PROGMEM icon_wx_01n[] = {
    0x11, 0x11, 0x11, 0x11, 0x11, 0x11, 0x11, 0x11, 0x11, 0x11, 0x11, 0x11, 0x11, 0x11, 0x11, 0x11,
    0x11, 0x11, 0x11, 0x11, 0x11, 0x11, 0x11, 0x11, 0x11, 0x11, 0x11, 0x11, 0x11, 0x11, 0x11, 0x11,
    0x11, 0x11, 0x11, 0x11, 0x11, 0x11, 0x11, 0x11, 0x11, 0x11, 0x11, 0x11, 0x11, 0x11, 0x11, 0x11,
    0x11, 0x11, 0x11, 0x11, 0x11, 0x11, 0x11, 0x11, 0x11, 0x11, 0x11, 0x11, 0x11, 0x11, 0x11, 0x11,
    0x11, 0x11, 0x11, 0x11, 0x11, 0x11, 0x11, 0x11, 0x11, 0x11, 0x11, 0x11, 0x11, 0x11, 0x11, 0x11,
    0x11, 0x11, 0x11, 0x11, 0x11, 0x11, 0x11, 0x11, 0x11, 0x11, 0x11, 0x11, 0x11, 0x11, 0x11, 0x11,
    0x11, 0x11, 0x11, 0x11, 0x11, 0x11, 0x11, 0x11, 0x11, 0x11, 0x11, 0x11, 0x11, 0x11, 0x11, 0x11,
    0x11, 0x11, 0x11, 0x11, 0x11, 0x11, 0x11, 0x11, 0x11, 0x11, 0x11, 0x11, 0x11, 0x11, 0x11, 0x11,
    0x11, 0x11, 0x11, 0x11, 0x11, 0x11, 0x11, 0x11, 0x11, 0x11, 0x11, 0x11, 0x11, 0x11, 0x11, 0x11,
    0x11, 0x11, 0x11, 0x11, 0x11, 0x11, 0x11, 0x11, 0x11, 0x11, 0x11, 0x11, 0x11, 0x11, 0x11, 0x11,
    0x11, 0x11, 0x11, 0x11, 0x11, 0x11, 0x11, 0x11, 0x11, 0x11, 0x11, 0x11, 0x11, 0x11, 0x11, 0x11,
    0x11, 0x11, 0x11, 0x11, 0x11, 0x11, 0x11, 0x11, 0x11, 0x11, 0x11, 0x11, 0x11, 0x11, 0x11, 0x11,
    0x11, 0x11, 0x11, 0x11, 0x11, 0x11, 0x11, 0x11, 0x11, 0x11, 0x11, 0x11, 0x11, 0x11, 0x11, 0x11,
    0x11, 0x11, 0x11, 0x11, 0x11, 0x11, 0x11, 0x11, 0x11, 0x11, 0x11, 0x11, 0x11, 0x11, 0x11, 0x11,
    0x11, 0x11, 0x11, 0x11, 0x11, 0x11, 0x11, 0x11, 0x11, 0x11, 0x11, 0x11, 0x11, 0x11, 0x11, 0x11,
    0x11, 0x11, 0x11, 0x11, 0x11, 0x11, 0x11, 0x11, 0x11, 0x11, 0x11, 0x11, 0x11, 0x11, 0x11, 0x11,
    0x11, 0x11, 0x11, 0x11, 0x11, 0x11, 0x11, 0x11, 0x11, 0x11, 0x11, 0x11, 0x11, 0x11, 0x11, 0x11,
    0x11, 0x11, 0x11, 0x11, 0x11, 0x11, 0x11, 0x11, 0x11, 0x11, 0x11, 0x11, 0x11, 0x11, 0x11, 0x11,
    0x11, 0x11, 0x11, 0x11, 0x11, 0x11, 0x11, 0x11, 0x11, 0x11, 0x15, 0x15, 0x51, 0x55, 0x15, 0x51,
    0x11, 0x11, 0x11, 0x11, 0x11, 0x11, 0x11, 0x11, 0x11, 0x11, 0x11, 0x11, 0x11, 0x11, 0x11, 0x11,
    0x11, 0x11, 0x11, 0x11, 0x11, 0x11, 0x11, 0x11, 0x11, 0x11, 0x11, 0x11, 0x11, 0x11, 0x11, 0x11,
    0x51, 0x51, 0x51, 0x51, 0x61, 0x51, 0x51, 0x51, 0x51, 0x11, 0x11, 0x11, 0x11, 0x11, 0x11, 0x11,
    0x11, 0x11, 0x11, 0x11, 0x11, 0x11, 0x11, 0x11, 0x11, 0x11, 0x11, 0x11, 0x11, 0x11, 0x11, 0x11,
    0x11, 0x11, 0x11, 0x11, 0x11, 0x11, 0x15, 0x15, 0x15, 0x61, 0x56, 0x15, 0x51, 0x65, 0x16, 0x15,
    0x51, 0x11, 0x11, 0x11, 0x11, 0x11, 0x11, 0x11, 0x11, 0x11, 0x11, 0x11, 0x11, 0x11, 0x11, 0x11,
    0x11, 0x11, 0x11, 0x11, 0x11, 0x11, 0x11, 0x11, 0x11, 0x11, 0x11, 0x11, 0x11, 0x15, 0x15, 0x51,
    0x61, 0x55, 0x15, 0x51, 0x65, 0x15, 0x61, 0x51, 0x11, 0x11, 0x11, 0x11, 0x11, 0x11, 0x11, 0x11,
    0x11, 0x11, 0x11, 0x11, 0x11, 0x11, 0x11, 0x11, 0x11, 0x11, 0x11, 0x11, 0x11, 0x11, 0x11, 0x11,
    0x11, 0x11, 0x11, 0x11, 0x15, 0x15, 0x16, 0x15, 0x51, 0x51, 0x61, 0x61, 0x51, 0x51, 0x51, 0x11,
    0x11, 0x11, 0x11, 0x11, 0x11, 0x11, 0x11, 0x11, 0x11, 0x11, 0x11, 0x11, 0x11, 0x11, 0x11, 0x11,
    0x11, 0x11, 0x11, 0x11, 0x11, 0x11, 0x11, 0x11, 0x11, 0x11, 0x11, 0x15, 0x15, 0x16, 0x51, 0x51,
    0x65, 0x16, 0x51, 0x55, 0x16, 0x15, 0x11, 0x11, 0x11, 0x11, 0x11, 0x11, 0x11, 0x11, 0x11, 0x11,
    0x11, 0x11, 0x11, 0x11, 0x11, 0x11, 0x11, 0x11, 0x11, 0x11, 0x11, 0x11, 0x11, 0x11, 0x11, 0x11,
    0x11, 0x11, 0x11, 0x51, 0x56, 0x15, 0x15, 0x61, 0x51, 0x61, 0x55, 0x16, 0x15, 0x51, 0x11, 0x11,
    0x11, 0x11, 0x11, 0x11, 0x11, 0x11, 0x11, 0x11, 0x11, 0x11, 0x11, 0x11, 0x11, 0x11, 0x11, 0x11,
    0x11, 0x11, 0x11, 0x11, 0x11, 0x11, 0x11, 0x11, 0x11, 0x11, 0x11, 0x56, 0x15, 0x15, 0x61, 0x55,
    0x16, 0x51, 0x51, 0x61, 0x51, 0x11, 0x11, 0x11, 0x11, 0x11, 0x11, 0x11, 0x11, 0x11, 0x11, 0x11,
    0x11, 0x11, 0x11, 0x11, 0x11, 0x11, 0x11, 0x11, 0x11, 0x11, 0x11, 0x11, 0x11, 0x11, 0x11, 0x11,
    0x11, 0x15, 0x15, 0x15, 0x15, 0x61, 0x51, 0x51, 0x61, 0x55, 0x16, 0x55, 0x11, 0x11, 0x11, 0x11,
    0x11, 0x11, 0x11, 0x11, 0x11, 0x11, 0x11, 0x11, 0x11, 0x11, 0x11, 0x11, 0x11, 0x11, 0x11, 0x11,
    0x11, 0x11, 0x11, 0x11, 0x11, 0x11, 0x11, 0x11, 0x11, 0x51, 0x56, 0x15, 0x61, 0x51, 0x56, 0x15,
    0x51, 0x51, 0x61, 0x51, 0x11, 0x11, 0x11, 0x11, 0x11, 0x11, 0x11, 0x11, 0x11, 0x11, 0x11, 0x11,
    0x11, 0x11, 0x11, 0x11, 0x11, 0x11, 0x11, 0x11, 0x11, 0x11, 0x11, 0x11, 0x11, 0x11, 0x11, 0x11,
    0x15, 0x15, 0x15, 0x51, 0x51, 0x56, 0x15, 0x51, 0x61, 0x65, 0x15, 0x15, 0x11, 0x11, 0x11, 0x11,
    0x11, 0x11, 0x11, 0x11, 0x11, 0x11, 0x11, 0x11, 0x11, 0x11, 0x11, 0x11, 0x11, 0x11, 0x11, 0x11,
    0x11, 0x11, 0x11, 0x11, 0x11, 0x11, 0x11, 0x11, 0x51, 0x61, 0x61, 0x61, 0x65, 0x15, 0x16, 0x15,
    0x15, 0x15, 0x61, 0x51, 0x11, 0x11, 0x11, 0x11, 0x11, 0x11, 0x11, 0x11, 0x11, 0x11, 0x11, 0x11,
    0x11, 0x11, 0x11, 0x11, 0x11, 0x11, 0x11, 0x11, 0x11, 0x11, 0x11, 0x11, 0x11, 0x11, 0x11, 0x11,
    0x15, 0x55, 0x15, 0x51, 0x51, 0x61, 0x55, 0x16, 0x56, 0x15, 0x15, 0x51, 0x11, 0x11, 0x11, 0x11,
    0x11, 0x11, 0x11, 0x11, 0x11, 0x11, 0x11, 0x11, 0x11, 0x11, 0x11, 0x11, 0x11, 0x11, 0x11, 0x11,
    0x11, 0x11, 0x11, 0x11, 0x11, 0x11, 0x11, 0x15, 0x51, 0x16, 0x51, 0x65, 0x15, 0x55, 0x16, 0x15,
    0x15, 0x16, 0x51, 0x11, 0x11, 0x11, 0x11, 0x11, 0x11, 0x11, 0x11, 0x11, 0x11, 0x11, 0x11, 0x11,
    0x11, 0x11, 0x11, 0x11, 0x11, 0x11, 0x11, 0x11, 0x11, 0x11, 0x11, 0x11, 0x11, 0x11, 0x11, 0x51,
    0x65, 0x51, 0x51, 0x51, 0x61, 0x61, 0x51, 0x55, 0x16, 0x51, 0x55, 0x11, 0x11, 0x11, 0x11, 0x11,
    0x11, 0x11, 0x11, 0x11, 0x11, 0x11, 0x11, 0x11, 0x11, 0x11, 0x11, 0x11, 0x11, 0x11, 0x11, 0x11,
    0x11, 0x11, 0x11, 0x11, 0x11, 0x11, 0x15, 0x15, 0x11, 0x61, 0x65, 0x15, 0x51, 0x51, 0x65, 0x16,
    0x51, 0x51, 0x61, 0x11, 0x11, 0x11, 0x11, 0x11, 0x11, 0x11, 0x11, 0x11, 0x11, 0x11, 0x11, 0x11,
    0x11, 0x11, 0x11, 0x11, 0x11, 0x11, 0x11, 0x11, 0x11, 0x11, 0x11, 0x11, 0x11, 0x11, 0x11, 0x61,
    0x56, 0x15, 0x15, 0x61, 0x65, 0x15, 0x15, 0x61, 0x51, 0x65, 0x11, 0x11, 0x11, 0x11, 0x11, 0x11,
    0x11, 0x11, 0x11, 0x11, 0x11, 0x11, 0x11, 0x11, 0x11, 0x11, 0x11, 0x11, 0x11, 0x11, 0x11, 0x11,
    0x11, 0x11, 0x11, 0x11, 0x11, 0x11, 0x55, 0x15, 0x51, 0x55, 0x61, 0x51, 0x51, 0x65, 0x61, 0x51,
    0x55, 0x15, 0x11, 0x11, 0x11, 0x11, 0x11, 0x11, 0x11, 0x11, 0x11, 0x11, 0x11, 0x11, 0x11, 0x11,
    0x11, 0x11, 0x11, 0x11, 0x11, 0x11, 0x11, 0x11, 0x11, 0x11, 0x11, 0x11, 0x11, 0x11, 0x15, 0x61,
    0x65, 0x15, 0x15, 0x16, 0x15, 0x15, 0x15, 0x16, 0x16, 0x15, 0x11, 0x11, 0x11, 0x11, 0x11, 0x11,
    0x11, 0x11, 0x11, 0x11, 0x11, 0x11, 0x11, 0x11, 0x11, 0x11, 0x11, 0x11, 0x11, 0x11, 0x11, 0x11,
    0x11, 0x11, 0x11, 0x11, 0x11, 0x15, 0x51, 0x51, 0x51, 0x61, 0x56, 0x15, 0x56, 0x15, 0x16, 0x51,
    0x55, 0x15, 0x11, 0x11, 0x11, 0x11, 0x11, 0x11, 0x11, 0x11, 0x11, 0x11, 0x11, 0x11, 0x11, 0x11,
    0x11, 0x11, 0x11, 0x11, 0x11, 0x11, 0x11, 0x11, 0x11, 0x11, 0x11, 0x11, 0x11, 0x11, 0x61, 0x56,
    0x15, 0x51, 0x61, 0x51, 0x51, 0x56, 0x15, 0x15, 0x16, 0x51, 0x11, 0x11, 0x11, 0x11, 0x11, 0x11,
    0x11, 0x11, 0x11, 0x11, 0x11, 0x11, 0x11, 0x11, 0x11, 0x11, 0x11, 0x11, 0x11, 0x11, 0x11, 0x11,
    0x11, 0x11, 0x11, 0x11, 0x11, 0x51, 0x55, 0x15, 0x16, 0x15, 0x15, 0x56, 0x15, 0x15, 0x51, 0x65,
    0x51, 0x51, 0x11, 0x11, 0x11, 0x11, 0x11, 0x11, 0x11, 0x11, 0x11, 0x11, 0x11, 0x11, 0x11, 0x11,
    0x11, 0x11, 0x11, 0x11, 0x11, 0x11, 0x11, 0x11, 0x11, 0x11, 0x11, 0x11, 0x11, 0x55, 0x16, 0x16,
    0x51, 0x56, 0x51, 0x61, 0x56, 0x16, 0x15, 0x15, 0x16, 0x15, 0x11, 0x11, 0x11, 0x11, 0x11, 0x11,
    0x11, 0x11, 0x11, 0x11, 0x11, 0x11, 0x11, 0x11, 0x11, 0x11, 0x11, 0x11, 0x11, 0x11, 0x11, 0x11,
    0x11, 0x11, 0x11, 0x11, 0x11, 0x16, 0x15, 0x51, 0x55, 0x11, 0x51, 0x51, 0x51, 0x51, 0x56, 0x16,
    0x15, 0x51, 0x11, 0x11, 0x11, 0x11, 0x11, 0x11, 0x11, 0x11, 0x11, 0x11, 0x11, 0x11, 0x11, 0x11,
    0x11, 0x11, 0x11, 0x11, 0x11, 0x11, 0x11, 0x11, 0x11, 0x11, 0x11, 0x11, 0x15, 0x15, 0x51, 0x61,
    0x51, 0x65, 0x16, 0x51, 0x65, 0x16, 0x15, 0x51, 0x51, 0x56, 0x11, 0x11, 0x11, 0x11, 0x11, 0x11,
    0x11, 0x11, 0x11, 0x11, 0x11, 0x11, 0x11, 0x11, 0x11, 0x11, 0x11, 0x11, 0x11, 0x11, 0x11, 0x11,
    0x11, 0x11, 0x11, 0x11, 0x15, 0x16, 0x15, 0x15, 0x61, 0x51, 0x61, 0x55, 0x15, 0x51, 0x51, 0x65,
    0x16, 0x15, 0x11, 0x11, 0x11, 0x11, 0x11, 0x11, 0x11, 0x11, 0x11, 0x11, 0x11, 0x11, 0x11, 0x11,
    0x11, 0x11, 0x11, 0x11, 0x11, 0x11, 0x11, 0x11, 0x11, 0x11, 0x11, 0x11, 0x15, 0x15, 0x51, 0x61,
    0x55, 0x16, 0x55, 0x16, 0x16, 0x15, 0x65, 0x15, 0x51, 0x51, 0x11, 0x11, 0x11, 0x11, 0x11, 0x11,
    0x11, 0x11, 0x11, 0x11, 0x11, 0x11, 0x11, 0x11, 0x11, 0x11, 0x11, 0x11, 0x11, 0x11, 0x11, 0x11,
    0x11, 0x11, 0x11, 0x11, 0x15, 0x61, 0x65, 0x15, 0x16, 0x51, 0x51, 0x61, 0x55, 0x15, 0x15, 0x16,
    0x15, 0x56, 0x11, 0x11, 0x11, 0x11, 0x11, 0x11, 0x11, 0x11, 0x11, 0x11, 0x11, 0x11, 0x11, 0x11,
    0x11, 0x11, 0x11, 0x11, 0x11, 0x11, 0x11, 0x11, 0x11, 0x11, 0x11, 0x11, 0x11, 0x51, 0x51, 0x56,
    0x15, 0x15, 0x16, 0x51, 0x51, 0x65, 0x16, 0x51, 0x51, 0x61, 0x11, 0x11, 0x11, 0x11, 0x11, 0x11,
    0x11, 0x11, 0x11, 0x11, 0x11, 0x11, 0x11, 0x11, 0x11, 0x11, 0x11, 0x11, 0x11, 0x11, 0x11, 0x11,
    0x11, 0x11, 0x11, 0x11, 0x15, 0x15, 0x16, 0x15, 0x51, 0x65, 0x15, 0x15, 0x61, 0x51, 0x61, 0x51,
    0x65, 0x15, 0x11, 0x11, 0x11, 0x11, 0x11, 0x11, 0x11, 0x11, 0x11, 0x11, 0x11, 0x11, 0x11, 0x11,
    0x11, 0x11, 0x11, 0x11, 0x11, 0x11, 0x11, 0x11, 0x11, 0x11, 0x11, 0x11, 0x51, 0x65, 0x51, 0x51,
    0x65, 0x15, 0x61, 0x51, 0x55, 0x16, 0x51, 0x56, 0x15, 0x15, 0x11, 0x11, 0x11, 0x11, 0x11, 0x11,
    0x11, 0x11, 0x11, 0x11, 0x11, 0x11, 0x11, 0x11, 0x11, 0x11, 0x11, 0x11, 0x11, 0x11, 0x11, 0x11,
    0x11, 0x11, 0x11, 0x11, 0x51, 0x51, 0x65, 0x16, 0x15, 0x15, 0x15, 0x61, 0x61, 0x51, 0x55, 0x15,
    0x16, 0x51, 0x51, 0x11, 0x11, 0x11, 0x11, 0x11, 0x11, 0x11, 0x11, 0x11, 0x11, 0x11, 0x11, 0x11,
    0x11, 0x11, 0x11, 0x11, 0x11, 0x11, 0x11, 0x11, 0x11, 0x11, 0x11, 0x11, 0x51, 0x61, 0x51, 0x55,
    0x16, 0x51, 0x61, 0x55, 0x15, 0x61, 0x51, 0x61, 0x51, 0x56, 0x11, 0x11, 0x11, 0x11, 0x11, 0x11,
    0x11, 0x11, 0x11, 0x11, 0x11, 0x11, 0x11, 0x11, 0x11, 0x11, 0x11, 0x11, 0x11, 0x11, 0x11, 0x11,
    0x11, 0x11, 0x11, 0x11, 0x51, 0x55, 0x16, 0x15, 0x51, 0x56, 0x15, 0x16, 0x51, 0x55, 0x16, 0x55,
    0x16, 0x15, 0x51, 0x11, 0x11, 0x11, 0x11, 0x11, 0x11, 0x11, 0x11, 0x11, 0x11, 0x11, 0x11, 0x11,
    0x11, 0x11, 0x11, 0x11, 0x11, 0x11, 0x11, 0x11, 0x11, 0x11, 0x11, 0x11, 0x51, 0x61, 0x55, 0x16,
    0x16, 0x15, 0x51, 0x51, 0x51, 0x61, 0x61, 0x51, 0x25, 0x15, 0x15, 0x11, 0x11, 0x11, 0x11, 0x11,
    0x11, 0x11, 0x11, 0x11, 0x11, 0x11, 0x11, 0x11, 0x11, 0x11, 0x11, 0x11, 0x11, 0x11, 0x11, 0x11,
    0x11, 0x11, 0x11, 0x11, 0x51, 0x55, 0x16, 0x51, 0x55, 0x15, 0x16, 0x51, 0x65, 0x15, 0x51, 0x25,
    0x15, 0x51, 0x61, 0x11, 0x11, 0x11, 0x11, 0x11, 0x11, 0x11, 0x11, 0x11, 0x11, 0x11, 0x11, 0x11,
    0x11, 0x11, 0x11, 0x11, 0x11, 0x11, 0x11, 0x11, 0x11, 0x11, 0x11, 0x11, 0x15, 0x16, 0x15, 0x15,
    0x16, 0x16, 0x51, 0x56, 0x15, 0x16, 0x15, 0x15, 0x16, 0x15, 0x55, 0x11, 0x11, 0x11, 0x11, 0x11,
    0x11, 0x11, 0x11, 0x11, 0x11, 0x11, 0x11, 0x11, 0x11, 0x11, 0x11, 0x11, 0x11, 0x11, 0x11, 0x11,
    0x11, 0x11, 0x11, 0x11, 0x15, 0x15, 0x51, 0x65, 0x15, 0x51, 0x51, 0x61, 0x51, 0x55, 0x16, 0x51,
    0x51, 0x51, 0x61, 0x55, 0x11, 0x11, 0x11, 0x11, 0x11, 0x11, 0x11, 0x11, 0x11, 0x11, 0x11, 0x11,
    0x11, 0x11, 0x11, 0x11, 0x11, 0x11, 0x11, 0x11, 0x11, 0x11, 0x11, 0x11, 0x15, 0x16, 0x15, 0x16,
    0x51, 0x61, 0x56, 0x15, 0x56, 0x16, 0x51, 0x56, 0x16, 0x51, 0x56, 0x15, 0x11, 0x11, 0x11, 0x11,
    0x11, 0x11, 0x11, 0x11, 0x11, 0x11, 0x11, 0x11, 0x11, 0x11, 0x11, 0x11, 0x11, 0x11, 0x11, 0x11,
    0x11, 0x11, 0x11, 0x11, 0x15, 0x15, 0x61, 0x51, 0x51, 0x55, 0x15, 0x15, 0x15, 0x15, 0x15, 0x15,
    0x51, 0x56, 0x15, 0x15, 0x11, 0x11, 0x11, 0x11, 0x11, 0x11, 0x11, 0x11, 0x11, 0x11, 0x11, 0x11,
    0x11, 0x11, 0x11, 0x11, 0x11, 0x11, 0x11, 0x11, 0x11, 0x11, 0x11, 0x11, 0x15, 0x15, 0x15, 0x61,
    0x65, 0x16, 0x15, 0x61, 0x61, 0x51, 0x65, 0x16, 0x15, 0x15, 0x15, 0x61, 0x55, 0x11, 0x11, 0x11,
    0x11, 0x11, 0x11, 0x11, 0x11, 0x11, 0x11, 0x11, 0x11, 0x11, 0x11, 0x11, 0x11, 0x11, 0x11, 0x11,
    0x11, 0x11, 0x11, 0x11, 0x15, 0x16, 0x51, 0x55, 0x15, 0x15, 0x61, 0x51, 0x55, 0x21, 0x51, 0x61,
    0x56, 0x16, 0x51, 0x51, 0x61, 0x51, 0x11, 0x11, 0x11, 0x11, 0x11, 0x11, 0x11, 0x11, 0x11, 0x11,
    0x11, 0x11, 0x11, 0x11, 0x11, 0x11, 0x11, 0x11, 0x11, 0x11, 0x11, 0x11, 0x11, 0x51, 0x56, 0x15,
    0x16, 0x51, 0x51, 0x56, 0x15, 0x15, 0x61, 0x55, 0x15, 0x51, 0x51, 0x65, 0x15, 0x15, 0x11, 0x11,
    0x11, 0x11, 0x11, 0x11, 0x11, 0x11, 0x11, 0x11, 0x11, 0x11, 0x11, 0x11, 0x11, 0x11, 0x11, 0x11,
    0x11, 0x11, 0x11, 0x11, 0x11, 0x51, 0x61, 0x51, 0x61, 0x51, 0x65, 0x15, 0x16, 0x15, 0x15, 0x16,
    0x15, 0x16, 0x15, 0x15, 0x61, 0x65, 0x15, 0x11, 0x11, 0x11, 0x11, 0x11, 0x11, 0x11, 0x11, 0x11,
    0x11, 0x11, 0x11, 0x11, 0x11, 0x11, 0x11, 0x11, 0x11, 0x11, 0x11, 0x11, 0x11, 0x51, 0x51, 0x65,
    0x15, 0x61, 0x51, 0x65, 0x15, 0x51, 0x65, 0x15, 0x51, 0x65, 0x16, 0x51, 0x55, 0x15, 0x15, 0x11,
    0x11, 0x11, 0x11, 0x11, 0x11, 0x11, 0x11, 0x11, 0x11, 0x11, 0x11, 0x11, 0x11, 0x11, 0x11, 0x11,
    0x11, 0x11, 0x11, 0x11, 0x11, 0x15, 0x15, 0x15, 0x51, 0x55, 0x15, 0x15, 0x61, 0x65, 0x15, 0x61,
    0x65, 0x15, 0x51, 0x51, 0x61, 0x51, 0x65, 0x51, 0x51, 0x11, 0x11, 0x11, 0x11, 0x11, 0x11, 0x11,
    0x11, 0x11, 0x11, 0x51, 0x11, 0x11, 0x11, 0x11, 0x11, 0x11, 0x11, 0x11, 0x11, 0x15, 0x61, 0x51,
    0x61, 0x61, 0x65, 0x16, 0x15, 0x15, 0x15, 0x15, 0x15, 0x16, 0x15, 0x61, 0x55, 0x16, 0x15, 0x16,
    0x15, 0x15, 0x11, 0x11, 0x11, 0x11, 0x11, 0x11, 0x11, 0x15, 0x15, 0x11, 0x11, 0x11, 0x11, 0x11,
    0x11, 0x11, 0x11, 0x11, 0x11, 0x11, 0x15, 0x65, 0x15, 0x51, 0x51, 0x55, 0x15, 0x51, 0x65, 0x16,
    0x51, 0x51, 0x51, 0x55, 0x16, 0x51, 0x56, 0x15, 0x51, 0x51, 0x55, 0x15, 0x11, 0x11, 0x11, 0x15,
    0x15, 0x15, 0x51, 0x11, 0x11, 0x11, 0x11, 0x11, 0x11, 0x11, 0x11, 0x11, 0x11, 0x11, 0x51, 0x51,
    0x61, 0x56, 0x16, 0x15, 0x61, 0x61, 0x51, 0x61, 0x56, 0x16, 0x51, 0x61, 0x51, 0x56, 0x15, 0x51,
    0x65, 0x61, 0x51, 0x61, 0x51, 0x51, 0x51, 0x51, 0x55, 0x16, 0x15, 0x11, 0x11, 0x11, 0x11, 0x11,
    0x11, 0x11, 0x11, 0x11, 0x11, 0x11, 0x15, 0x15, 0x51, 0x51, 0x55, 0x15, 0x15, 0x15, 0x61, 0x55,
    0x15, 0x51, 0x56, 0x15, 0x61, 0x51, 0x51, 0x61, 0x51, 0x51, 0x65, 0x15, 0x55, 0x16, 0x55, 0x16,
    0x16, 0x51, 0x51, 0x11, 0x11, 0x11, 0x11, 0x11, 0x11, 0x11, 0x11, 0x11, 0x11, 0x11, 0x15, 0x16,
    0x16, 0x51, 0x61, 0x56, 0x12, 0x51, 0x55, 0x16, 0x15, 0x16, 0x15, 0x15, 0x15, 0x16, 0x51, 0x55,
    0x16, 0x15, 0x15, 0x51, 0x61, 0x51, 0x51, 0x65, 0x15, 0x15, 0x11, 0x11, 0x11, 0x11, 0x11, 0x11,
    0x11, 0x11, 0x11, 0x11, 0x11, 0x11, 0x11, 0x51, 0x51, 0x55, 0x15, 0x15, 0x51, 0x51, 0x61, 0x51,
    0x56, 0x15, 0x51, 0x65, 0x16, 0x51, 0x51, 0x61, 0x55, 0x16, 0x51, 0x61, 0x51, 0x65, 0x16, 0x15,
    0x51, 0x65, 0x11, 0x11, 0x11, 0x11, 0x11, 0x11, 0x11, 0x11, 0x11, 0x11, 0x11, 0x11, 0x11, 0x15,
    0x51, 0x61, 0x65, 0x16, 0x15, 0x61, 0x55, 0x16, 0x15, 0x51, 0x21, 0x51, 0x51, 0x51, 0x65, 0x15,
    0x16, 0x51, 0x51, 0x55, 0x16, 0x15, 0x51, 0x51, 0x65, 0x11, 0x11, 0x11, 0x11, 0x11, 0x11, 0x11,
    0x11, 0x11, 0x11, 0x11, 0x11, 0x11, 0x11, 0x11, 0x15, 0x51, 0x51, 0x65, 0x15, 0x15, 0x16, 0x51,
    0x51, 0x21, 0x55, 0x16, 0x56, 0x15, 0x15, 0x61, 0x51, 0x51, 0x65, 0x16, 0x51, 0x51, 0x65, 0x16,
    0x15, 0x11, 0x11, 0x11, 0x11, 0x11, 0x11, 0x11, 0x11, 0x11, 0x11, 0x11, 0x11, 0x11, 0x11, 0x11,
    0x51, 0x65, 0x15, 0x15, 0x61, 0x56, 0x15, 0x15, 0x61, 0x55, 0x16, 0x51, 0x51, 0x56, 0x15, 0x15,
    0x61, 0x65, 0x15, 0x15, 0x16, 0x55, 0x15, 0x51, 0x55, 0x11, 0x11, 0x11, 0x11, 0x11, 0x11, 0x11,
    0x11, 0x11, 0x11, 0x11, 0x11, 0x11, 0x11, 0x11, 0x15, 0x15, 0x61, 0x51, 0x51, 0x51, 0x56, 0x15,
    0x15, 0x16, 0x15, 0x15, 0x16, 0x15, 0x51, 0x61, 0x55, 0x15, 0x16, 0x51, 0x61, 0x51, 0x61, 0x61,
    0x51, 0x11, 0x11, 0x11, 0x11, 0x11, 0x11, 0x11, 0x11, 0x11, 0x11, 0x11, 0x11, 0x11, 0x11, 0x11,
    0x11, 0x51, 0x51, 0x65, 0x16, 0x51, 0x61, 0x56, 0x16, 0x51, 0x55, 0x16, 0x51, 0x51, 0x65, 0x15,
    0x16, 0x15, 0x61, 0x55, 0x15, 0x16, 0x15, 0x15, 0x11, 0x11, 0x11, 0x11, 0x11, 0x11, 0x11, 0x11,
    0x11, 0x11, 0x11, 0x11, 0x11, 0x11, 0x11, 0x11, 0x11, 0x15, 0x15, 0x16, 0x51, 0x56, 0x15, 0x15,
    0x51, 0x55, 0x16, 0x51, 0x56, 0x15, 0x15, 0x61, 0x55, 0x15, 0x15, 0x16, 0x51, 0x65, 0x51, 0x51,
    0x11, 0x11, 0x11, 0x11, 0x11, 0x11, 0x11, 0x11, 0x11, 0x11, 0x11, 0x11, 0x11, 0x11, 0x11, 0x11,
    0x11, 0x11, 0x15, 0x51, 0x51, 0x61, 0x55, 0x16, 0x15, 0x16, 0x15, 0x16, 0x15, 0x51, 0x61, 0x55,
    0x16, 0x51, 0x65, 0x15, 0x16, 0x15, 0x15, 0x11, 0x11, 0x11, 0x11, 0x11, 0x11, 0x11, 0x11, 0x11,
    0x11, 0x11, 0x11, 0x11, 0x11, 0x11, 0x11, 0x11, 0x11, 0x11, 0x11, 0x15, 0x61, 0x55, 0x16, 0x51,
    0x56, 0x15, 0x51, 0x61, 0x51, 0x65, 0x15, 0x12, 0x15, 0x15, 0x15, 0x61, 0x55, 0x15, 0x61, 0x11,
    0x11, 0x11, 0x11, 0x11, 0x11, 0x11, 0x11, 0x11, 0x11, 0x11, 0x11, 0x11, 0x11, 0x11, 0x11, 0x11,
    0x11, 0x11, 0x11, 0x11, 0x51, 0x51, 0x61, 0x51, 0x51, 0x51, 0x65, 0x15, 0x51, 0x51, 0x52, 0x15,
    0x51, 0x65, 0x16, 0x15, 0x15, 0x61, 0x11, 0x11, 0x11, 0x11, 0x11, 0x11, 0x11, 0x11, 0x11, 0x11,
    0x11, 0x11, 0x11, 0x11, 0x11, 0x11, 0x11, 0x11, 0x11, 0x11, 0x11, 0x11, 0x15, 0x15, 0x51, 0x25,
    0x16, 0x51, 0x51, 0x51, 0x65, 0x16, 0x15, 0x51, 0x65, 0x15, 0x61, 0x55, 0x11, 0x11, 0x11, 0x11,
    0x11, 0x11, 0x11, 0x11, 0x11, 0x11, 0x11, 0x11, 0x11, 0x11, 0x11, 0x11, 0x11, 0x11, 0x11, 0x11,
    0x11, 0x11, 0x11, 0x11, 0x11, 0x11, 0x55, 0x15, 0x61, 0x56, 0x16, 0x55, 0x16, 0x15, 0x51, 0x61,
    0x51, 0x61, 0x51, 0x51, 0x11, 0x11, 0x11, 0x11, 0x11, 0x11, 0x11, 0x11, 0x11, 0x11, 0x11, 0x11,
    0x11, 0x11, 0x11, 0x11, 0x11, 0x11, 0x11, 0x11, 0x11, 0x11, 0x11, 0x11, 0x11, 0x11, 0x11, 0x61,
    0x51, 0x51, 0x51, 0x51, 0x61, 0x51, 0x61, 0x55, 0x15, 0x15, 0x11, 0x11, 0x11, 0x11, 0x11, 0x11,
    0x11, 0x11, 0x11, 0x11, 0x11, 0x11, 0x11, 0x11, 0x11, 0x11, 0x11, 0x11, 0x11, 0x11, 0x11, 0x11,
    0x11, 0x11, 0x11, 0x11, 0x11, 0x11, 0x11, 0x11, 0x51, 0x65, 0x15, 0x15, 0x15, 0x51, 0x55, 0x15,
    0x61, 0x51, 0x11, 0x11, 0x11, 0x11, 0x11, 0x11, 0x11, 0x11, 0x11, 0x11, 0x11, 0x11, 0x11, 0x11,
    0x11, 0x11, 0x11, 0x11, 0x11, 0x11, 0x11, 0x11, 0x11, 0x11, 0x11, 0x11, 0x11, 0x11, 0x11, 0x11,
    0x11, 0x11, 0x15, 0x61, 0x56, 0x15, 0x16, 0x11, 0x11, 0x11, 0x11, 0x11, 0x11, 0x11, 0x11, 0x11,
    0x11, 0x11, 0x11, 0x11, 0x11, 0x11, 0x11, 0x11, 0x11, 0x11, 0x11, 0x11, 0x11, 0x11, 0x11, 0x11,
    0x11, 0x11, 0x11, 0x11, 0x11, 0x11, 0x11, 0x11, 0x11, 0x11, 0x11, 0x11, 0x11, 0x11, 0x11, 0x11,
    0x11, 0x11, 0x11, 0x11, 0x11, 0x11, 0x11, 0x11, 0x11, 0x11, 0x11, 0x11, 0x11, 0x11, 0x11, 0x11,
    0x11, 0x11, 0x11, 0x11, 0x11, 0x11, 0x11, 0x11, 0x11, 0x11, 0x11, 0x11, 0x11, 0x11, 0x11, 0x11,
    0x11, 0x11, 0x11, 0x11, 0x11, 0x11, 0x11, 0x11, 0x11, 0x11, 0x11, 0x11, 0x11, 0x11, 0x11, 0x11,
    0x11, 0x11, 0x11, 0x11, 0x11, 0x11, 0x11, 0x11, 0x11, 0x11, 0x11, 0x11, 0x11, 0x11, 0x11, 0x11,
    0x11, 0x11, 0x11, 0x11, 0x11, 0x11, 0x11, 0x11, 0x11, 0x11, 0x11, 0x11, 0x11, 0x11, 0x11, 0x11,
    0x11, 0x11, 0x11, 0x11, 0x11, 0x11, 0x11, 0x11, 0x11, 0x11, 0x11, 0x11, 0x11, 0x11, 0x11, 0x11,
    0x11, 0x11, 0x11, 0x11, 0x11, 0x11, 0x11, 0x11, 0x11, 0x11, 0x11, 0x11, 0x11, 0x11, 0x11, 0x11,
    0x11, 0x11, 0x11, 0x11, 0x11, 0x11, 0x11, 0x11, 0x11, 0x11, 0x11, 0x11, 0x11, 0x11, 0x11, 0x11,
    0x11, 0x11, 0x11, 0x11, 0x11, 0x11, 0x11, 0x11, 0x11, 0x11, 0x11, 0x11, 0x11, 0x11, 0x11, 0x11,
    0x11, 0x11, 0x11, 0x11, 0x11, 0x11, 0x11, 0x11, 0x11, 0x11, 0x11, 0x11, 0x11, 0x11, 0x11, 0x11,
    0x11, 0x11, 0x11, 0x11, 0x11, 0x11, 0x11, 0x11, 0x11, 0x11, 0x11, 0x11, 0x11, 0x11, 0x11, 0x11,
    0x11, 0x11, 0x11, 0x11, 0x11, 0x11, 0x11, 0x11, 0x11, 0x11, 0x11, 0x11, 0x11, 0x11, 0x11, 0x11,
    0x11, 0x11, 0x11, 0x11, 0x11, 0x11, 0x11, 0x11, 0x11, 0x11, 0x11, 0x11, 0x11, 0x11, 0x11, 0x11,
    0x11, 0x11, 0x11, 0x11, 0x11, 0x11, 0x11, 0x11, 0x11, 0x11, 0x11, 0x11, 0x11, 0x11, 0x11, 0x11,
    0x11, 0x11, 0x11, 0x11, 0x11, 0x11, 0x11, 0x11, 0x11, 0x11, 0x11, 0x11, 0x11, 0x11, 0x11, 0x11,
    0x11, 0x11, 0x11, 0x11, 0x11, 0x11, 0x11, 0x11, 0x11, 0x11, 0x11, 0x11, 0x11, 0x11, 0x11, 0x11,
};

// Auto-generated icon: wx_022d (80x80)
// Each byte holds 2 pixels (high nibble first)
#define ICON_WX_022D_W 80
#define ICON_WX_022D_H 80
static const uint8_t PROGMEM icon_wx_022d[] = {
    0x11, 0x11, 0x11, 0x11, 0x11, 0x11, 0x11, 0x11, 0x11, 0x11, 0x11, 0x11, 0x11, 0x11, 0x11, 0x11,
    0x11, 0x11, 0x11, 0x11, 0x11, 0x11, 0x11, 0x11, 0x11, 0x11, 0x11, 0x11, 0x11, 0x11, 0x11, 0x11,
    0x11, 0x11, 0x11, 0x11, 0x11, 0x11, 0x11, 0x11, 0x11, 0x11, 0x11, 0x11, 0x11, 0x11, 0x11, 0x11,
    0x11, 0x11, 0x11, 0x11, 0x11, 0x11, 0x11, 0x11, 0x11, 0x11, 0x11, 0x11, 0x11, 0x11, 0x11, 0x11,
    0x11, 0x11, 0x11, 0x11, 0x11, 0x11, 0x11, 0x11, 0x11, 0x11, 0x11, 0x11, 0x11, 0x11, 0x11, 0x11,
    0x11, 0x11, 0x11, 0x11, 0x11, 0x11, 0x11, 0x11, 0x11, 0x11, 0x13, 0x11, 0x11, 0x11, 0x11, 0x11,
    0x11, 0x11, 0x11, 0x11, 0x11, 0x11, 0x11, 0x11, 0x11, 0x11, 0x11, 0x11, 0x11, 0x11, 0x11, 0x11,
    0x11, 0x11, 0x11, 0x11, 0x11, 0x11, 0x11, 0x11, 0x11, 0x11, 0x11, 0x11, 0x11, 0x11, 0x11, 0x11,
    0x13, 0x13, 0x11, 0x13, 0x11, 0x11, 0x11, 0x11, 0x11, 0x11, 0x11, 0x11, 0x11, 0x11, 0x11, 0x11,
    0x11, 0x11, 0x11, 0x11, 0x11, 0x11, 0x11, 0x11, 0x11, 0x11, 0x11, 0x11, 0x11, 0x11, 0x11, 0x11,
    0x11, 0x11, 0x11, 0x11, 0x11, 0x11, 0x11, 0x11, 0x11, 0x11, 0x12, 0x11, 0x13, 0x11, 0x11, 0x11,
    0x11, 0x11, 0x11, 0x11, 0x11, 0x11, 0x11, 0x11, 0x11, 0x11, 0x11, 0x11, 0x11, 0x11, 0x11, 0x11,
    0x11, 0x11, 0x11, 0x11, 0x11, 0x11, 0x11, 0x11, 0x11, 0x11, 0x11, 0x11, 0x11, 0x11, 0x11, 0x31,
    0x31, 0x21, 0x11, 0x13, 0x11, 0x13, 0x11, 0x11, 0x11, 0x11, 0x11, 0x11, 0x11, 0x11, 0x11, 0x11,
    0x11, 0x11, 0x11, 0x11, 0x11, 0x11, 0x11, 0x11, 0x11, 0x11, 0x11, 0x11, 0x11, 0x11, 0x11, 0x11,
    0x11, 0x11, 0x11, 0x11, 0x11, 0x11, 0x11, 0x11, 0x11, 0x11, 0x31, 0x11, 0x12, 0x11, 0x11, 0x11,
    0x11, 0x11, 0x11, 0x11, 0x11, 0x11, 0x11, 0x11, 0x11, 0x11, 0x11, 0x11, 0x11, 0x11, 0x11, 0x11,
    0x11, 0x11, 0x11, 0x11, 0x11, 0x11, 0x11, 0x11, 0x11, 0x11, 0x11, 0x11, 0x11, 0x11, 0x13, 0x12,
    0x13, 0x11, 0x11, 0x21, 0x11, 0x11, 0x31, 0x11, 0x11, 0x11, 0x11, 0x11, 0x11, 0x11, 0x11, 0x11,
    0x11, 0x11, 0x11, 0x11, 0x11, 0x11, 0x11, 0x11, 0x11, 0x11, 0x11, 0x11, 0x11, 0x11, 0x11, 0x11,
    0x11, 0x11, 0x11, 0x11, 0x11, 0x11, 0x11, 0x11, 0x11, 0x13, 0x11, 0x13, 0x11, 0x31, 0x11, 0x11,
    0x11, 0x11, 0x15, 0x65, 0x65, 0x65, 0x61, 0x11, 0x11, 0x11, 0x11, 0x11, 0x11, 0x11, 0x11, 0x11,
    0x11, 0x11, 0x11, 0x11, 0x11, 0x11, 0x11, 0x11, 0x11, 0x11, 0x11, 0x11, 0x11, 0x31, 0x31, 0x31,
    0x13, 0x11, 0x13, 0x11, 0x11, 0x11, 0x21, 0x31, 0x65, 0x65, 0x65, 0x65, 0x56, 0x55, 0x56, 0x56,
    0x51, 0x11, 0x11, 0x11, 0x11, 0x11, 0x11, 0x11, 0x11, 0x11, 0x11, 0x11, 0x11, 0x11, 0x11, 0x11,
    0x11, 0x11, 0x11, 0x13, 0x11, 0x11, 0x11, 0x12, 0x11, 0x21, 0x11, 0x12, 0x13, 0x11, 0x11, 0x11,
    0x56, 0x56, 0x56, 0x56, 0x56, 0x56, 0x56, 0x55, 0x65, 0x56, 0x11, 0x11, 0x11, 0x11, 0x11, 0x11,
    0x11, 0x11, 0x11, 0x11, 0x11, 0x11, 0x11, 0x11, 0x11, 0x11, 0x13, 0x11, 0x21, 0x31, 0x21, 0x11,
    0x11, 0x13, 0x12, 0x11, 0x11, 0x13, 0x11, 0x13, 0x56, 0x56, 0x56, 0x56, 0x56, 0x56, 0x56, 0x56,
    0x56, 0x55, 0x56, 0x51, 0x11, 0x11, 0x11, 0x11, 0x11, 0x11, 0x11, 0x11, 0x11, 0x11, 0x11, 0x11,
    0x11, 0x13, 0x11, 0x21, 0x13, 0x11, 0x13, 0x13, 0x13, 0x11, 0x11, 0x13, 0x11, 0x11, 0x13, 0x11,
    0x11, 0x16, 0x56, 0x16, 0x56, 0x56, 0x56, 0x56, 0x56, 0x56, 0x56, 0x55, 0x11, 0x11, 0x11, 0x11,
    0x11, 0x11, 0x11, 0x11, 0x11, 0x11, 0x11, 0x11, 0x11, 0x11, 0x21, 0x13, 0x11, 0x21, 0x11, 0x11,
    0x11, 0x12, 0x13, 0x11, 0x12, 0x13, 0x11, 0x11, 0x31, 0x11, 0x65, 0x65, 0x65, 0x61, 0x65, 0x65,
    0x56, 0x56, 0x55, 0x65, 0x65, 0x11, 0x11, 0x11, 0x11, 0x11, 0x11, 0x11, 0x11, 0x11, 0x11, 0x11,
    0x11, 0x31, 0x13, 0x11, 0x13, 0x13, 0x13, 0x12, 0x13, 0x11, 0x11, 0x12, 0x11, 0x11, 0x12, 0x11,
    0x11, 0x21, 0x12, 0x56, 0x56, 0x56, 0x55, 0x65, 0x65, 0x65, 0x65, 0x65, 0x56, 0x55, 0x11, 0x11,
    0x11, 0x11, 0x11, 0x11, 0x11, 0x11, 0x11, 0x11, 0x11, 0x13, 0x11, 0x21, 0x11, 0x11, 0x11, 0x11,
    0x11, 0x13, 0x11, 0x31, 0x13, 0x11, 0x11, 0x31, 0x21, 0x11, 0x11, 0x65, 0x61, 0x65, 0x65, 0x65,
    0x61, 0x56, 0x56, 0x56, 0x56, 0x56, 0x51, 0x11, 0x11, 0x11, 0x11, 0x11, 0x11, 0x11, 0x11, 0x11,
    0x13, 0x11, 0x21, 0x13, 0x13, 0x12, 0x13, 0x13, 0x12, 0x11, 0x12, 0x11, 0x11, 0x13, 0x11, 0x11,
    0x11, 0x31, 0x31, 0x16, 0x56, 0x56, 0x56, 0x51, 0x65, 0x65, 0x65, 0x56, 0x55, 0x65, 0x56, 0x11,
    0x11, 0x11, 0x11, 0x11, 0x11, 0x11, 0x11, 0x11, 0x11, 0x21, 0x13, 0x11, 0x12, 0x11, 0x11, 0x11,
    0x11, 0x31, 0x11, 0x31, 0x31, 0x11, 0x21, 0x13, 0x11, 0x11, 0x11, 0x21, 0x65, 0x65, 0x65, 0x65,
    0x65, 0x65, 0x56, 0x56, 0x56, 0x56, 0x55, 0x51, 0x11, 0x11, 0x11, 0x11, 0x11, 0x11, 0x11, 0x11,
    0x31, 0x13, 0x11, 0x21, 0x31, 0x13, 0x12, 0x13, 0x11, 0x11, 0x31, 0x11, 0x12, 0x11, 0x13, 0x11,
    0x11, 0x21, 0x11, 0x16, 0x56, 0x56, 0x56, 0x56, 0x56, 0x56, 0x56, 0x56, 0x55, 0x65, 0x65, 0x65,
    0x11, 0x11, 0x11, 0x11, 0x11, 0x11, 0x11, 0x11, 0x13, 0x11, 0x21, 0x31, 0x11, 0x31, 0x13, 0x11,
    0x21, 0x31, 0x12, 0x11, 0x11, 0x31, 0x11, 0x12, 0x13, 0x11, 0x31, 0x12, 0x56, 0x56, 0x16, 0x56,
    0x56, 0x56, 0x56, 0x55, 0x65, 0x65, 0x56, 0x55, 0x61, 0x11, 0x11, 0x11, 0x11, 0x11, 0x11, 0x11,
    0x11, 0x21, 0x31, 0x11, 0x31, 0x12, 0x11, 0x13, 0x11, 0x12, 0x11, 0x31, 0x31, 0x11, 0x31, 0x11,
    0x11, 0x11, 0x11, 0x16, 0x56, 0x16, 0x55, 0x65, 0x65, 0x56, 0x55, 0x65, 0x65, 0x56, 0x56, 0x56,
    0x55, 0x11, 0x11, 0x11, 0x11, 0x11, 0x11, 0x11, 0x11, 0x31, 0x11, 0x31, 0x12, 0x11, 0x31, 0x11,
    0x13, 0x11, 0x31, 0x11, 0x11, 0x21, 0x11, 0x31, 0x13, 0x11, 0x31, 0x12, 0x16, 0x56, 0x56, 0x56,
    0x56, 0x56, 0x16, 0x56, 0x56, 0x56, 0x55, 0x65, 0x65, 0x11, 0x11, 0x11, 0x11, 0x11, 0x11, 0x11,
    0x11, 0x13, 0x12, 0x12, 0x11, 0x31, 0x12, 0x13, 0x11, 0x11, 0x11, 0x21, 0x31, 0x11, 0x31, 0x12,
    0x11, 0x12, 0x11, 0x35, 0x65, 0x65, 0x65, 0x65, 0x61, 0x65, 0x65, 0x65, 0x61, 0x65, 0x65, 0x56,
    0x55, 0x61, 0x11, 0x11, 0x11, 0x11, 0x11, 0x11, 0x11, 0x11, 0x13, 0x11, 0x31, 0x12, 0x11, 0x31,
    0x21, 0x31, 0x21, 0x11, 0x11, 0x31, 0x12, 0x11, 0x13, 0x11, 0x11, 0x55, 0x65, 0x65, 0x65, 0x61,
    0x65, 0x65, 0x65, 0x65, 0x56, 0x55, 0x65, 0x65, 0x65, 0x56, 0x11, 0x11, 0x11, 0x11, 0x11, 0x11,
    0x11, 0x13, 0x11, 0x31, 0x12, 0x11, 0x31, 0x11, 0x11, 0x11, 0x31, 0x31, 0x21, 0x11, 0x11, 0x31,
    0x11, 0x13, 0x12, 0x16, 0x56, 0x56, 0x56, 0x56, 0x56, 0x56, 0x55, 0x65, 0x65, 0x65, 0x65, 0x56,
    0x56, 0x55, 0x11, 0x11, 0x11, 0x11, 0x11, 0x11, 0x11, 0x11, 0x21, 0x12, 0x13, 0x11, 0x12, 0x13,
    0x13, 0x12, 0x11, 0x11, 0x13, 0x12, 0x11, 0x11, 0x31, 0x11, 0x12, 0x56, 0x56, 0x56, 0x16, 0x56,
    0x55, 0x65, 0x65, 0x65, 0x65, 0x56, 0x56, 0x55, 0x65, 0x65, 0x61, 0x11, 0x11, 0x11, 0x11, 0x11,
    0x11, 0x11, 0x13, 0x11, 0x11, 0x13, 0x11, 0x31, 0x11, 0x11, 0x31, 0x31, 0x11, 0x11, 0x31, 0x31,
    0x11, 0x21, 0x25, 0x65, 0x65, 0x65, 0x65, 0x65, 0x65, 0x65, 0x65, 0x65, 0x56, 0x56, 0x55, 0x65,
    0x65, 0x56, 0x51, 0x11, 0x11, 0x11, 0x11, 0x11, 0x11, 0x11, 0x11, 0x11, 0x31, 0x21, 0x21, 0x12,
    0x12, 0x31, 0x21, 0x12, 0x12, 0x12, 0x11, 0x21, 0x21, 0x65, 0x65, 0x66, 0x16, 0x56, 0x56, 0x56,
    0x56, 0x56, 0x56, 0x16, 0x56, 0x56, 0x56, 0x56, 0x56, 0x55, 0x56, 0x11, 0x11, 0x11, 0x11, 0x11,
    0x11, 0x11, 0x11, 0x11, 0x11, 0x16, 0x16, 0x65, 0x65, 0x56, 0x56, 0x56, 0x65, 0x66, 0x56, 0x55,
    0x65, 0x66, 0x56, 0x16, 0x56, 0x56, 0x16, 0x56, 0x16, 0x56, 0x15, 0x65, 0x65, 0x65, 0x65, 0x65,
    0x55, 0x66, 0x55, 0x11, 0x11, 0x11, 0x11, 0x11, 0x11, 0x11, 0x11, 0x11, 0x11, 0x65, 0x66, 0x56,
    0x16, 0x65, 0x65, 0x61, 0x66, 0x16, 0x56, 0x65, 0x66, 0x16, 0x56, 0x56, 0x56, 0x56, 0x56, 0x56,
    0x56, 0x56, 0x56, 0x56, 0x56, 0x51, 0x65, 0x56, 0x65, 0x55, 0x65, 0x61, 0x11, 0x11, 0x11, 0x11,
    0x11, 0x11, 0x11, 0x11, 0x11, 0x66, 0x16, 0x66, 0x66, 0x16, 0x61, 0x66, 0x56, 0x56, 0x61, 0x65,
    0x16, 0x56, 0x56, 0x65, 0x65, 0x65, 0x65, 0x65, 0x65, 0x65, 0x65, 0x65, 0x65, 0x65, 0x65, 0x65,
    0x56, 0x65, 0x65, 0x51, 0x11, 0x11, 0x11, 0x11, 0x11, 0x11, 0x11, 0x11, 0x11, 0x56, 0x65, 0x16,
    0x56, 0x65, 0x66, 0x56, 0x56, 0x61, 0x65, 0x66, 0x65, 0x65, 0x61, 0x65, 0x61, 0x66, 0x16, 0x56,
    0x56, 0x56, 0x56, 0x56, 0x55, 0x65, 0x56, 0x56, 0x55, 0x56, 0x56, 0x51, 0x11, 0x11, 0x11, 0x11,
    0x11, 0x11, 0x11, 0x11, 0x16, 0x16, 0x66, 0x66, 0x16, 0x56, 0x16, 0x61, 0x61, 0x65, 0x66, 0x56,
    0x56, 0x61, 0x65, 0x65, 0x66, 0x56, 0x56, 0x56, 0x16, 0x56, 0x16, 0x55, 0x65, 0x65, 0x65, 0x65,
    0x61, 0x65, 0x56, 0x55, 0x11, 0x11, 0x11, 0x11, 0x11, 0x11, 0x11, 0x11, 0x16, 0x65, 0x16, 0x56,
    0x66, 0x16, 0x65, 0x66, 0x65, 0x66, 0x56, 0x16, 0x51, 0x66, 0x56, 0x65, 0x65, 0x65, 0x65, 0x65,
    0x65, 0x65, 0x65, 0x65, 0x61, 0x65, 0x65, 0x56, 0x56, 0x56, 0x55, 0x65, 0x11, 0x11, 0x11, 0x11,
    0x11, 0x11, 0x11, 0x11, 0x16, 0x56, 0x66, 0x16, 0x16, 0x65, 0x61, 0x65, 0x66, 0x56, 0x16, 0x65,
    0x66, 0x56, 0x56, 0x56, 0x16, 0x56, 0x16, 0x56, 0x56, 0x56, 0x56, 0x56, 0x56, 0x56, 0x56, 0x56,
    0x55, 0x65, 0x65, 0x65, 0x11, 0x11, 0x11, 0x11, 0x11, 0x11, 0x11, 0x11, 0x16, 0x16, 0x61, 0x66,
    0x65, 0x66, 0x66, 0x56, 0x16, 0x65, 0x65, 0x66, 0x56, 0x56, 0x61, 0x65, 0x65, 0x65, 0x65, 0x65,
    0x61, 0x65, 0x65, 0x65, 0x65, 0x65, 0x56, 0x15, 0x65, 0x65, 0x56, 0x56, 0x11, 0x11, 0x11, 0x11,
    0x11, 0x11, 0x11, 0x11, 0x16, 0x66, 0x56, 0x65, 0x61, 0x61, 0x65, 0x66, 0x65, 0x16, 0x65, 0x61,
    0x66, 0x16, 0x56, 0x56, 0x56, 0x16, 0x56, 0x56, 0x56, 0x56, 0x56, 0x16, 0x56, 0x56, 0x56, 0x56,
    0x56, 0x56, 0x56, 0x55, 0x11, 0x11, 0x11, 0x11, 0x11, 0x11, 0x11, 0x11, 0x15, 0x61, 0x66, 0x16,
    0x66, 0x56, 0x61, 0x61, 0x66, 0x65, 0x61, 0x66, 0x56, 0x56, 0x56, 0x61, 0x66, 0x56, 0x65, 0x61,
    0x65, 0x65, 0x65, 0x65, 0x56, 0x56, 0x56, 0x56, 0x55, 0x65, 0x65, 0x65, 0x11, 0x11, 0x11, 0x11,
    0x11, 0x11, 0x11, 0x11, 0x16, 0x66, 0x16, 0x65, 0x61, 0x66, 0x56, 0x65, 0x65, 0x61, 0x66, 0x56,
    0x56, 0x61, 0x65, 0x65, 0x65, 0x65, 0x61, 0x65, 0x65, 0x61, 0x65, 0x65, 0x65, 0x61, 0x65, 0x65,
    0x65, 0x65, 0x55, 0x65, 0x11, 0x11, 0x11, 0x11, 0x11, 0x11, 0x11, 0x11, 0x15, 0x16, 0x65, 0x61,
    0x66, 0x56, 0x16, 0x65, 0x61, 0x66, 0x56, 0x61, 0x65, 0x65, 0x66, 0x56, 0x56, 0x16, 0x56, 0x56,
    0x56, 0x56, 0x56, 0x56, 0x56, 0x56, 0x55, 0x65, 0x65, 0x56, 0x65, 0x55, 0x11, 0x11, 0x11, 0x11,
    0x11, 0x11, 0x11, 0x11, 0x16, 0x66, 0x61, 0x66, 0x66, 0x16, 0x65, 0x61, 0x66, 0x56, 0x61, 0x65,
    0x66, 0x16, 0x56, 0x16, 0x65, 0x65, 0x65, 0x66, 0x56, 0x56, 0x56, 0x56, 0x16, 0x55, 0x65, 0x65,
    0x56, 0x55, 0x65, 0x65, 0x11, 0x11, 0x11, 0x11, 0x11, 0x11, 0x11, 0x11, 0x16, 0x16, 0x56, 0x65,
    0x65, 0x66, 0x61, 0x66, 0x65, 0x61, 0x65, 0x66, 0x56, 0x65, 0x66, 0x56, 0x16, 0x65, 0x66, 0x56,
    0x16, 0x56, 0x56, 0x16, 0x56, 0x56, 0x56, 0x56, 0x16, 0x65, 0x61, 0x65, 0x11, 0x11, 0x11, 0x11,
    0x11, 0x11, 0x11, 0x11, 0x16, 0x65, 0x61, 0x66, 0x16, 0x61, 0x66, 0x56, 0x56, 0x66, 0x56, 0x56,
    0x16, 0x56, 0x16, 0x56, 0x56, 0x56, 0x16, 0x56, 0x56, 0x56, 0x16, 0x56, 0x56, 0x56, 0x56, 0x16,
    0x55, 0x65, 0x56, 0x55, 0x11, 0x11, 0x11, 0x11, 0x11, 0x11, 0x11, 0x11, 0x15, 0x61, 0x66, 0x66,
    0x61, 0x66, 0x56, 0x61, 0x61, 0x65, 0x66, 0x16, 0x65, 0x66, 0x56, 0x65, 0x65, 0x65, 0x65, 0x65,
    0x65, 0x65, 0x65, 0x65, 0x65, 0x65, 0x65, 0x65, 0x65, 0x65, 0x65, 0x65, 0x11, 0x11, 0x11, 0x11,
    0x11, 0x11, 0x11, 0x11, 0x16, 0x66, 0x61, 0x61, 0x66, 0x56, 0x61, 0x66, 0x66, 0x56, 0x16, 0x65,
    0x66, 0x16, 0x65, 0x16, 0x61, 0x66, 0x56, 0x16, 0x56, 0x16, 0x56, 0x56, 0x56, 0x56, 0x16, 0x56,
    0x56, 0x56, 0x56, 0x56, 0x11, 0x11, 0x11, 0x11, 0x11, 0x11, 0x11, 0x11, 0x16, 0x16, 0x66, 0x66,
    0x56, 0x61, 0x66, 0x56, 0x56, 0x16, 0x65, 0x66, 0x16, 0x56, 0x56, 0x65, 0x66, 0x56, 0x16, 0x65,
    0x65, 0x66, 0x56, 0x56, 0x56, 0x16, 0x55, 0x65, 0x65, 0x56, 0x55, 0x65, 0x11, 0x11, 0x11, 0x11,
    0x11, 0x11, 0x11, 0x11, 0x16, 0x56, 0x16, 0x56, 0x16, 0x66, 0x56, 0x16, 0x16, 0x66, 0x56, 0x16,
    0x65, 0x65, 0x61, 0x66, 0x56, 0x16, 0x56, 0x56, 0x56, 0x56, 0x56, 0x16, 0x56, 0x56, 0x56, 0x56,
    0x56, 0x56, 0x56, 0x56, 0x11, 0x11, 0x11, 0x11, 0x11, 0x11, 0x11, 0x11, 0x16, 0x16, 0x65, 0x61,
    0x66, 0x16, 0x66, 0x66, 0x65, 0x61, 0x66, 0x65, 0x66, 0x16, 0x66, 0x56, 0x16, 0x56, 0x65, 0x65,
    0x61, 0x65, 0x65, 0x65, 0x61, 0x61, 0x11, 0x11, 0x16, 0x56, 0x55, 0x56, 0x11, 0x11, 0x11, 0x11,
    0x11, 0x11, 0x11, 0x11, 0x11, 0x66, 0x56, 0x16, 0x66, 0x65, 0x16, 0x51, 0x66, 0x66, 0x56, 0x16,
    0x56, 0x65, 0x65, 0x65, 0x65, 0x65, 0x65, 0x61, 0x66, 0x56, 0x16, 0x56, 0x11, 0x11, 0x31, 0x13,
    0x11, 0x16, 0x56, 0x11, 0x11, 0x11, 0x11, 0x11, 0x11, 0x11, 0x11, 0x11, 0x11, 0x65, 0x16, 0x66,
    0x61, 0x66, 0x66, 0x66, 0x56, 0x16, 0x56, 0x65, 0x61, 0x65, 0x61, 0x66, 0x56, 0x65, 0x61, 0x66,
    0x56, 0x56, 0x56, 0x11, 0x13, 0x11, 0x11, 0x11, 0x11, 0x11, 0x16, 0x51, 0x11, 0x11, 0x11, 0x11,
    0x11, 0x11, 0x11, 0x11, 0x11, 0x66, 0x66, 0x61, 0x66, 0x56, 0x16, 0x16, 0x61, 0x66, 0x16, 0x56,
    0x66, 0x56, 0x65, 0x61, 0x65, 0x16, 0x65, 0x65, 0x65, 0x65, 0x61, 0x21, 0x11, 0x21, 0x31, 0x21,
    0x31, 0x31, 0x12, 0x51, 0x11, 0x11, 0x11, 0x11, 0x11, 0x11, 0x11, 0x11, 0x11, 0x16, 0x16, 0x66,
    0x56, 0x16, 0x65, 0x65, 0x66, 0x56, 0x66, 0x16, 0x56, 0x16, 0x16, 0x65, 0x66, 0x65, 0x65, 0x65,
    0x61, 0x66, 0x11, 0x13, 0x11, 0x11, 0x11, 0x11, 0x11, 0x11, 0x11, 0x11, 0x11, 0x11, 0x11, 0x11,
    0x11, 0x11, 0x11, 0x11, 0x11, 0x16, 0x65, 0x16, 0x61, 0x66, 0x66, 0x16, 0x61, 0x65, 0x65, 0x66,
    0x16, 0x66, 0x56, 0x56, 0x16, 0x56, 0x16, 0x61, 0x66, 0x56, 0x13, 0x11, 0x13, 0x11, 0x31, 0x13,
    0x11, 0x21, 0x31, 0x11, 0x11, 0x11, 0x11, 0x11, 0x11, 0x11, 0x11, 0x11, 0x11, 0x16, 0x16, 0x66,
    0x66, 0x61, 0x65, 0x66, 0x56, 0x61, 0x66, 0x16, 0x65, 0x65, 0x66, 0x16, 0x65, 0x66, 0x56, 0x56,
    0x56, 0x51, 0x11, 0x21, 0x11, 0x21, 0x11, 0x11, 0x21, 0x11, 0x11, 0x11, 0x11, 0x11, 0x11, 0x11,
    0x11, 0x11, 0x11, 0x11, 0x11, 0x11, 0x66, 0x51, 0x61, 0x66, 0x56, 0x16, 0x61, 0x66, 0x65, 0x66,
    0x56, 0x16, 0x56, 0x65, 0x66, 0x16, 0x56, 0x65, 0x61, 0x62, 0x13, 0x11, 0x31, 0x11, 0x31, 0x21,
    0x11, 0x31, 0x13, 0x11, 0x11, 0x11, 0x11, 0x11, 0x11, 0x11, 0x11, 0x11, 0x11, 0x11, 0x61, 0x66,
    0x66, 0x56, 0x16, 0x66, 0x66, 0x56, 0x16, 0x61, 0x66, 0x66, 0x16, 0x56, 0x16, 0x56, 0x61, 0x11,
    0x31, 0x11, 0x11, 0x11, 0x11, 0x31, 0x11, 0x11, 0x31, 0x11, 0x11, 0x11, 0x11, 0x11, 0x11, 0x11,
    0x11, 0x11, 0x11, 0x11, 0x11, 0x11, 0x16, 0x65, 0x61, 0x66, 0x66, 0x16, 0x16, 0x66, 0x65, 0x66,
    0x56, 0x16, 0x65, 0x66, 0x56, 0x65, 0x12, 0x13, 0x11, 0x31, 0x31, 0x31, 0x21, 0x11, 0x21, 0x31,
    0x11, 0x13, 0x12, 0x11, 0x11, 0x11, 0x11, 0x11, 0x11, 0x11, 0x11, 0x11, 0x11, 0x11, 0x11, 0x61,
    0x66, 0x61, 0x66, 0x66, 0x56, 0x16, 0x51, 0x66, 0x16, 0x56, 0x56, 0x16, 0x65, 0x61, 0x31, 0x11,
    0x21, 0x11, 0x11, 0x11, 0x13, 0x11, 0x11, 0x11, 0x13, 0x11, 0x11, 0x13, 0x11, 0x11, 0x11, 0x11,
    0x11, 0x11, 0x11, 0x11, 0x11, 0x11, 0x11, 0x66, 0x61, 0x66, 0x56, 0x16, 0x66, 0x56, 0x66, 0x65,
    0x66, 0x65, 0x66, 0x65, 0x61, 0x21, 0x13, 0x13, 0x11, 0x31, 0x21, 0x31, 0x11, 0x13, 0x11, 0x31,
    0x11, 0x21, 0x13, 0x11, 0x11, 0x11, 0x11, 0x11, 0x11, 0x11, 0x11, 0x11, 0x11, 0x11, 0x11, 0x15,
    0x66, 0x56, 0x16, 0x65, 0x16, 0x61, 0x61, 0x66, 0x16, 0x56, 0x16, 0x51, 0x66, 0x13, 0x11, 0x11,
    0x13, 0x11, 0x11, 0x12, 0x13, 0x11, 0x21, 0x11, 0x21, 0x11, 0x11, 0x11, 0x31, 0x11, 0x11, 0x11,
    0x11, 0x11, 0x11, 0x11, 0x11, 0x11, 0x11, 0x11, 0x61, 0x66, 0x66, 0x16, 0x66, 0x66, 0x66, 0x56,
    0x65, 0x61, 0x66, 0x66, 0x51, 0x31, 0x21, 0x31, 0x21, 0x13, 0x13, 0x11, 0x11, 0x21, 0x11, 0x31,
    0x11, 0x31, 0x13, 0x11, 0x11, 0x11, 0x11, 0x11, 0x11, 0x11, 0x11, 0x11, 0x11, 0x11, 0x11, 0x11,
    0x16, 0x61, 0x66, 0x66, 0x51, 0x61, 0x65, 0x61, 0x66, 0x66, 0x56, 0x16, 0x61, 0x11, 0x31, 0x11,
    0x13, 0x11, 0x11, 0x13, 0x11, 0x13, 0x11, 0x11, 0x31, 0x11, 0x11, 0x21, 0x12, 0x13, 0x11, 0x11,
    0x11, 0x11, 0x11, 0x11, 0x11, 0x11, 0x11, 0x11, 0x11, 0x66, 0x51, 0x66, 0x66, 0x65, 0x61, 0x66,
    0x51, 0x65, 0x66, 0x56, 0x13, 0x11, 0x12, 0x13, 0x11, 0x21, 0x21, 0x11, 0x21, 0x11, 0x13, 0x11,
    0x11, 0x21, 0x31, 0x11, 0x31, 0x11, 0x11, 0x11, 0x11, 0x11, 0x11, 0x11, 0x11, 0x11, 0x11, 0x11,
    0x11, 0x15, 0x66, 0x61, 0x61, 0x66, 0x66, 0x65, 0x66, 0x61, 0x61, 0x66, 0x12, 0x13, 0x11, 0x31,
    0x21, 0x13, 0x13, 0x11, 0x31, 0x31, 0x11, 0x21, 0x31, 0x11, 0x11, 0x31, 0x11, 0x13, 0x11, 0x31,
    0x11, 0x11, 0x11, 0x11, 0x11, 0x11, 0x11, 0x11, 0x11, 0x11, 0x61, 0x66, 0x56, 0x61, 0x65, 0x16,
    0x61, 0x66, 0x66, 0x56, 0x13, 0x11, 0x31, 0x11, 0x13, 0x11, 0x11, 0x21, 0x11, 0x12, 0x11, 0x11,
    0x11, 0x31, 0x11, 0x11, 0x21, 0x11, 0x12, 0x11, 0x11, 0x11, 0x11, 0x11, 0x11, 0x11, 0x11, 0x11,
    0x11, 0x11, 0x16, 0x56, 0x61, 0x66, 0x56, 0x66, 0x16, 0x65, 0x65, 0x66, 0x11, 0x21, 0x12, 0x13,
    0x11, 0x13, 0x11, 0x13, 0x12, 0x11, 0x31, 0x31, 0x21, 0x11, 0x21, 0x31, 0x13, 0x11, 0x11, 0x11,
    0x11, 0x11, 0x11, 0x11, 0x11, 0x11, 0x11, 0x11, 0x11, 0x11, 0x11, 0x61, 0x66, 0x56, 0x16, 0x61,
    0x66, 0x56, 0x16, 0x16, 0x21, 0x31, 0x13, 0x11, 0x21, 0x31, 0x21, 0x31, 0x11, 0x31, 0x11, 0x11,
    0x11, 0x31, 0x11, 0x11, 0x11, 0x13, 0x13, 0x11, 0x11, 0x11, 0x11, 0x11, 0x11, 0x11, 0x11, 0x11,
    0x11, 0x11, 0x11, 0x11, 0x65, 0x66, 0x66, 0x16, 0x65, 0x61, 0x66, 0x65, 0x61, 0x13, 0x11, 0x21,
    0x31, 0x11, 0x31, 0x11, 0x31, 0x11, 0x31, 0x21, 0x31, 0x11, 0x31, 0x13, 0x12, 0x11, 0x11, 0x11,
    0x11, 0x11, 0x11, 0x11, 0x11, 0x11, 0x11, 0x11, 0x11, 0x11, 0x11, 0x11, 0x11, 0x61, 0x66, 0x65,
    0x61, 0x66, 0x65, 0x66, 0x53, 0x11, 0x21, 0x31, 0x11, 0x31, 0x11, 0x31, 0x12, 0x11, 0x11, 0x11,
    0x11, 0x21, 0x11, 0x21, 0x11, 0x13, 0x11, 0x21, 0x11, 0x11, 0x11, 0x11, 0x11, 0x11, 0x11, 0x11,
    0x11, 0x11, 0x11, 0x11, 0x11, 0x11, 0x51, 0x66, 0x66, 0x65, 0x61, 0x61, 0x65, 0x31, 0x11, 0x13,
    0x12, 0x11, 0x31, 0x21, 0x11, 0x31, 0x21, 0x31, 0x31, 0x13, 0x11, 0x13, 0x13, 0x11, 0x21, 0x11,
    0x11, 0x11, 0x11, 0x11, 0x11, 0x11, 0x11, 0x11, 0x11, 0x11, 0x11, 0x11, 0x11, 0x11, 0x11, 0x61,
    0x61, 0x61, 0x66, 0x66, 0x56, 0x53, 0x13, 0x11, 0x11, 0x31, 0x21, 0x13, 0x11, 0x11, 0x31, 0x11,
    0x11, 0x11, 0x13, 0x11, 0x11, 0x11, 0x11, 0x11, 0x11, 0x11, 0x11, 0x11, 0x11, 0x11, 0x11, 0x11,
    0x11, 0x11, 0x11, 0x11, 0x11, 0x11, 0x11, 0x11, 0x11, 0x66, 0x56, 0x56, 0x16, 0x55, 0x11, 0x21,
    0x31, 0x11, 0x13, 0x11, 0x21, 0x31, 0x11, 0x31, 0x21, 0x31, 0x21, 0x12, 0x11, 0x31, 0x31, 0x11,
    0x11, 0x11, 0x11, 0x11, 0x11, 0x11, 0x11, 0x11, 0x11, 0x11, 0x11, 0x11, 0x11, 0x11, 0x11, 0x11,
    0x11, 0x11, 0x11, 0x11, 0x11, 0x11, 0x13, 0x11, 0x13, 0x13, 0x11, 0x11, 0x31, 0x11, 0x31, 0x11,
    0x11, 0x11, 0x11, 0x11, 0x31, 0x11, 0x11, 0x11, 0x11, 0x11, 0x11, 0x11, 0x11, 0x11, 0x11, 0x11,
    0x11, 0x11, 0x11, 0x11, 0x11, 0x11, 0x11, 0x11, 0x11, 0x11, 0x11, 0x11, 0x11, 0x11, 0x11, 0x11,
    0x12, 0x11, 0x21, 0x31, 0x11, 0x31, 0x12, 0x13, 0x13, 0x13, 0x13, 0x11, 0x11, 0x11, 0x11, 0x11,
    0x11, 0x11, 0x11, 0x11, 0x11, 0x11, 0x11, 0x11, 0x11, 0x11, 0x11, 0x11, 0x11, 0x11, 0x11, 0x11,
    0x11, 0x11, 0x11, 0x11, 0x11, 0x11, 0x11, 0x11, 0x11, 0x11, 0x11, 0x11, 0x11, 0x11, 0x11, 0x11,
    0x11, 0x11, 0x11, 0x11, 0x11, 0x11, 0x11, 0x11, 0x11, 0x11, 0x11, 0x11, 0x11, 0x11, 0x11, 0x11,
    0x11, 0x11, 0x11, 0x11, 0x11, 0x11, 0x11, 0x11, 0x11, 0x11, 0x11, 0x11, 0x11, 0x11, 0x11, 0x11,
    0x11, 0x11, 0x11, 0x11, 0x11, 0x11, 0x11, 0x11, 0x11, 0x11, 0x11, 0x11, 0x11, 0x11, 0x11, 0x11,
    0x11, 0x11, 0x11, 0x11, 0x11, 0x11, 0x11, 0x11, 0x11, 0x11, 0x11, 0x11, 0x11, 0x11, 0x11, 0x11,
    0x11, 0x11, 0x11, 0x11, 0x11, 0x11, 0x11, 0x11, 0x11, 0x11, 0x11, 0x11, 0x11, 0x11, 0x11, 0x11,
    0x11, 0x11, 0x11, 0x11, 0x11, 0x11, 0x11, 0x11, 0x11, 0x11, 0x11, 0x11, 0x11, 0x11, 0x11, 0x11,
    0x11, 0x11, 0x11, 0x11, 0x11, 0x11, 0x11, 0x11, 0x11, 0x11, 0x11, 0x11, 0x11, 0x11, 0x11, 0x11,
    0x11, 0x11, 0x11, 0x11, 0x11, 0x11, 0x11, 0x11, 0x11, 0x11, 0x11, 0x11, 0x11, 0x11, 0x11, 0x11,
    0x11, 0x11, 0x11, 0x11, 0x11, 0x11, 0x11, 0x11, 0x11, 0x11, 0x11, 0x11, 0x11, 0x11, 0x11, 0x11,
    0x11, 0x11, 0x11, 0x11, 0x11, 0x11, 0x11, 0x11, 0x11, 0x11, 0x11, 0x11, 0x11, 0x11, 0x11, 0x11,
    0x11, 0x11, 0x11, 0x11, 0x11, 0x11, 0x11, 0x11, 0x11, 0x11, 0x11, 0x11, 0x11, 0x11, 0x11, 0x11,
    0x11, 0x11, 0x11, 0x11, 0x11, 0x11, 0x11, 0x11, 0x11, 0x11, 0x11, 0x11, 0x11, 0x11, 0x11, 0x11,
    0x11, 0x11, 0x11, 0x11, 0x11, 0x11, 0x11, 0x11, 0x11, 0x11, 0x11, 0x11, 0x11, 0x11, 0x11, 0x11,
};

// Auto-generated icon: wx_022n (80x80)
// Each byte holds 2 pixels (high nibble first)
#define ICON_WX_022N_W 80
#define ICON_WX_022N_H 80
static const uint8_t PROGMEM icon_wx_022n[] = {
    0x11, 0x11, 0x11, 0x11, 0x11, 0x11, 0x11, 0x11, 0x11, 0x11, 0x11, 0x11, 0x11, 0x11, 0x11, 0x11,
    0x11, 0x11, 0x11, 0x11, 0x11, 0x11, 0x11, 0x11, 0x11, 0x11, 0x11, 0x11, 0x11, 0x11, 0x11, 0x11,
    0x11, 0x11, 0x11, 0x11, 0x11, 0x11, 0x11, 0x11, 0x11, 0x11, 0x11, 0x11, 0x11, 0x11, 0x11, 0x11,
    0x11, 0x11, 0x11, 0x11, 0x11, 0x11, 0x11, 0x11, 0x11, 0x11, 0x11, 0x11, 0x11, 0x11, 0x11, 0x11,
    0x11, 0x11, 0x11, 0x11, 0x11, 0x11, 0x11, 0x11, 0x11, 0x11, 0x11, 0x11, 0x11, 0x11, 0x11, 0x11,
    0x11, 0x11, 0x11, 0x11, 0x11, 0x11, 0x11, 0x11, 0x11, 0x11, 0x13, 0x11, 0x11, 0x11, 0x11, 0x11,
    0x11, 0x11, 0x11, 0x11, 0x11, 0x11, 0x11, 0x11, 0x11, 0x11, 0x11, 0x11, 0x11, 0x11, 0x11, 0x11,
    0x11, 0x11, 0x11, 0x11, 0x11, 0x11, 0x11, 0x11, 0x11, 0x11, 0x11, 0x11, 0x11, 0x11, 0x11, 0x11,
    0x13, 0x13, 0x11, 0x13, 0x11, 0x11, 0x11, 0x11, 0x11, 0x11, 0x11, 0x11, 0x11, 0x11, 0x11, 0x11,
    0x11, 0x11, 0x11, 0x11, 0x11, 0x11, 0x11, 0x11, 0x11, 0x11, 0x11, 0x11, 0x11, 0x11, 0x11, 0x11,
    0x11, 0x11, 0x11, 0x11, 0x11, 0x11, 0x11, 0x11, 0x11, 0x11, 0x12, 0x11, 0x13, 0x11, 0x11, 0x11,
    0x11, 0x11, 0x11, 0x11, 0x11, 0x11, 0x11, 0x11, 0x11, 0x11, 0x11, 0x11, 0x11, 0x11, 0x11, 0x11,
    0x11, 0x11, 0x11, 0x11, 0x11, 0x11, 0x11, 0x11, 0x11, 0x11, 0x11, 0x11, 0x11, 0x11, 0x11, 0x31,
    0x31, 0x21, 0x11, 0x13, 0x11, 0x13, 0x11, 0x11, 0x11, 0x11, 0x11, 0x11, 0x11, 0x11, 0x11, 0x11,
    0x11, 0x11, 0x11, 0x11, 0x11, 0x11, 0x11, 0x11, 0x11, 0x11, 0x11, 0x11, 0x11, 0x11, 0x11, 0x11,
    0x11, 0x11, 0x11, 0x11, 0x11, 0x11, 0x11, 0x11, 0x11, 0x11, 0x31, 0x11, 0x12, 0x11, 0x11, 0x11,
    0x11, 0x11, 0x11, 0x11, 0x11, 0x11, 0x11, 0x11, 0x11, 0x11, 0x11, 0x11, 0x11, 0x11, 0x11, 0x11,
    0x11, 0x11, 0x11, 0x11, 0x11, 0x11, 0x11, 0x11, 0x11, 0x11, 0x11, 0x11, 0x11, 0x11, 0x13, 0x12,
    0x13, 0x11, 0x11, 0x21, 0x11, 0x11, 0x31, 0x11, 0x11, 0x11, 0x11, 0x11, 0x11, 0x11, 0x11, 0x11,
    0x11, 0x11, 0x11, 0x11, 0x11, 0x11, 0x11, 0x11, 0x11, 0x11, 0x11, 0x11, 0x11, 0x11, 0x11, 0x11,
    0x11, 0x11, 0x11, 0x11, 0x11, 0x11, 0x11, 0x11, 0x11, 0x13, 0x11, 0x13, 0x11, 0x31, 0x11, 0x11,
    0x11, 0x15, 0x15, 0x51, 0x55, 0x15, 0x51, 0x51, 0x11, 0x11, 0x11, 0x11, 0x11, 0x11, 0x11, 0x11,
    0x11, 0x11, 0x11, 0x11, 0x11, 0x11, 0x11, 0x11, 0x11, 0x11, 0x11, 0x11, 0x11, 0x31, 0x31, 0x31,
    0x13, 0x11, 0x13, 0x11, 0x11, 0x11, 0x21, 0x31, 0x51, 0x51, 0x51, 0x61, 0x51, 0x61, 0x51, 0x65,
    0x15, 0x11, 0x11, 0x11, 0x11, 0x11, 0x11, 0x11, 0x11, 0x11, 0x11, 0x11, 0x11, 0x11, 0x11, 0x11,
    0x11, 0x11, 0x11, 0x13, 0x11, 0x11, 0x11, 0x12, 0x11, 0x21, 0x11, 0x12, 0x13, 0x11, 0x11, 0x11,
    0x21, 0x56, 0x15, 0x51, 0x65, 0x15, 0x61, 0x51, 0x11, 0x11, 0x11, 0x11, 0x11, 0x11, 0x11, 0x11,
    0x11, 0x11, 0x11, 0x11, 0x11, 0x11, 0x11, 0x11, 0x11, 0x11, 0x13, 0x11, 0x21, 0x31, 0x21, 0x11,
    0x11, 0x13, 0x12, 0x11, 0x11, 0x13, 0x11, 0x31, 0x15, 0x15, 0x51, 0x65, 0x15, 0x61, 0x55, 0x11,
    0x11, 0x11, 0x11, 0x11, 0x11, 0x11, 0x11, 0x11, 0x11, 0x11, 0x11, 0x11, 0x11, 0x11, 0x11, 0x11,
    0x11, 0x13, 0x11, 0x21, 0x13, 0x11, 0x13, 0x13, 0x13, 0x11, 0x11, 0x13, 0x11, 0x11, 0x11, 0x11,
    0x12, 0x16, 0x15, 0x15, 0x15, 0x15, 0x11, 0x11, 0x11, 0x11, 0x11, 0x11, 0x11, 0x11, 0x11, 0x11,
    0x11, 0x11, 0x11, 0x11, 0x11, 0x11, 0x11, 0x11, 0x11, 0x11, 0x21, 0x13, 0x11, 0x21, 0x11, 0x11,
    0x11, 0x12, 0x13, 0x11, 0x12, 0x13, 0x12, 0x12, 0x11, 0x11, 0x61, 0x65, 0x16, 0x15, 0x11, 0x11,
    0x11, 0x11, 0x11, 0x11, 0x11, 0x11, 0x11, 0x11, 0x11, 0x11, 0x11, 0x11, 0x11, 0x11, 0x11, 0x11,
    0x11, 0x31, 0x13, 0x11, 0x13, 0x13, 0x13, 0x12, 0x13, 0x11, 0x11, 0x12, 0x11, 0x11, 0x11, 0x11,
    0x13, 0x11, 0x15, 0x15, 0x61, 0x51, 0x11, 0x11, 0x11, 0x11, 0x11, 0x11, 0x11, 0x11, 0x11, 0x11,
    0x11, 0x11, 0x11, 0x11, 0x11, 0x11, 0x11, 0x11, 0x11, 0x13, 0x11, 0x21, 0x11, 0x11, 0x11, 0x11,
    0x11, 0x13, 0x11, 0x31, 0x13, 0x11, 0x31, 0x13, 0x11, 0x13, 0x11, 0x21, 0x51, 0x11, 0x11, 0x11,
    0x11, 0x11, 0x11, 0x11, 0x11, 0x11, 0x11, 0x11, 0x11, 0x11, 0x11, 0x11, 0x11, 0x11, 0x11, 0x11,
    0x13, 0x11, 0x21, 0x13, 0x13, 0x12, 0x13, 0x13, 0x12, 0x11, 0x12, 0x11, 0x11, 0x11, 0x11, 0x11,
    0x12, 0x11, 0x11, 0x15, 0x11, 0x11, 0x11, 0x11, 0x11, 0x11, 0x11, 0x11, 0x11, 0x11, 0x11, 0x11,
    0x11, 0x11, 0x11, 0x11, 0x11, 0x11, 0x11, 0x11, 0x11, 0x21, 0x13, 0x11, 0x12, 0x11, 0x11, 0x11,
    0x11, 0x31, 0x11, 0x31, 0x31, 0x21, 0x31, 0x21, 0x11, 0x13, 0x13, 0x15, 0x11, 0x11, 0x11, 0x11,
    0x11, 0x11, 0x11, 0x11, 0x11, 0x11, 0x11, 0x11, 0x11, 0x11, 0x11, 0x11, 0x11, 0x11, 0x11, 0x11,
    0x31, 0x13, 0x11, 0x21, 0x31, 0x13, 0x12, 0x13, 0x11, 0x11, 0x31, 0x11, 0x11, 0x11, 0x11, 0x13,
    0x13, 0x11, 0x11, 0x11, 0x11, 0x11, 0x11, 0x11, 0x11, 0x11, 0x11, 0x11, 0x11, 0x11, 0x11, 0x11,
    0x11, 0x11, 0x11, 0x11, 0x11, 0x11, 0x11, 0x11, 0x13, 0x11, 0x21, 0x31, 0x11, 0x31, 0x13, 0x11,
    0x21, 0x31, 0x12, 0x11, 0x21, 0x31, 0x13, 0x11, 0x11, 0x11, 0x21, 0x11, 0x11, 0x11, 0x11, 0x11,
    0x11, 0x11, 0x11, 0x11, 0x11, 0x11, 0x11, 0x11, 0x11, 0x11, 0x11, 0x11, 0x11, 0x11, 0x11, 0x11,
    0x11, 0x21, 0x31, 0x11, 0x31, 0x12, 0x11, 0x13, 0x11, 0x12, 0x11, 0x31, 0x11, 0x11, 0x21, 0x11,
    0x21, 0x31, 0x11, 0x31, 0x11, 0x11, 0x11, 0x11, 0x11, 0x11, 0x11, 0x11, 0x11, 0x11, 0x11, 0x11,
    0x11, 0x11, 0x11, 0x11, 0x11, 0x11, 0x11, 0x11, 0x11, 0x31, 0x11, 0x31, 0x12, 0x11, 0x31, 0x11,
    0x13, 0x11, 0x31, 0x11, 0x31, 0x31, 0x11, 0x31, 0x11, 0x11, 0x31, 0x11, 0x11, 0x11, 0x11, 0x11,
    0x11, 0x11, 0x11, 0x11, 0x11, 0x11, 0x11, 0x11, 0x11, 0x11, 0x11, 0x11, 0x11, 0x11, 0x11, 0x11,
    0x11, 0x13, 0x12, 0x12, 0x11, 0x31, 0x12, 0x13, 0x11, 0x11, 0x11, 0x31, 0x11, 0x11, 0x31, 0x11,
    0x31, 0x11, 0x11, 0x11, 0x11, 0x11, 0x11, 0x11, 0x11, 0x11, 0x11, 0x11, 0x11, 0x11, 0x11, 0x11,
    0x11, 0x11, 0x11, 0x11, 0x11, 0x11, 0x11, 0x11, 0x11, 0x11, 0x13, 0x11, 0x31, 0x12, 0x11, 0x31,
    0x21, 0x31, 0x21, 0x12, 0x12, 0x11, 0x12, 0x11, 0x11, 0x31, 0x21, 0x11, 0x11, 0x11, 0x11, 0x11,
    0x11, 0x11, 0x11, 0x11, 0x11, 0x11, 0x11, 0x11, 0x11, 0x11, 0x11, 0x11, 0x11, 0x11, 0x11, 0x11,
    0x11, 0x13, 0x11, 0x31, 0x12, 0x11, 0x31, 0x11, 0x11, 0x11, 0x31, 0x11, 0x13, 0x13, 0x11, 0x31,
    0x21, 0x11, 0x11, 0x11, 0x11, 0x11, 0x11, 0x11, 0x11, 0x11, 0x11, 0x11, 0x11, 0x11, 0x11, 0x11,
    0x11, 0x11, 0x11, 0x11, 0x11, 0x11, 0x11, 0x11, 0x11, 0x11, 0x21, 0x12, 0x13, 0x11, 0x12, 0x13,
    0x13, 0x12, 0x11, 0x31, 0x11, 0x11, 0x11, 0x11, 0x11, 0x31, 0x31, 0x11, 0x11, 0x11, 0x11, 0x11,
    0x11, 0x11, 0x11, 0x11, 0x11, 0x11, 0x11, 0x11, 0x11, 0x11, 0x11, 0x11, 0x11, 0x11, 0x11, 0x11,
    0x11, 0x11, 0x13, 0x11, 0x11, 0x13, 0x13, 0x11, 0x11, 0x11, 0x31, 0x13, 0x12, 0x13, 0x12, 0x13,
    0x11, 0x12, 0x11, 0x11, 0x11, 0x11, 0x11, 0x11, 0x11, 0x11, 0x11, 0x11, 0x11, 0x11, 0x11, 0x11,
    0x11, 0x11, 0x11, 0x11, 0x11, 0x11, 0x11, 0x11, 0x11, 0x11, 0x11, 0x11, 0x31, 0x31, 0x12, 0x12,
    0x12, 0x12, 0x12, 0x11, 0x11, 0x12, 0x11, 0x11, 0x21, 0x21, 0x11, 0x11, 0x11, 0x11, 0x11, 0x11,
    0x11, 0x11, 0x11, 0x11, 0x11, 0x11, 0x11, 0x11, 0x11, 0x11, 0x11, 0x11, 0x11, 0x11, 0x11, 0x11,
    0x11, 0x11, 0x11, 0x11, 0x11, 0x15, 0x51, 0x51, 0x51, 0x51, 0x51, 0x52, 0x52, 0x15, 0x15, 0x25,
    0x15, 0x15, 0x11, 0x11, 0x11, 0x11, 0x11, 0x11, 0x11, 0x11, 0x11, 0x11, 0x11, 0x11, 0x11, 0x11,
    0x11, 0x11, 0x11, 0x11, 0x11, 0x11, 0x11, 0x11, 0x11, 0x11, 0x11, 0x11, 0x11, 0x11, 0x51, 0x51,
    0x61, 0x51, 0x51, 0x51, 0x15, 0x51, 0x51, 0x51, 0x51, 0x55, 0x11, 0x11, 0x11, 0x11, 0x11, 0x11,
    0x11, 0x11, 0x11, 0x11, 0x11, 0x11, 0x11, 0x11, 0x11, 0x11, 0x11, 0x11, 0x11, 0x11, 0x11, 0x11,
    0x11, 0x11, 0x11, 0x11, 0x11, 0x15, 0x16, 0x51, 0x55, 0x16, 0x51, 0x65, 0x51, 0x56, 0x16, 0x51,
    0x65, 0x15, 0x11, 0x11, 0x11, 0x11, 0x11, 0x11, 0x11, 0x11, 0x11, 0x11, 0x11, 0x11, 0x11, 0x11,
    0x11, 0x11, 0x11, 0x11, 0x11, 0x11, 0x11, 0x11, 0x11, 0x11, 0x11, 0x11, 0x11, 0x51, 0x51, 0x56,
    0x16, 0x51, 0x65, 0x15, 0x16, 0x15, 0x51, 0x51, 0x51, 0x51, 0x11, 0x11, 0x11, 0x11, 0x11, 0x11,
    0x11, 0x11, 0x11, 0x11, 0x11, 0x11, 0x11, 0x11, 0x11, 0x11, 0x11, 0x11, 0x11, 0x11, 0x11, 0x11,
    0x11, 0x11, 0x11, 0x11, 0x11, 0x51, 0x65, 0x15, 0x15, 0x15, 0x15, 0x16, 0x15, 0x51, 0x61, 0x56,
    0x16, 0x51, 0x11, 0x11, 0x11, 0x11, 0x11, 0x11, 0x11, 0x11, 0x11, 0x11, 0x11, 0x11, 0x11, 0x11,
    0x11, 0x11, 0x11, 0x11, 0x11, 0x11, 0x11, 0x11, 0x11, 0x11, 0x11, 0x11, 0x11, 0x51, 0x51, 0x65,
    0x16, 0x51, 0x61, 0x55, 0x15, 0x16, 0x15, 0x15, 0x51, 0x56, 0x11, 0x11, 0x11, 0x11, 0x11, 0x11,
    0x11, 0x11, 0x11, 0x11, 0x11, 0x11, 0x11, 0x11, 0x11, 0x11, 0x11, 0x11, 0x11, 0x11, 0x11, 0x11,
    0x11, 0x11, 0x11, 0x11, 0x11, 0x51, 0x65, 0x15, 0x51, 0x51, 0x55, 0x16, 0x51, 0x65, 0x15, 0x61,
    0x51, 0x51, 0x11, 0x11, 0x11, 0x11, 0x11, 0x11, 0x11, 0x11, 0x11, 0x11, 0x11, 0x11, 0x11, 0x11,
    0x11, 0x11, 0x11, 0x11, 0x11, 0x11, 0x11, 0x11, 0x11, 0x11, 0x11, 0x11, 0x15, 0x16, 0x15, 0x16,
    0x16, 0x16, 0x16, 0x51, 0x56, 0x15, 0x51, 0x51, 0x65, 0x16, 0x11, 0x11, 0x11, 0x11, 0x11, 0x11,
    0x11, 0x11, 0x11, 0x11, 0x11, 0x11, 0x11, 0x11, 0x11, 0x11, 0x11, 0x11, 0x11, 0x11, 0x11, 0x11,
    0x11, 0x11, 0x11, 0x11, 0x15, 0x15, 0x51, 0x61, 0x55, 0x51, 0x51, 0x51, 0x61, 0x51, 0x61, 0x65,
    0x15, 0x15, 0x11, 0x11, 0x11, 0x11, 0x11, 0x11, 0x11, 0x11, 0x11, 0x11, 0x11, 0x11, 0x11, 0x11,
    0x11, 0x11, 0x11, 0x11, 0x11, 0x11, 0x11, 0x11, 0x11, 0x11, 0x11, 0x11, 0x15, 0x16, 0x15, 0x55,
    0x11, 0x65, 0x16, 0x51, 0x51, 0x55, 0x15, 0x15, 0x16, 0x51, 0x11, 0x11, 0x11, 0x11, 0x11, 0x11,
    0x11, 0x11, 0x11, 0x11, 0x11, 0x11, 0x11, 0x11, 0x11, 0x11, 0x11, 0x11, 0x11, 0x11, 0x11, 0x11,
    0x11, 0x11, 0x11, 0x11, 0x15, 0x15, 0x51, 0x61, 0x65, 0x15, 0x51, 0x56, 0x15, 0x16, 0x51, 0x65,
    0x15, 0x15, 0x51, 0x11, 0x11, 0x11, 0x11, 0x11, 0x11, 0x11, 0x11, 0x11, 0x11, 0x11, 0x11, 0x11,
    0x11, 0x11, 0x11, 0x11, 0x11, 0x11, 0x11, 0x11, 0x11, 0x11, 0x11, 0x11, 0x15, 0x16, 0x15, 0x15,
    0x15, 0x51, 0x61, 0x51, 0x56, 0x15, 0x16, 0x15, 0x61, 0x61, 0x51, 0x11, 0x11, 0x11, 0x11, 0x11,
    0x11, 0x11, 0x11, 0x11, 0x11, 0x11, 0x11, 0x11, 0x11, 0x11, 0x11, 0x11, 0x11, 0x11, 0x11, 0x11,
    0x11, 0x11, 0x11, 0x11, 0x15, 0x15, 0x61, 0x56, 0x15, 0x16, 0x15, 0x21, 0x51, 0x56, 0x15, 0x51,
    0x55, 0x15, 0x15, 0x11, 0x11, 0x11, 0x11, 0x11, 0x11, 0x11, 0x11, 0x11, 0x11, 0x11, 0x11, 0x11,
    0x11, 0x11, 0x11, 0x11, 0x11, 0x11, 0x11, 0x11, 0x11, 0x11, 0x11, 0x11, 0x15, 0x15, 0x15, 0x15,
    0x51, 0x65, 0x15, 0x15, 0x61, 0x51, 0x51, 0x61, 0x51, 0x65, 0x61, 0x11, 0x11, 0x11, 0x11, 0x11,
    0x11, 0x11, 0x11, 0x11, 0x11, 0x11, 0x11, 0x11, 0x11, 0x11, 0x11, 0x11, 0x11, 0x11, 0x11, 0x11,
    0x11, 0x11, 0x11, 0x11, 0x15, 0x16, 0x56, 0x16, 0x15, 0x15, 0x51, 0x61, 0x55, 0x16, 0x51, 0x55,
    0x16, 0x15, 0x15, 0x51, 0x11, 0x11, 0x11, 0x11, 0x11, 0x11, 0x11, 0x11, 0x11, 0x11, 0x11, 0x11,
    0x11, 0x11, 0x11, 0x11, 0x11, 0x11, 0x11, 0x11, 0x11, 0x11, 0x11, 0x11, 0x15, 0x15, 0x15, 0x15,
    0x51, 0x61, 0x65, 0x15, 0x16, 0x51, 0x56, 0x16, 0x51, 0x51, 0x51, 0x51, 0x11, 0x11, 0x11, 0x11,
    0x11, 0x11, 0x11, 0x11, 0x11, 0x11, 0x11, 0x11, 0x11, 0x11, 0x11, 0x11, 0x11, 0x11, 0x11, 0x11,
    0x11, 0x11, 0x11, 0x11, 0x15, 0x16, 0x15, 0x61, 0x65, 0x15, 0x15, 0x51, 0x61, 0x51, 0x51, 0x51,
    0x55, 0x16, 0x56, 0x15, 0x11, 0x11, 0x11, 0x11, 0x11, 0x11, 0x11, 0x11, 0x11, 0x11, 0x11, 0x11,
    0x11, 0x11, 0x11, 0x11, 0x11, 0x11, 0x11, 0x11, 0x11, 0x11, 0x11, 0x11, 0x11, 0x51, 0x51, 0x51,
    0x51, 0x65, 0x16, 0x15, 0x51, 0x65, 0x16, 0x51, 0x21, 0x51, 0x51, 0x51, 0x51, 0x11, 0x11, 0x11,
    0x11, 0x11, 0x11, 0x11, 0x11, 0x11, 0x11, 0x11, 0x11, 0x11, 0x11, 0x11, 0x11, 0x11, 0x11, 0x11,
    0x11, 0x11, 0x11, 0x11, 0x11, 0x55, 0x61, 0x65, 0x15, 0x15, 0x51, 0x61, 0x55, 0x15, 0x61, 0x51,
    0x55, 0x61, 0x61, 0x56, 0x11, 0x11, 0x11, 0x11, 0x11, 0x11, 0x11, 0x11, 0x11, 0x11, 0x11, 0x11,
    0x11, 0x11, 0x11, 0x11, 0x11, 0x11, 0x11, 0x11, 0x11, 0x11, 0x11, 0x11, 0x11, 0x11, 0x55, 0x15,
    0x61, 0x51, 0x65, 0x15, 0x16, 0x15, 0x15, 0x16, 0x15, 0x15, 0x51, 0x51, 0x55, 0x11, 0x11, 0x11,
    0x11, 0x11, 0x11, 0x11, 0x11, 0x11, 0x11, 0x11, 0x11, 0x11, 0x11, 0x11, 0x11, 0x11, 0x11, 0x11,
    0x11, 0x11, 0x11, 0x11, 0x11, 0x56, 0x15, 0x15, 0x15, 0x61, 0x51, 0x56, 0x15, 0x51, 0x65, 0x15,
    0x51, 0x61, 0x56, 0x16, 0x15, 0x11, 0x11, 0x11, 0x11, 0x11, 0x11, 0x11, 0x11, 0x11, 0x31, 0x11,
    0x11, 0x11, 0x11, 0x11, 0x11, 0x11, 0x11, 0x11, 0x11, 0x11, 0x11, 0x11, 0x11, 0x11, 0x56, 0x16,
    0x51, 0x55, 0x16, 0x15, 0x51, 0x61, 0x51, 0x61, 0x65, 0x15, 0x15, 0x51, 0x56, 0x15, 0x51, 0x11,
    0x11, 0x11, 0x11, 0x11, 0x13, 0x11, 0x11, 0x31, 0x13, 0x11, 0x11, 0x11, 0x11, 0x11, 0x11, 0x11,
    0x11, 0x11, 0x11, 0x11, 0x11, 0x15, 0x15, 0x51, 0x51, 0x61, 0x55, 0x16, 0x15, 0x51, 0x25, 0x15,
    0x15, 0x61, 0x61, 0x56, 0x15, 0x51, 0x51, 0x11, 0x11, 0x11, 0x11, 0x11, 0x11, 0x13, 0x11, 0x12,
    0x11, 0x11, 0x11, 0x11, 0x11, 0x11, 0x11, 0x11, 0x11, 0x11, 0x11, 0x11, 0x11, 0x15, 0x16, 0x15,
    0x16, 0x15, 0x16, 0x51, 0x51, 0x25, 0x15, 0x51, 0x61, 0x55, 0x15, 0x15, 0x15, 0x16, 0x15, 0x51,
    0x11, 0x11, 0x11, 0x31, 0x31, 0x11, 0x21, 0x11, 0x11, 0x31, 0x11, 0x11, 0x11, 0x11, 0x11, 0x11,
    0x11, 0x11, 0x11, 0x11, 0x11, 0x11, 0x51, 0x56, 0x15, 0x56, 0x15, 0x12, 0x51, 0x51, 0x51, 0x65,
    0x15, 0x16, 0x51, 0x65, 0x16, 0x51, 0x51, 0x65, 0x15, 0x11, 0x11, 0x11, 0x12, 0x11, 0x11, 0x31,
    0x31, 0x11, 0x31, 0x11, 0x11, 0x11, 0x11, 0x11, 0x11, 0x11, 0x11, 0x11, 0x11, 0x11, 0x51, 0x51,
    0x51, 0x51, 0x56, 0x15, 0x16, 0x16, 0x51, 0x51, 0x65, 0x15, 0x15, 0x16, 0x51, 0x56, 0x15, 0x15,
    0x51, 0x51, 0x31, 0x21, 0x11, 0x31, 0x11, 0x11, 0x11, 0x21, 0x11, 0x11, 0x11, 0x11, 0x11, 0x11,
    0x11, 0x11, 0x11, 0x11, 0x11, 0x11, 0x15, 0x16, 0x56, 0x16, 0x15, 0x15, 0x51, 0x51, 0x56, 0x15,
    0x15, 0x61, 0x56, 0x15, 0x15, 0x15, 0x56, 0x16, 0x16, 0x11, 0x11, 0x13, 0x11, 0x11, 0x31, 0x12,
    0x11, 0x11, 0x13, 0x11, 0x11, 0x11, 0x11, 0x11, 0x11, 0x11, 0x11, 0x11, 0x11, 0x11, 0x15, 0x15,
    0x15, 0x15, 0x51, 0x61, 0x65, 0x56, 0x15, 0x16, 0x51, 0x51, 0x51, 0x55, 0x16, 0x16, 0x15, 0x11,
    0x11, 0x21, 0x31, 0x11, 0x13, 0x11, 0x12, 0x11, 0x13, 0x13, 0x11, 0x11, 0x11, 0x11, 0x11, 0x11,
    0x11, 0x11, 0x11, 0x11, 0x11, 0x11, 0x11, 0x51, 0x61, 0x51, 0x65, 0x15, 0x15, 0x15, 0x16, 0x51,
    0x51, 0x65, 0x16, 0x16, 0x51, 0x55, 0x13, 0x13, 0x13, 0x11, 0x12, 0x13, 0x11, 0x21, 0x11, 0x13,
    0x11, 0x11, 0x12, 0x11, 0x11, 0x11, 0x11, 0x11, 0x11, 0x11, 0x11, 0x11, 0x11, 0x11, 0x11, 0x51,
    0x55, 0x61, 0x51, 0x55, 0x16, 0x15, 0x15, 0x15, 0x61, 0x51, 0x65, 0x15, 0x16, 0x11, 0x21, 0x11,
    0x21, 0x13, 0x11, 0x11, 0x21, 0x11, 0x31, 0x11, 0x11, 0x21, 0x11, 0x31, 0x11, 0x11, 0x11, 0x11,
    0x11, 0x11, 0x11, 0x11, 0x11, 0x11, 0x11, 0x15, 0x16, 0x15, 0x51, 0x61, 0x55, 0x16, 0x51, 0x61,
    0x55, 0x15, 0x15, 0x51, 0x55, 0x21, 0x13, 0x11, 0x13, 0x11, 0x13, 0x11, 0x13, 0x11, 0x11, 0x31,
    0x21, 0x13, 0x11, 0x11, 0x11, 0x11, 0x11, 0x11, 0x11, 0x11, 0x11, 0x11, 0x11, 0x11, 0x11, 0x11,
    0x51, 0x51, 0x65, 0x16, 0x16, 0x51, 0x55, 0x15, 0x16, 0x51, 0x61, 0x65, 0x11, 0x13, 0x11, 0x21,
    0x31, 0x12, 0x11, 0x13, 0x11, 0x13, 0x11, 0x11, 0x13, 0x11, 0x11, 0x31, 0x11, 0x11, 0x11, 0x11,
    0x11, 0x11, 0x11, 0x11, 0x11, 0x11, 0x11, 0x11, 0x15, 0x16, 0x15, 0x51, 0x51, 0x51, 0x61, 0x65,
    0x15, 0x16, 0x51, 0x51, 0x62, 0x11, 0x31, 0x11, 0x12, 0x11, 0x31, 0x11, 0x21, 0x11, 0x21, 0x13,
    0x11, 0x11, 0x31, 0x11, 0x31, 0x31, 0x11, 0x11, 0x11, 0x11, 0x11, 0x11, 0x11, 0x11, 0x11, 0x11,
    0x15, 0x15, 0x51, 0x65, 0x16, 0x51, 0x55, 0x15, 0x61, 0x51, 0x55, 0x16, 0x11, 0x31, 0x12, 0x13,
    0x11, 0x31, 0x12, 0x13, 0x11, 0x31, 0x13, 0x11, 0x12, 0x11, 0x12, 0x11, 0x11, 0x11, 0x11, 0x11,
    0x11, 0x11, 0x11, 0x11, 0x11, 0x11, 0x11, 0x11, 0x11, 0x51, 0x61, 0x51, 0x51, 0x56, 0x15, 0x16,
    0x15, 0x61, 0x51, 0x65, 0x12, 0x11, 0x31, 0x11, 0x31, 0x11, 0x31, 0x11, 0x13, 0x11, 0x11, 0x12,
    0x11, 0x31, 0x11, 0x13, 0x12, 0x11, 0x31, 0x11, 0x11, 0x11, 0x11, 0x11, 0x11, 0x11, 0x11, 0x11,
    0x11, 0x15, 0x15, 0x16, 0x55, 0x15, 0x16, 0x51, 0x51, 0x55, 0x16, 0x15, 0x13, 0x11, 0x13, 0x11,
    0x12, 0x11, 0x11, 0x31, 0x11, 0x21, 0x31, 0x11, 0x31, 0x11, 0x31, 0x11, 0x11, 0x11, 0x11, 0x11,
    0x11, 0x11, 0x11, 0x11, 0x11, 0x11, 0x11, 0x11, 0x11, 0x11, 0x55, 0x15, 0x16, 0x16, 0x51, 0x51,
    0x65, 0x16, 0x15, 0x51, 0x21, 0x13, 0x11, 0x21, 0x31, 0x31, 0x31, 0x12, 0x11, 0x31, 0x12, 0x11,
    0x11, 0x31, 0x11, 0x21, 0x13, 0x11, 0x21, 0x31, 0x11, 0x11, 0x11, 0x11, 0x11, 0x11, 0x11, 0x11,
    0x11, 0x11, 0x11, 0x51, 0x61, 0x51, 0x51, 0x65, 0x15, 0x15, 0x51, 0x25, 0x13, 0x12, 0x11, 0x31,
    0x11, 0x11, 0x12, 0x11, 0x31, 0x11, 0x11, 0x31, 0x31, 0x12, 0x11, 0x13, 0x11, 0x13, 0x11, 0x11,
    0x11, 0x11, 0x11, 0x11, 0x11, 0x11, 0x11, 0x11, 0x11, 0x11, 0x11, 0x15, 0x15, 0x51, 0x65, 0x15,
    0x16, 0x51, 0x61, 0x51, 0x51, 0x11, 0x31, 0x11, 0x31, 0x21, 0x31, 0x31, 0x11, 0x31, 0x31, 0x11,
    0x12, 0x11, 0x13, 0x11, 0x12, 0x11, 0x11, 0x11, 0x11, 0x11, 0x11, 0x11, 0x11, 0x11, 0x11, 0x11,
    0x11, 0x11, 0x11, 0x11, 0x15, 0x15, 0x15, 0x16, 0x51, 0x51, 0x55, 0x16, 0x12, 0x31, 0x12, 0x13,
    0x11, 0x31, 0x11, 0x11, 0x31, 0x11, 0x12, 0x11, 0x11, 0x31, 0x11, 0x13, 0x11, 0x13, 0x13, 0x11,
    0x11, 0x11, 0x11, 0x11, 0x11, 0x11, 0x11, 0x11, 0x11, 0x11, 0x11, 0x11, 0x11, 0x56, 0x15, 0x61,
    0x51, 0x65, 0x16, 0x51, 0x51, 0x13, 0x11, 0x31, 0x21, 0x11, 0x31, 0x21, 0x12, 0x12, 0x11, 0x31,
    0x31, 0x11, 0x31, 0x11, 0x13, 0x11, 0x11, 0x11, 0x11, 0x11, 0x11, 0x11, 0x11, 0x11, 0x11, 0x11,
    0x11, 0x11, 0x11, 0x11, 0x11, 0x11, 0x11, 0x51, 0x55, 0x12, 0x15, 0x16, 0x15, 0x11, 0x31, 0x11,
    0x31, 0x31, 0x11, 0x31, 0x11, 0x31, 0x31, 0x11, 0x12, 0x11, 0x12, 0x13, 0x11, 0x12, 0x11, 0x11,
    0x11, 0x11, 0x11, 0x11, 0x11, 0x11, 0x11, 0x11, 0x11, 0x11, 0x11, 0x11, 0x11, 0x11, 0x11, 0x15,
    0x16, 0x15, 0x51, 0x55, 0x16, 0x21, 0x12, 0x13, 0x11, 0x12, 0x11, 0x13, 0x11, 0x11, 0x11, 0x21,
    0x11, 0x31, 0x11, 0x11, 0x12, 0x11, 0x13, 0x11, 0x11, 0x11, 0x11, 0x11, 0x11, 0x11, 0x11, 0x11,
    0x11, 0x11, 0x11, 0x11, 0x11, 0x11, 0x11, 0x11, 0x11, 0x11, 0x56, 0x15, 0x51, 0x51, 0x31, 0x11,
    0x21, 0x31, 0x31, 0x21, 0x13, 0x12, 0x13, 0x13, 0x11, 0x12, 0x13, 0x12, 0x11, 0x31, 0x11, 0x11,
    0x11, 0x11, 0x11, 0x11, 0x11, 0x11, 0x11, 0x11, 0x11, 0x11, 0x11, 0x11, 0x11, 0x11, 0x11, 0x11,
    0x11, 0x11, 0x11, 0x11, 0x11, 0x11, 0x13, 0x13, 0x11, 0x11, 0x11, 0x13, 0x11, 0x11, 0x11, 0x11,
    0x13, 0x11, 0x11, 0x11, 0x11, 0x11, 0x11, 0x11, 0x11, 0x11, 0x11, 0x11, 0x11, 0x11, 0x11, 0x11,
    0x11, 0x11, 0x11, 0x11, 0x11, 0x11, 0x11, 0x11, 0x11, 0x11, 0x11, 0x11, 0x11, 0x11, 0x11, 0x11,
    0x31, 0x31, 0x31, 0x11, 0x21, 0x31, 0x31, 0x13, 0x11, 0x13, 0x11, 0x31, 0x31, 0x11, 0x11, 0x11,
    0x11, 0x11, 0x11, 0x11, 0x11, 0x11, 0x11, 0x11, 0x11, 0x11, 0x11, 0x11, 0x11, 0x11, 0x11, 0x11,
    0x11, 0x11, 0x11, 0x11, 0x11, 0x11, 0x11, 0x11, 0x11, 0x11, 0x11, 0x11, 0x11, 0x11, 0x11, 0x11,
    0x11, 0x11, 0x11, 0x11, 0x11, 0x11, 0x11, 0x11, 0x11, 0x11, 0x11, 0x11, 0x11, 0x11, 0x11, 0x11,
    0x11, 0x11, 0x11, 0x11, 0x11, 0x11, 0x11, 0x11, 0x11, 0x11, 0x11, 0x11, 0x11, 0x11, 0x11, 0x11,
    0x11, 0x11, 0x11, 0x11, 0x11, 0x11, 0x11, 0x11, 0x11, 0x11, 0x11, 0x11, 0x11, 0x11, 0x11, 0x11,
    0x11, 0x11, 0x11, 0x11, 0x11, 0x11, 0x11, 0x11, 0x11, 0x11, 0x11, 0x11, 0x11, 0x11, 0x11, 0x11,
    0x11, 0x11, 0x11, 0x11, 0x11, 0x11, 0x11, 0x11, 0x11, 0x11, 0x11, 0x11, 0x11, 0x11, 0x11, 0x11,
    0x11, 0x11, 0x11, 0x11, 0x11, 0x11, 0x11, 0x11, 0x11, 0x11, 0x11, 0x11, 0x11, 0x11, 0x11, 0x11,
    0x11, 0x11, 0x11, 0x11, 0x11, 0x11, 0x11, 0x11, 0x11, 0x11, 0x11, 0x11, 0x11, 0x11, 0x11, 0x11,
    0x11, 0x11, 0x11, 0x11, 0x11, 0x11, 0x11, 0x11, 0x11, 0x11, 0x11, 0x11, 0x11, 0x11, 0x11, 0x11,
    0x11, 0x11, 0x11, 0x11, 0x11, 0x11, 0x11, 0x11, 0x11, 0x11, 0x11, 0x11, 0x11, 0x11, 0x11, 0x11,
    0x11, 0x11, 0x11, 0x11, 0x11, 0x11, 0x11, 0x11, 0x11, 0x11, 0x11, 0x11, 0x11, 0x11, 0x11, 0x11,
    0x11, 0x11, 0x11, 0x11, 0x11, 0x11, 0x11, 0x11, 0x11, 0x11, 0x11, 0x11, 0x11, 0x11, 0x11, 0x11,
    0x11, 0x11, 0x11, 0x11, 0x11, 0x11, 0x11, 0x11, 0x11, 0x11, 0x11, 0x11, 0x11, 0x11, 0x11, 0x11,
    0x11, 0x11, 0x11, 0x11, 0x11, 0x11, 0x11, 0x11, 0x11, 0x11, 0x11, 0x11, 0x11, 0x11, 0x11, 0x11,
};

// Auto-generated icon: wx_02d (80x80)
// Each byte holds 2 pixels (high nibble first)
#define ICON_WX_02D_W 80
#define ICON_WX_02D_H 80
static const uint8_t PROGMEM icon_wx_02d[] = {
    0x11, 0x11, 0x11, 0x11, 0x11, 0x11, 0x11, 0x11, 0x11, 0x11, 0x11, 0x11, 0x11, 0x11, 0x11, 0x11,
    0x11, 0x11, 0x11, 0x11, 0x11, 0x11, 0x11, 0x11, 0x11, 0x11, 0x11, 0x11, 0x11, 0x11, 0x11, 0x11,
    0x11, 0x11, 0x11, 0x11, 0x11, 0x11, 0x11, 0x11, 0x11, 0x11, 0x11, 0x11, 0x11, 0x11, 0x11, 0x11,
    0x11, 0x11, 0x11, 0x11, 0x11, 0x11, 0x11, 0x11, 0x11, 0x11, 0x11, 0x11, 0x11, 0x11, 0x11, 0x11,
    0x11, 0x11, 0x11, 0x11, 0x11, 0x11, 0x11, 0x11, 0x11, 0x11, 0x11, 0x11, 0x11, 0x11, 0x11, 0x11,
    0x11, 0x11, 0x11, 0x11, 0x11, 0x11, 0x11, 0x11, 0x11, 0x11, 0x11, 0x11, 0x11, 0x11, 0x11, 0x11,
    0x11, 0x11, 0x11, 0x11, 0x11, 0x11, 0x11, 0x11, 0x11, 0x11, 0x11, 0x11, 0x11, 0x11, 0x11, 0x11,
    0x11, 0x11, 0x11, 0x11, 0x11, 0x11, 0x11, 0x11, 0x11, 0x11, 0x11, 0x11, 0x11, 0x11, 0x11, 0x11,
    0x11, 0x11, 0x11, 0x11, 0x11, 0x11, 0x11, 0x11, 0x11, 0x11, 0x11, 0x11, 0x11, 0x11, 0x11, 0x11,
    0x11, 0x11, 0x11, 0x11, 0x11, 0x11, 0x11, 0x11, 0x11, 0x11, 0x11, 0x11, 0x11, 0x11, 0x11, 0x11,
    0x11, 0x11, 0x11, 0x11, 0x11, 0x11, 0x11, 0x11, 0x11, 0x11, 0x11, 0x11, 0x11, 0x11, 0x11, 0x11,
    0x11, 0x11, 0x11, 0x11, 0x11, 0x11, 0x11, 0x11, 0x11, 0x11, 0x11, 0x11, 0x11, 0x11, 0x11, 0x11,
    0x11, 0x11, 0x11, 0x11, 0x11, 0x11, 0x11, 0x11, 0x11, 0x11, 0x11, 0x11, 0x11, 0x11, 0x11, 0x11,
    0x11, 0x11, 0x11, 0x11, 0x11, 0x11, 0x11, 0x11, 0x11, 0x11, 0x11, 0x11, 0x11, 0x11, 0x11, 0x11,
    0x11, 0x11, 0x11, 0x11, 0x11, 0x11, 0x11, 0x11, 0x11, 0x11, 0x11, 0x11, 0x11, 0x11, 0x11, 0x11,
    0x11, 0x11, 0x11, 0x11, 0x11, 0x11, 0x11, 0x11, 0x11, 0x11, 0x11, 0x11, 0x11, 0x11, 0x11, 0x11,
    0x11, 0x11, 0x11, 0x11, 0x11, 0x11, 0x11, 0x11, 0x11, 0x11, 0x11, 0x11, 0x11, 0x11, 0x11, 0x11,
    0x11, 0x11, 0x11, 0x11, 0x11, 0x11, 0x11, 0x11, 0x11, 0x11, 0x11, 0x11, 0x11, 0x11, 0x11, 0x11,
    0x11, 0x11, 0x11, 0x11, 0x11, 0x11, 0x11, 0x11, 0x11, 0x11, 0x11, 0x11, 0x11, 0x11, 0x11, 0x11,
    0x11, 0x11, 0x11, 0x11, 0x11, 0x11, 0x11, 0x11, 0x11, 0x11, 0x11, 0x11, 0x11, 0x11, 0x11, 0x11,
    0x11, 0x11, 0x11, 0x11, 0x11, 0x11, 0x11, 0x11, 0x11, 0x11, 0x11, 0x11, 0x11, 0x11, 0x11, 0x11,
    0x11, 0x11, 0x11, 0x11, 0x11, 0x11, 0x11, 0x11, 0x11, 0x11, 0x11, 0x16, 0x56, 0x56, 0x56, 0x56,
    0x51, 0x11, 0x11, 0x11, 0x11, 0x11, 0x11, 0x11, 0x11, 0x11, 0x11, 0x11, 0x11, 0x11, 0x11, 0x11,
    0x11, 0x11, 0x11, 0x11, 0x11, 0x11, 0x11, 0x11, 0x11, 0x11, 0x11, 0x11, 0x11, 0x11, 0x11, 0x11,
    0x11, 0x11, 0x65, 0x65, 0x65, 0x65, 0x65, 0x65, 0x65, 0x65, 0x11, 0x11, 0x11, 0x11, 0x11, 0x11,
    0x11, 0x11, 0x11, 0x11, 0x11, 0x11, 0x11, 0x11, 0x11, 0x11, 0x11, 0x11, 0x11, 0x11, 0x11, 0x11,
    0x11, 0x11, 0x11, 0x11, 0x11, 0x11, 0x11, 0x11, 0x11, 0x65, 0x65, 0x65, 0x65, 0x65, 0x65, 0x65,
    0x65, 0x65, 0x56, 0x11, 0x11, 0x11, 0x11, 0x11, 0x11, 0x11, 0x11, 0x11, 0x11, 0x11, 0x11, 0x11,
    0x11, 0x11, 0x11, 0x11, 0x11, 0x11, 0x11, 0x11, 0x11, 0x11, 0x11, 0x11, 0x11, 0x11, 0x11, 0x11,
    0x16, 0x56, 0x56, 0x16, 0x61, 0x66, 0x16, 0x56, 0x56, 0x56, 0x55, 0x65, 0x11, 0x11, 0x11, 0x11,
    0x11, 0x11, 0x11, 0x11, 0x11, 0x11, 0x11, 0x11, 0x11, 0x11, 0x11, 0x11, 0x11, 0x11, 0x11, 0x11,
    0x11, 0x11, 0x11, 0x11, 0x11, 0x11, 0x11, 0x16, 0x56, 0x56, 0x16, 0x65, 0x65, 0x65, 0x65, 0x65,
    0x61, 0x65, 0x65, 0x65, 0x51, 0x11, 0x11, 0x11, 0x11, 0x11, 0x11, 0x11, 0x11, 0x11, 0x11, 0x11,
    0x11, 0x11, 0x11, 0x11, 0x11, 0x11, 0x11, 0x11, 0x11, 0x11, 0x11, 0x11, 0x11, 0x11, 0x11, 0x65,
    0x61, 0x66, 0x65, 0x65, 0x65, 0x65, 0x65, 0x61, 0x65, 0x65, 0x65, 0x65, 0x65, 0x11, 0x11, 0x11,
    0x11, 0x11, 0x11, 0x11, 0x11, 0x11, 0x11, 0x11, 0x11, 0x11, 0x11, 0x11, 0x11, 0x11, 0x11, 0x11,
    0x11, 0x11, 0x11, 0x11, 0x11, 0x11, 0x16, 0x56, 0x66, 0x51, 0x66, 0x56, 0x16, 0x61, 0x65, 0x65,
    0x65, 0x65, 0x65, 0x56, 0x56, 0x51, 0x11, 0x11, 0x11, 0x11, 0x11, 0x11, 0x11, 0x11, 0x11, 0x11,
    0x11, 0x11, 0x11, 0x11, 0x11, 0x11, 0x11, 0x11, 0x11, 0x11, 0x11, 0x11, 0x11, 0x11, 0x11, 0x11,
    0x61, 0x66, 0x56, 0x16, 0x65, 0x65, 0x65, 0x65, 0x65, 0x65, 0x56, 0x56, 0x55, 0x65, 0x11, 0x11,
    0x11, 0x11, 0x11, 0x11, 0x11, 0x11, 0x11, 0x11, 0x11, 0x11, 0x11, 0x11, 0x11, 0x11, 0x11, 0x11,
    0x11, 0x11, 0x11, 0x13, 0x11, 0x31, 0x13, 0x11, 0x11, 0x21, 0x66, 0x56, 0x56, 0x56, 0x56, 0x56,
    0x56, 0x56, 0x56, 0x56, 0x56, 0x55, 0x61, 0x11, 0x11, 0x11, 0x11, 0x11, 0x11, 0x11, 0x11, 0x11,
    0x11, 0x11, 0x11, 0x11, 0x11, 0x11, 0x11, 0x11, 0x11, 0x11, 0x31, 0x11, 0x11, 0x11, 0x11, 0x13,
    0x11, 0x11, 0x16, 0x65, 0x61, 0x65, 0x61, 0x65, 0x61, 0x65, 0x65, 0x65, 0x65, 0x65, 0x51, 0x11,
    0x11, 0x11, 0x11, 0x11, 0x11, 0x11, 0x11, 0x11, 0x11, 0x11, 0x11, 0x11, 0x11, 0x11, 0x11, 0x11,
    0x11, 0x31, 0x11, 0x31, 0x21, 0x31, 0x21, 0x11, 0x13, 0x11, 0x31, 0x16, 0x65, 0x66, 0x56, 0x65,
    0x65, 0x65, 0x61, 0x65, 0x56, 0x56, 0x56, 0x11, 0x11, 0x11, 0x11, 0x11, 0x11, 0x11, 0x11, 0x11,
    0x11, 0x11, 0x11, 0x11, 0x11, 0x11, 0x11, 0x11, 0x31, 0x11, 0x21, 0x11, 0x11, 0x11, 0x11, 0x31,
    0x11, 0x11, 0x11, 0x11, 0x26, 0x56, 0x16, 0x56, 0x56, 0x56, 0x56, 0x56, 0x56, 0x55, 0x65, 0x11,
    0x11, 0x11, 0x11, 0x11, 0x11, 0x11, 0x11, 0x11, 0x11, 0x11, 0x11, 0x11, 0x11, 0x11, 0x11, 0x31,
    0x11, 0x21, 0x11, 0x31, 0x13, 0x11, 0x31, 0x11, 0x21, 0x12, 0x13, 0x11, 0x11, 0x65, 0x65, 0x65,
    0x65, 0x65, 0x65, 0x65, 0x65, 0x65, 0x55, 0x61, 0x11, 0x11, 0x11, 0x11, 0x11, 0x11, 0x11, 0x11,
    0x11, 0x11, 0x11, 0x11, 0x11, 0x11, 0x11, 0x11, 0x21, 0x11, 0x31, 0x11, 0x11, 0x11, 0x11, 0x21,
    0x11, 0x31, 0x11, 0x13, 0x11, 0x16, 0x65, 0x61, 0x65, 0x61, 0x65, 0x56, 0x55, 0x65, 0x65, 0x51,
    0x11, 0x11, 0x11, 0x11, 0x11, 0x11, 0x11, 0x11, 0x11, 0x11, 0x11, 0x11, 0x11, 0x13, 0x13, 0x11,
    0x13, 0x11, 0x11, 0x21, 0x31, 0x21, 0x11, 0x11, 0x31, 0x11, 0x11, 0x11, 0x12, 0x12, 0x56, 0x56,
    0x56, 0x56, 0x56, 0x56, 0x56, 0x56, 0x56, 0x51, 0x11, 0x11, 0x11, 0x11, 0x11, 0x11, 0x11, 0x11,
    0x11, 0x11, 0x11, 0x11, 0x11, 0x11, 0x11, 0x21, 0x11, 0x13, 0x11, 0x11, 0x11, 0x13, 0x13, 0x11,
    0x11, 0x13, 0x12, 0x11, 0x11, 0x11, 0x16, 0x65, 0x65, 0x65, 0x65, 0x65, 0x61, 0x65, 0x65, 0x65,
    0x11, 0x11, 0x11, 0x11, 0x11, 0x11, 0x11, 0x11, 0x11, 0x11, 0x11, 0x11, 0x11, 0x13, 0x11, 0x13,
    0x11, 0x11, 0x13, 0x11, 0x31, 0x11, 0x11, 0x11, 0x21, 0x11, 0x11, 0x13, 0x13, 0x11, 0x35, 0x56,
    0x16, 0x56, 0x56, 0x56, 0x55, 0x65, 0x56, 0x55, 0x11, 0x11, 0x11, 0x11, 0x11, 0x11, 0x11, 0x11,
    0x11, 0x11, 0x11, 0x11, 0x13, 0x11, 0x21, 0x11, 0x13, 0x12, 0x11, 0x11, 0x11, 0x21, 0x12, 0x11,
    0x13, 0x11, 0x13, 0x11, 0x11, 0x11, 0x11, 0x66, 0x56, 0x56, 0x56, 0x15, 0x65, 0x65, 0x65, 0x56,
    0x11, 0x11, 0x11, 0x11, 0x11, 0x11, 0x11, 0x11, 0x11, 0x11, 0x11, 0x11, 0x11, 0x11, 0x13, 0x11,
    0x21, 0x11, 0x13, 0x12, 0x11, 0x13, 0x11, 0x31, 0x11, 0x13, 0x11, 0x11, 0x21, 0x13, 0x11, 0x25,
    0x65, 0x61, 0x65, 0x65, 0x65, 0x65, 0x56, 0x56, 0x11, 0x11, 0x11, 0x11, 0x11, 0x11, 0x11, 0x11,
    0x11, 0x11, 0x11, 0x11, 0x13, 0x13, 0x11, 0x13, 0x11, 0x31, 0x11, 0x11, 0x31, 0x11, 0x11, 0x11,
    0x13, 0x11, 0x12, 0x11, 0x11, 0x11, 0x11, 0x16, 0x56, 0x56, 0x56, 0x56, 0x56, 0x56, 0x56, 0x55,
    0x11, 0x11, 0x11, 0x11, 0x11, 0x11, 0x11, 0x11, 0x11, 0x11, 0x11, 0x11, 0x31, 0x11, 0x21, 0x11,
    0x11, 0x11, 0x21, 0x31, 0x11, 0x31, 0x13, 0x12, 0x11, 0x12, 0x11, 0x13, 0x13, 0x12, 0x13, 0x12,
    0x56, 0x56, 0x56, 0x56, 0x56, 0x55, 0x65, 0x65, 0x11, 0x11, 0x11, 0x11, 0x11, 0x11, 0x11, 0x11,
    0x11, 0x11, 0x11, 0x11, 0x12, 0x11, 0x13, 0x11, 0x31, 0x21, 0x11, 0x11, 0x11, 0x12, 0x11, 0x11,
    0x13, 0x11, 0x13, 0x11, 0x11, 0x11, 0x11, 0x11, 0x65, 0x65, 0x65, 0x65, 0x65, 0x65, 0x65, 0x56,
    0x11, 0x11, 0x11, 0x11, 0x11, 0x11, 0x11, 0x11, 0x11, 0x11, 0x11, 0x13, 0x11, 0x31, 0x11, 0x12,
    0x11, 0x13, 0x11, 0x31, 0x21, 0x11, 0x13, 0x11, 0x11, 0x13, 0x11, 0x11, 0x12, 0x11, 0x11, 0x31,
    0x65, 0x61, 0x65, 0x65, 0x56, 0x56, 0x56, 0x55, 0x11, 0x11, 0x11, 0x11, 0x11, 0x11, 0x11, 0x11,
    0x11, 0x11, 0x13, 0x11, 0x11, 0x11, 0x31, 0x11, 0x31, 0x11, 0x11, 0x11, 0x13, 0x13, 0x11, 0x13,
    0x12, 0x11, 0x11, 0x31, 0x11, 0x31, 0x31, 0x11, 0x25, 0x65, 0x65, 0x61, 0x65, 0x61, 0x56, 0x56,
    0x11, 0x11, 0x11, 0x11, 0x11, 0x11, 0x13, 0x13, 0x13, 0x13, 0x11, 0x21, 0x31, 0x21, 0x12, 0x11,
    0x11, 0x31, 0x21, 0x31, 0x11, 0x11, 0x12, 0x11, 0x11, 0x13, 0x11, 0x12, 0x11, 0x11, 0x11, 0x21,
    0x16, 0x56, 0x56, 0x56, 0x56, 0x56, 0x56, 0x51, 0x11, 0x11, 0x11, 0x11, 0x11, 0x13, 0x11, 0x11,
    0x21, 0x11, 0x21, 0x11, 0x11, 0x13, 0x11, 0x31, 0x12, 0x11, 0x11, 0x11, 0x21, 0x12, 0x11, 0x13,
    0x11, 0x11, 0x12, 0x11, 0x13, 0x11, 0x21, 0x11, 0x26, 0x56, 0x16, 0x56, 0x56, 0x55, 0x65, 0x61,
    0x11, 0x11, 0x11, 0x11, 0x11, 0x31, 0x12, 0x13, 0x11, 0x31, 0x13, 0x13, 0x13, 0x11, 0x11, 0x11,
    0x31, 0x13, 0x11, 0x31, 0x13, 0x11, 0x31, 0x11, 0x13, 0x12, 0x11, 0x13, 0x11, 0x11, 0x11, 0x31,
    0x16, 0x16, 0x56, 0x56, 0x56, 0x56, 0x55, 0x51, 0x11, 0x11, 0x11, 0x11, 0x31, 0x12, 0x13, 0x11,
    0x13, 0x11, 0x11, 0x11, 0x11, 0x21, 0x31, 0x21, 0x11, 0x11, 0x12, 0x11, 0x11, 0x11, 0x11, 0x31,
    0x11, 0x11, 0x13, 0x11, 0x11, 0x31, 0x11, 0x11, 0x12, 0x56, 0x56, 0x56, 0x56, 0x56, 0x56, 0x11,
    0x11, 0x11, 0x11, 0x11, 0x12, 0x11, 0x11, 0x13, 0x11, 0x21, 0x31, 0x21, 0x21, 0x11, 0x11, 0x13,
    0x13, 0x12, 0x11, 0x31, 0x13, 0x12, 0x11, 0x12, 0x11, 0x31, 0x11, 0x11, 0x31, 0x11, 0x31, 0x13,
    0x16, 0x56, 0x56, 0x56, 0x56, 0x56, 0x55, 0x11, 0x11, 0x11, 0x11, 0x31, 0x31, 0x31, 0x31, 0x11,
    0x21, 0x11, 0x11, 0x13, 0x11, 0x31, 0x13, 0x11, 0x11, 0x11, 0x31, 0x11, 0x21, 0x11, 0x31, 0x11,
    0x11, 0x11, 0x21, 0x31, 0x12, 0x11, 0x12, 0x11, 0x11, 0x21, 0x66, 0x56, 0x15, 0x65, 0x61, 0x11,
    0x11, 0x11, 0x13, 0x11, 0x11, 0x11, 0x12, 0x13, 0x11, 0x31, 0x31, 0x11, 0x13, 0x12, 0x11, 0x12,
    0x13, 0x11, 0x11, 0x31, 0x11, 0x31, 0x11, 0x31, 0x31, 0x21, 0x11, 0x11, 0x11, 0x13, 0x11, 0x11,
    0x21, 0x11, 0x11, 0x65, 0x65, 0x65, 0x51, 0x11, 0x11, 0x11, 0x11, 0x21, 0x31, 0x21, 0x31, 0x11,
    0x31, 0x11, 0x12, 0x13, 0x11, 0x11, 0x31, 0x13, 0x11, 0x12, 0x11, 0x11, 0x31, 0x11, 0x21, 0x11,
    0x11, 0x11, 0x31, 0x12, 0x13, 0x11, 0x11, 0x31, 0x11, 0x31, 0x13, 0x11, 0x65, 0x65, 0x11, 0x11,
    0x11, 0x13, 0x13, 0x11, 0x11, 0x31, 0x11, 0x31, 0x12, 0x13, 0x11, 0x11, 0x21, 0x31, 0x11, 0x11,
    0x12, 0x11, 0x31, 0x21, 0x11, 0x21, 0x11, 0x31, 0x21, 0x31, 0x11, 0x31, 0x11, 0x12, 0x11, 0x11,
    0x31, 0x11, 0x11, 0x11, 0x35, 0x51, 0x11, 0x11, 0x11, 0x11, 0x11, 0x31, 0x21, 0x11, 0x31, 0x12,
    0x11, 0x11, 0x21, 0x31, 0x11, 0x11, 0x21, 0x31, 0x13, 0x11, 0x11, 0x13, 0x11, 0x13, 0x11, 0x11,
    0x11, 0x11, 0x21, 0x11, 0x13, 0x11, 0x13, 0x11, 0x11, 0x13, 0x11, 0x31, 0x11, 0x11, 0x11, 0x11,
    0x11, 0x13, 0x21, 0x11, 0x31, 0x31, 0x12, 0x11, 0x31, 0x31, 0x11, 0x13, 0x13, 0x11, 0x31, 0x12,
    0x11, 0x13, 0x13, 0x11, 0x13, 0x11, 0x13, 0x11, 0x31, 0x13, 0x11, 0x31, 0x11, 0x13, 0x11, 0x12,
    0x11, 0x21, 0x11, 0x11, 0x13, 0x11, 0x11, 0x11, 0x11, 0x31, 0x13, 0x11, 0x11, 0x12, 0x11, 0x31,
    0x11, 0x11, 0x31, 0x11, 0x11, 0x21, 0x11, 0x11, 0x31, 0x11, 0x11, 0x12, 0x11, 0x12, 0x11, 0x21,
    0x11, 0x11, 0x11, 0x11, 0x21, 0x11, 0x12, 0x11, 0x13, 0x11, 0x31, 0x21, 0x11, 0x11, 0x11, 0x11,
    0x11, 0x13, 0x11, 0x21, 0x31, 0x13, 0x11, 0x12, 0x13, 0x12, 0x11, 0x31, 0x21, 0x13, 0x13, 0x11,
    0x11, 0x21, 0x31, 0x11, 0x31, 0x11, 0x31, 0x11, 0x31, 0x21, 0x31, 0x21, 0x13, 0x11, 0x11, 0x13,
    0x11, 0x11, 0x11, 0x11, 0x31, 0x21, 0x11, 0x11, 0x13, 0x11, 0x21, 0x13, 0x12, 0x11, 0x13, 0x11,
    0x11, 0x11, 0x31, 0x11, 0x13, 0x11, 0x11, 0x21, 0x31, 0x11, 0x12, 0x11, 0x11, 0x31, 0x11, 0x31,
    0x11, 0x11, 0x11, 0x11, 0x11, 0x13, 0x13, 0x11, 0x11, 0x31, 0x11, 0x31, 0x11, 0x11, 0x11, 0x11,
    0x11, 0x21, 0x13, 0x11, 0x13, 0x13, 0x11, 0x21, 0x31, 0x31, 0x12, 0x13, 0x11, 0x12, 0x11, 0x31,
    0x11, 0x31, 0x11, 0x31, 0x31, 0x11, 0x21, 0x11, 0x21, 0x31, 0x13, 0x13, 0x11, 0x21, 0x11, 0x12,
    0x11, 0x11, 0x21, 0x11, 0x13, 0x13, 0x11, 0x11, 0x13, 0x13, 0x11, 0x21, 0x11, 0x11, 0x21, 0x31,
    0x11, 0x21, 0x11, 0x11, 0x21, 0x31, 0x31, 0x11, 0x31, 0x12, 0x13, 0x11, 0x12, 0x11, 0x13, 0x11,
    0x11, 0x11, 0x11, 0x11, 0x13, 0x11, 0x12, 0x11, 0x31, 0x21, 0x11, 0x31, 0x11, 0x11, 0x11, 0x11,
    0x11, 0x11, 0x21, 0x31, 0x31, 0x21, 0x31, 0x11, 0x31, 0x13, 0x13, 0x13, 0x11, 0x11, 0x11, 0x31,
    0x12, 0x11, 0x11, 0x12, 0x11, 0x31, 0x11, 0x13, 0x13, 0x12, 0x13, 0x12, 0x11, 0x13, 0x11, 0x11,
    0x11, 0x11, 0x31, 0x11, 0x21, 0x12, 0x11, 0x11, 0x31, 0x31, 0x11, 0x11, 0x11, 0x31, 0x11, 0x31,
    0x12, 0x11, 0x11, 0x11, 0x13, 0x12, 0x11, 0x12, 0x11, 0x31, 0x31, 0x13, 0x11, 0x11, 0x31, 0x11,
    0x11, 0x11, 0x11, 0x11, 0x13, 0x11, 0x13, 0x11, 0x31, 0x11, 0x11, 0x21, 0x11, 0x11, 0x31, 0x31,
    0x11, 0x21, 0x31, 0x31, 0x21, 0x13, 0x12, 0x12, 0x11, 0x31, 0x21, 0x31, 0x21, 0x11, 0x31, 0x11,
    0x31, 0x11, 0x12, 0x11, 0x13, 0x11, 0x12, 0x13, 0x12, 0x13, 0x11, 0x31, 0x11, 0x12, 0x11, 0x11,
    0x11, 0x31, 0x11, 0x11, 0x31, 0x31, 0x11, 0x11, 0x31, 0x11, 0x12, 0x11, 0x31, 0x11, 0x11, 0x31,
    0x31, 0x11, 0x31, 0x11, 0x13, 0x11, 0x12, 0x13, 0x11, 0x31, 0x11, 0x31, 0x11, 0x21, 0x11, 0x11,
    0x11, 0x11, 0x12, 0x11, 0x31, 0x11, 0x13, 0x12, 0x11, 0x12, 0x13, 0x11, 0x11, 0x11, 0x11, 0x11,
    0x11, 0x31, 0x31, 0x31, 0x13, 0x12, 0x31, 0x11, 0x12, 0x11, 0x12, 0x13, 0x11, 0x13, 0x11, 0x11,
    0x21, 0x12, 0x11, 0x11, 0x21, 0x13, 0x13, 0x12, 0x13, 0x13, 0x11, 0x11, 0x12, 0x13, 0x11, 0x11,
    0x31, 0x11, 0x11, 0x11, 0x31, 0x12, 0x13, 0x11, 0x11, 0x21, 0x11, 0x12, 0x11, 0x11, 0x11, 0x31,
    0x13, 0x13, 0x11, 0x11, 0x21, 0x31, 0x21, 0x31, 0x13, 0x11, 0x31, 0x31, 0x13, 0x11, 0x11, 0x11,
    0x11, 0x11, 0x13, 0x12, 0x11, 0x11, 0x12, 0x11, 0x11, 0x31, 0x13, 0x11, 0x12, 0x11, 0x11, 0x11,
    0x11, 0x31, 0x31, 0x31, 0x31, 0x31, 0x31, 0x12, 0x11, 0x11, 0x31, 0x31, 0x11, 0x11, 0x31, 0x11,
    0x11, 0x13, 0x11, 0x11, 0x11, 0x13, 0x12, 0x13, 0x11, 0x21, 0x11, 0x11, 0x31, 0x13, 0x11, 0x31,
    0x11, 0x11, 0x11, 0x21, 0x11, 0x13, 0x11, 0x31, 0x11, 0x11, 0x12, 0x11, 0x11, 0x21, 0x12, 0x13,
    0x13, 0x12, 0x11, 0x13, 0x13, 0x11, 0x11, 0x31, 0x31, 0x21, 0x12, 0x13, 0x12, 0x11, 0x11, 0x11,
    0x13, 0x13, 0x12, 0x11, 0x11, 0x11, 0x11, 0x11, 0x31, 0x21, 0x31, 0x11, 0x31, 0x11, 0x11, 0x11,
    0x11, 0x31, 0x31, 0x31, 0x21, 0x13, 0x11, 0x11, 0x11, 0x11, 0x31, 0x21, 0x11, 0x21, 0x31, 0x12,
    0x11, 0x13, 0x11, 0x11, 0x13, 0x11, 0x31, 0x31, 0x11, 0x11, 0x11, 0x31, 0x31, 0x21, 0x31, 0x21,
    0x11, 0x11, 0x11, 0x31, 0x11, 0x13, 0x11, 0x21, 0x11, 0x11, 0x11, 0x11, 0x31, 0x11, 0x31, 0x31,
    0x21, 0x31, 0x11, 0x13, 0x11, 0x31, 0x12, 0x11, 0x31, 0x11, 0x13, 0x13, 0x11, 0x12, 0x11, 0x12,
    0x13, 0x12, 0x11, 0x11, 0x11, 0x11, 0x11, 0x11, 0x31, 0x13, 0x11, 0x11, 0x21, 0x11, 0x21, 0x11,
    0x11, 0x23, 0x12, 0x31, 0x13, 0x12, 0x11, 0x13, 0x11, 0x12, 0x13, 0x11, 0x21, 0x11, 0x31, 0x31,
    0x11, 0x31, 0x21, 0x11, 0x21, 0x31, 0x13, 0x11, 0x11, 0x11, 0x31, 0x12, 0x13, 0x13, 0x11, 0x31,
    0x11, 0x21, 0x12, 0x11, 0x13, 0x11, 0x11, 0x11, 0x11, 0x11, 0x11, 0x13, 0x11, 0x13, 0x13, 0x11,
    0x21, 0x31, 0x11, 0x21, 0x13, 0x11, 0x11, 0x11, 0x31, 0x11, 0x13, 0x11, 0x11, 0x11, 0x11, 0x13,
    0x12, 0x11, 0x11, 0x31, 0x11, 0x11, 0x21, 0x11, 0x21, 0x11, 0x31, 0x13, 0x11, 0x13, 0x13, 0x11,
    0x11, 0x11, 0x31, 0x12, 0x13, 0x11, 0x12, 0x11, 0x31, 0x13, 0x13, 0x13, 0x11, 0x21, 0x31, 0x21,
    0x12, 0x13, 0x11, 0x21, 0x31, 0x31, 0x31, 0x21, 0x11, 0x31, 0x31, 0x11, 0x31, 0x21, 0x11, 0x31,
    0x13, 0x11, 0x11, 0x11, 0x12, 0x11, 0x11, 0x11, 0x11, 0x11, 0x13, 0x11, 0x11, 0x21, 0x31, 0x31,
    0x13, 0x11, 0x11, 0x11, 0x21, 0x31, 0x11, 0x31, 0x13, 0x11, 0x21, 0x11, 0x11, 0x11, 0x21, 0x13,
    0x11, 0x11, 0x12, 0x11, 0x11, 0x11, 0x31, 0x11, 0x11, 0x13, 0x13, 0x12, 0x11, 0x11, 0x31, 0x11,
    0x11, 0x11, 0x11, 0x31, 0x31, 0x31, 0x11, 0x12, 0x11, 0x21, 0x31, 0x21, 0x11, 0x13, 0x11, 0x13,
    0x11, 0x13, 0x13, 0x13, 0x12, 0x11, 0x13, 0x11, 0x13, 0x12, 0x11, 0x31, 0x21, 0x31, 0x11, 0x21,
    0x31, 0x11, 0x11, 0x11, 0x13, 0x11, 0x11, 0x11, 0x11, 0x11, 0x11, 0x12, 0x11, 0x13, 0x12, 0x13,
    0x11, 0x31, 0x11, 0x31, 0x31, 0x11, 0x21, 0x11, 0x21, 0x11, 0x11, 0x11, 0x13, 0x13, 0x11, 0x13,
    0x11, 0x11, 0x31, 0x11, 0x11, 0x11, 0x21, 0x11, 0x11, 0x21, 0x21, 0x31, 0x11, 0x11, 0x11, 0x11,
    0x11, 0x11, 0x11, 0x11, 0x31, 0x21, 0x13, 0x11, 0x31, 0x12, 0x13, 0x11, 0x12, 0x13, 0x13, 0x13,
    0x13, 0x12, 0x13, 0x12, 0x11, 0x11, 0x12, 0x11, 0x21, 0x31, 0x11, 0x31, 0x31, 0x21, 0x13, 0x13,
    0x11, 0x11, 0x11, 0x11, 0x13, 0x11, 0x11, 0x11, 0x11, 0x11, 0x11, 0x11, 0x11, 0x13, 0x11, 0x31,
    0x12, 0x13, 0x11, 0x21, 0x31, 0x11, 0x11, 0x11, 0x11, 0x13, 0x11, 0x11, 0x31, 0x21, 0x31, 0x13,
    0x11, 0x11, 0x21, 0x11, 0x11, 0x13, 0x11, 0x11, 0x13, 0x13, 0x11, 0x31, 0x21, 0x11, 0x11, 0x11,
    0x11, 0x11, 0x11, 0x11, 0x11, 0x31, 0x11, 0x12, 0x13, 0x11, 0x13, 0x11, 0x13, 0x13, 0x12, 0x13,
    0x12, 0x11, 0x13, 0x11, 0x11, 0x31, 0x11, 0x31, 0x13, 0x11, 0x31, 0x12, 0x13, 0x11, 0x12, 0x13,
    0x11, 0x11, 0x11, 0x11, 0x11, 0x11, 0x11, 0x11, 0x11, 0x11, 0x11, 0x11, 0x11, 0x11, 0x13, 0x11,
    0x11, 0x13, 0x11, 0x13, 0x11, 0x11, 0x11, 0x11, 0x11, 0x31, 0x11, 0x21, 0x31, 0x11, 0x31, 0x11,
    0x11, 0x11, 0x11, 0x11, 0x11, 0x11, 0x11, 0x11, 0x12, 0x12, 0x11, 0x11, 0x11, 0x11, 0x11, 0x11,
    0x11, 0x11, 0x11, 0x11, 0x11, 0x11, 0x11, 0x11, 0x13, 0x12, 0x13, 0x12, 0x13, 0x21, 0x31, 0x32,
    0x13, 0x12, 0x13, 0x11, 0x12, 0x13, 0x12, 0x13, 0x21, 0x31, 0x23, 0x13, 0x12, 0x13, 0x13, 0x12,
    0x11, 0x11, 0x11, 0x11, 0x11, 0x11, 0x11, 0x11, 0x11, 0x11, 0x11, 0x11, 0x11, 0x11, 0x11, 0x11,
    0x11, 0x11, 0x11, 0x11, 0x11, 0x11, 0x11, 0x11, 0x11, 0x11, 0x11, 0x11, 0x11, 0x11, 0x11, 0x11,
    0x11, 0x11, 0x11, 0x11, 0x11, 0x11, 0x11, 0x11, 0x11, 0x11, 0x11, 0x11, 0x11, 0x11, 0x11, 0x11,
    0x11, 0x11, 0x11, 0x11, 0x11, 0x11, 0x11, 0x11, 0x11, 0x11, 0x11, 0x11, 0x11, 0x11, 0x11, 0x11,
    0x11, 0x11, 0x11, 0x11, 0x11, 0x11, 0x11, 0x11, 0x11, 0x11, 0x11, 0x11, 0x11, 0x11, 0x11, 0x11,
    0x11, 0x11, 0x11, 0x11, 0x11, 0x11, 0x11, 0x11, 0x11, 0x11, 0x11, 0x11, 0x11, 0x11, 0x11, 0x11,
    0x11, 0x11, 0x11, 0x11, 0x11, 0x11, 0x11, 0x11, 0x11, 0x11, 0x11, 0x11, 0x11, 0x11, 0x11, 0x11,
    0x11, 0x11, 0x11, 0x11, 0x11, 0x11, 0x11, 0x11, 0x11, 0x11, 0x11, 0x11, 0x11, 0x11, 0x11, 0x11,
    0x11, 0x11, 0x11, 0x11, 0x11, 0x11, 0x11, 0x11, 0x11, 0x11, 0x11, 0x11, 0x11, 0x11, 0x11, 0x11,
    0x11, 0x11, 0x11, 0x11, 0x11, 0x11, 0x11, 0x11, 0x11, 0x11, 0x11, 0x11, 0x11, 0x11, 0x11, 0x11,
    0x11, 0x11, 0x11, 0x11, 0x11, 0x11, 0x11, 0x11, 0x11, 0x11, 0x11, 0x11, 0x11, 0x11, 0x11, 0x11,
    0x11, 0x11, 0x11, 0x11, 0x11, 0x11, 0x11, 0x11, 0x11, 0x11, 0x11, 0x11, 0x11, 0x11, 0x11, 0x11,
    0x11, 0x11, 0x11, 0x11, 0x11, 0x11, 0x11, 0x11, 0x11, 0x11, 0x11, 0x11, 0x11, 0x11, 0x11, 0x11,
    0x11, 0x11, 0x11, 0x11, 0x11, 0x11, 0x11, 0x11, 0x11, 0x11, 0x11, 0x11, 0x11, 0x11, 0x11, 0x11,
    0x11, 0x11, 0x11, 0x11, 0x11, 0x11, 0x11, 0x11, 0x11, 0x11, 0x11, 0x11, 0x11, 0x11, 0x11, 0x11,
    0x11, 0x11, 0x11, 0x11, 0x11, 0x11, 0x11, 0x11, 0x11, 0x11, 0x11, 0x11, 0x11, 0x11, 0x11, 0x11,
    0x11, 0x11, 0x11, 0x11, 0x11, 0x11, 0x11, 0x11, 0x11, 0x11, 0x11, 0x11, 0x11, 0x11, 0x11, 0x11,
    0x11, 0x11, 0x11, 0x11, 0x11, 0x11, 0x11, 0x11, 0x11, 0x11, 0x11, 0x11, 0x11, 0x11, 0x11, 0x11,
    0x11, 0x11, 0x11, 0x11, 0x11, 0x11, 0x11, 0x11, 0x11, 0x11, 0x11, 0x11, 0x11, 0x11, 0x11, 0x11,
    0x11, 0x11, 0x11, 0x11, 0x11, 0x11, 0x11, 0x11, 0x11, 0x11, 0x11, 0x11, 0x11, 0x11, 0x11, 0x11,
    0x11, 0x11, 0x11, 0x11, 0x11, 0x11, 0x11, 0x11, 0x11, 0x11, 0x11, 0x11, 0x11, 0x11, 0x11, 0x11,
    0x11, 0x11, 0x11, 0x11, 0x11, 0x11, 0x11, 0x11, 0x11, 0x11, 0x11, 0x11, 0x11, 0x11, 0x11, 0x11,
    0x11, 0x11, 0x11, 0x11, 0x11, 0x11, 0x11, 0x11, 0x11, 0x11, 0x11, 0x11, 0x11, 0x11, 0x11, 0x11,
    0x11, 0x11, 0x11, 0x11, 0x11, 0x11, 0x11, 0x11, 0x11, 0x11, 0x11, 0x11, 0x11, 0x11, 0x11, 0x11,
    0x11, 0x11, 0x11, 0x11, 0x11, 0x11, 0x11, 0x11, 0x11, 0x11, 0x11, 0x11, 0x11, 0x11, 0x11, 0x11,
    0x11, 0x11, 0x11, 0x11, 0x11, 0x11, 0x11, 0x11, 0x11, 0x11, 0x11, 0x11, 0x11, 0x11, 0x11, 0x11,
    0x11, 0x11, 0x11, 0x11, 0x11, 0x11, 0x11, 0x11, 0x11, 0x11, 0x11, 0x11, 0x11, 0x11, 0x11, 0x11,
    0x11, 0x11, 0x11, 0x11, 0x11, 0x11, 0x11, 0x11, 0x11, 0x11, 0x11, 0x11, 0x11, 0x11, 0x11, 0x11,
};

// Auto-generated icon: wx_02n (80x80)
// Each byte holds 2 pixels (high nibble first)
#define ICON_WX_02N_W 80
#define ICON_WX_02N_H 80
static const uint8_t PROGMEM icon_wx_02n[] = {
    0x11, 0x11, 0x11, 0x11, 0x11, 0x11, 0x11, 0x11, 0x11, 0x11, 0x11, 0x11, 0x11, 0x11, 0x11, 0x11,
    0x11, 0x11, 0x11, 0x11, 0x11, 0x11, 0x11, 0x11, 0x11, 0x11, 0x11, 0x11, 0x11, 0x11, 0x15, 0x15,
    0x51, 0x55, 0x11, 0x11, 0x11, 0x11, 0x11, 0x11, 0x11, 0x11, 0x11, 0x11, 0x11, 0x11, 0x11, 0x11,
    0x11, 0x11, 0x11, 0x11, 0x11, 0x11, 0x11, 0x11, 0x11, 0x11, 0x11, 0x11, 0x11, 0x11, 0x11, 0x11,
    0x11, 0x11, 0x11, 0x11, 0x11, 0x51, 0x51, 0x51, 0x61, 0x51, 0x11, 0x11, 0x11, 0x11, 0x11, 0x11,
    0x11, 0x11, 0x11, 0x11, 0x11, 0x11, 0x11, 0x11, 0x11, 0x11, 0x11, 0x11, 0x11, 0x11, 0x11, 0x11,
    0x11, 0x11, 0x11, 0x11, 0x11, 0x11, 0x11, 0x11, 0x11, 0x11, 0x11, 0x15, 0x15, 0x15, 0x61, 0x65,
    0x15, 0x11, 0x11, 0x11, 0x11, 0x11, 0x11, 0x11, 0x11, 0x11, 0x11, 0x11, 0x11, 0x11, 0x11, 0x11,
    0x11, 0x11, 0x11, 0x11, 0x11, 0x11, 0x11, 0x11, 0x11, 0x11, 0x11, 0x11, 0x11, 0x11, 0x11, 0x11,
    0x11, 0x11, 0x11, 0x51, 0x56, 0x15, 0x15, 0x15, 0x51, 0x11, 0x11, 0x11, 0x11, 0x11, 0x11, 0x11,
    0x11, 0x11, 0x11, 0x11, 0x11, 0x11, 0x11, 0x11, 0x11, 0x11, 0x11, 0x11, 0x11, 0x11, 0x11, 0x11,
    0x11, 0x11, 0x11, 0x11, 0x11, 0x11, 0x11, 0x11, 0x11, 0x11, 0x15, 0x16, 0x15, 0x51, 0x65, 0x15,
    0x11, 0x11, 0x11, 0x11, 0x11, 0x11, 0x11, 0x11, 0x11, 0x11, 0x11, 0x11, 0x11, 0x11, 0x11, 0x11,
    0x11, 0x11, 0x11, 0x11, 0x11, 0x11, 0x11, 0x11, 0x11, 0x11, 0x11, 0x11, 0x11, 0x11, 0x11, 0x11,
    0x11, 0x15, 0x15, 0x15, 0x51, 0x61, 0x51, 0x61, 0x11, 0x11, 0x11, 0x11, 0x11, 0x11, 0x11, 0x11,
    0x11, 0x11, 0x11, 0x11, 0x11, 0x11, 0x11, 0x11, 0x11, 0x11, 0x11, 0x11, 0x11, 0x11, 0x11, 0x11,
    0x11, 0x11, 0x11, 0x11, 0x11, 0x11, 0x11, 0x11, 0x11, 0x15, 0x16, 0x51, 0x61, 0x55, 0x15, 0x51,
    0x11, 0x11, 0x11, 0x11, 0x11, 0x11, 0x11, 0x11, 0x11, 0x11, 0x11, 0x11, 0x11, 0x11, 0x11, 0x11,
    0x11, 0x11, 0x11, 0x11, 0x11, 0x11, 0x11, 0x11, 0x11, 0x11, 0x11, 0x11, 0x11, 0x11, 0x11, 0x11,
    0x11, 0x51, 0x51, 0x51, 0x55, 0x16, 0x51, 0x11, 0x11, 0x11, 0x11, 0x11, 0x11, 0x11, 0x11, 0x11,
    0x11, 0x11, 0x11, 0x11, 0x11, 0x11, 0x11, 0x11, 0x11, 0x11, 0x11, 0x11, 0x11, 0x11, 0x11, 0x11,
    0x11, 0x11, 0x11, 0x11, 0x11, 0x11, 0x11, 0x11, 0x15, 0x16, 0x51, 0x65, 0x16, 0x15, 0x16, 0x11,
    0x11, 0x11, 0x11, 0x11, 0x11, 0x11, 0x11, 0x11, 0x11, 0x11, 0x11, 0x11, 0x11, 0x11, 0x11, 0x11,
    0x11, 0x11, 0x11, 0x11, 0x11, 0x11, 0x11, 0x11, 0x11, 0x11, 0x11, 0x11, 0x11, 0x11, 0x11, 0x11,
    0x11, 0x51, 0x56, 0x15, 0x15, 0x51, 0x51, 0x11, 0x11, 0x11, 0x11, 0x11, 0x11, 0x11, 0x11, 0x11,
    0x11, 0x11, 0x11, 0x11, 0x11, 0x11, 0x11, 0x11, 0x11, 0x11, 0x11, 0x11, 0x11, 0x11, 0x11, 0x11,
    0x11, 0x11, 0x11, 0x11, 0x11, 0x11, 0x11, 0x11, 0x55, 0x16, 0x15, 0x16, 0x51, 0x61, 0x61, 0x11,
    0x11, 0x11, 0x11, 0x11, 0x11, 0x11, 0x11, 0x11, 0x11, 0x11, 0x11, 0x11, 0x11, 0x11, 0x11, 0x11,
    0x11, 0x11, 0x11, 0x11, 0x11, 0x11, 0x11, 0x11, 0x11, 0x11, 0x11, 0x11, 0x11, 0x11, 0x11, 0x11,
    0x16, 0x51, 0x55, 0x15, 0x16, 0x15, 0x51, 0x11, 0x11, 0x11, 0x11, 0x11, 0x11, 0x11, 0x11, 0x11,
    0x11, 0x11, 0x11, 0x11, 0x11, 0x11, 0x11, 0x11, 0x11, 0x11, 0x11, 0x11, 0x11, 0x11, 0x11, 0x11,
    0x11, 0x11, 0x11, 0x11, 0x11, 0x11, 0x11, 0x15, 0x51, 0x55, 0x16, 0x16, 0x51, 0x51, 0x51, 0x11,
    0x11, 0x11, 0x11, 0x11, 0x11, 0x11, 0x11, 0x11, 0x11, 0x11, 0x11, 0x11, 0x11, 0x11, 0x11, 0x11,
    0x11, 0x11, 0x11, 0x11, 0x11, 0x11, 0x11, 0x11, 0x11, 0x11, 0x11, 0x11, 0x11, 0x11, 0x11, 0x11,
    0x51, 0x61, 0x51, 0x51, 0x55, 0x61, 0x51, 0x11, 0x11, 0x11, 0x11, 0x11, 0x11, 0x11, 0x11, 0x11,
    0x11, 0x11, 0x11, 0x11, 0x11, 0x11, 0x11, 0x11, 0x11, 0x11, 0x11, 0x11, 0x11, 0x11, 0x11, 0x11,
    0x11, 0x11, 0x11, 0x11, 0x11, 0x11, 0x11, 0x11, 0x16, 0x15, 0x65, 0x16, 0x15, 0x15, 0x11, 0x11,
    0x11, 0x11, 0x11, 0x11, 0x11, 0x11, 0x11, 0x11, 0x11, 0x11, 0x11, 0x11, 0x11, 0x11, 0x11, 0x11,
    0x11, 0x11, 0x11, 0x11, 0x11, 0x11, 0x11, 0x11, 0x11, 0x11, 0x11, 0x13, 0x11, 0x31, 0x13, 0x12,
    0x11, 0x11, 0x16, 0x51, 0x51, 0x65, 0x51, 0x11, 0x11, 0x11, 0x11, 0x11, 0x11, 0x11, 0x11, 0x11,
    0x11, 0x11, 0x11, 0x11, 0x11, 0x11, 0x11, 0x11, 0x11, 0x11, 0x11, 0x11, 0x11, 0x11, 0x11, 0x11,
    0x11, 0x11, 0x31, 0x11, 0x11, 0x11, 0x11, 0x11, 0x13, 0x13, 0x11, 0x16, 0x55, 0x11, 0x51, 0x11,
    0x11, 0x11, 0x11, 0x11, 0x11, 0x11, 0x11, 0x11, 0x11, 0x11, 0x11, 0x11, 0x11, 0x11, 0x11, 0x11,
    0x11, 0x11, 0x11, 0x11, 0x11, 0x11, 0x11, 0x11, 0x11, 0x31, 0x11, 0x31, 0x21, 0x31, 0x21, 0x13,
    0x11, 0x11, 0x11, 0x31, 0x51, 0x65, 0x15, 0x11, 0x11, 0x11, 0x11, 0x11, 0x11, 0x11, 0x11, 0x11,
    0x11, 0x11, 0x11, 0x11, 0x11, 0x11, 0x11, 0x11, 0x11, 0x11, 0x11, 0x11, 0x11, 0x11, 0x11, 0x11,
    0x31, 0x11, 0x21, 0x11, 0x11, 0x11, 0x13, 0x11, 0x11, 0x21, 0x11, 0x11, 0x12, 0x15, 0x61, 0x11,
    0x11, 0x11, 0x11, 0x11, 0x11, 0x11, 0x11, 0x11, 0x11, 0x11, 0x11, 0x11, 0x11, 0x11, 0x11, 0x11,
    0x11, 0x11, 0x11, 0x11, 0x11, 0x11, 0x11, 0x13, 0x11, 0x21, 0x11, 0x31, 0x13, 0x11, 0x11, 0x11,
    0x31, 0x11, 0x31, 0x21, 0x11, 0x61, 0x51, 0x51, 0x11, 0x11, 0x11, 0x11, 0x11, 0x11, 0x11, 0x11,
    0x11, 0x11, 0x11, 0x11, 0x11, 0x11, 0x11, 0x11, 0x11, 0x11, 0x11, 0x11, 0x11, 0x11, 0x13, 0x11,
    0x11, 0x13, 0x11, 0x11, 0x11, 0x12, 0x11, 0x31, 0x11, 0x31, 0x11, 0x11, 0x31, 0x11, 0x56, 0x11,
    0x11, 0x11, 0x11, 0x11, 0x11, 0x11, 0x11, 0x11, 0x11, 0x11, 0x11, 0x11, 0x11, 0x11, 0x11, 0x11,
    0x11, 0x11, 0x11, 0x11, 0x11, 0x11, 0x11, 0x12, 0x13, 0x11, 0x13, 0x12, 0x11, 0x31, 0x11, 0x11,
    0x21, 0x11, 0x11, 0x31, 0x11, 0x12, 0x15, 0x51, 0x11, 0x11, 0x11, 0x11, 0x11, 0x11, 0x11, 0x11,
    0x11, 0x11, 0x11, 0x11, 0x11, 0x11, 0x11, 0x11, 0x11, 0x11, 0x11, 0x11, 0x11, 0x11, 0x31, 0x11,
    0x11, 0x13, 0x11, 0x11, 0x31, 0x11, 0x31, 0x21, 0x11, 0x13, 0x11, 0x11, 0x13, 0x11, 0x11, 0x65,
    0x11, 0x11, 0x11, 0x11, 0x11, 0x11, 0x11, 0x11, 0x11, 0x11, 0x11, 0x11, 0x11, 0x11, 0x11, 0x11,
    0x11, 0x11, 0x11, 0x11, 0x11, 0x31, 0x12, 0x13, 0x11, 0x11, 0x21, 0x11, 0x11, 0x11, 0x11, 0x11,
    0x31, 0x11, 0x12, 0x11, 0x11, 0x13, 0x12, 0x15, 0x51, 0x51, 0x11, 0x11, 0x11, 0x11, 0x11, 0x11,
    0x11, 0x11, 0x11, 0x11, 0x11, 0x11, 0x11, 0x11, 0x11, 0x11, 0x11, 0x11, 0x11, 0x11, 0x11, 0x11,
    0x13, 0x11, 0x11, 0x31, 0x13, 0x12, 0x11, 0x31, 0x11, 0x21, 0x11, 0x13, 0x12, 0x11, 0x11, 0x15,
    0x16, 0x15, 0x51, 0x11, 0x11, 0x11, 0x11, 0x51, 0x11, 0x11, 0x11, 0x11, 0x11, 0x11, 0x11, 0x11,
    0x11, 0x11, 0x11, 0x11, 0x11, 0x31, 0x31, 0x31, 0x11, 0x21, 0x31, 0x11, 0x21, 0x11, 0x31, 0x11,
    0x11, 0x13, 0x11, 0x11, 0x11, 0x11, 0x13, 0x16, 0x51, 0x51, 0x51, 0x55, 0x15, 0x51, 0x51, 0x51,
    0x11, 0x11, 0x11, 0x11, 0x11, 0x11, 0x11, 0x11, 0x11, 0x11, 0x11, 0x11, 0x13, 0x11, 0x11, 0x12,
    0x11, 0x11, 0x11, 0x21, 0x11, 0x31, 0x11, 0x13, 0x13, 0x11, 0x13, 0x11, 0x13, 0x13, 0x11, 0x11,
    0x55, 0x61, 0x65, 0x16, 0x15, 0x16, 0x51, 0x11, 0x11, 0x11, 0x11, 0x11, 0x11, 0x11, 0x11, 0x11,
    0x11, 0x11, 0x11, 0x11, 0x11, 0x21, 0x21, 0x11, 0x31, 0x31, 0x13, 0x11, 0x31, 0x11, 0x13, 0x11,
    0x11, 0x12, 0x11, 0x12, 0x11, 0x11, 0x12, 0x12, 0x11, 0x55, 0x15, 0x15, 0x51, 0x61, 0x55, 0x11,
    0x11, 0x11, 0x11, 0x11, 0x11, 0x11, 0x11, 0x11, 0x11, 0x11, 0x11, 0x11, 0x31, 0x11, 0x13, 0x11,
    0x11, 0x11, 0x11, 0x11, 0x11, 0x21, 0x11, 0x21, 0x12, 0x11, 0x11, 0x31, 0x11, 0x12, 0x11, 0x11,
    0x56, 0x15, 0x16, 0x51, 0x61, 0x55, 0x11, 0x11, 0x11, 0x11, 0x11, 0x11, 0x11, 0x11, 0x11, 0x11,
    0x11, 0x11, 0x13, 0x11, 0x11, 0x31, 0x11, 0x13, 0x11, 0x21, 0x31, 0x21, 0x31, 0x13, 0x11, 0x11,
    0x31, 0x13, 0x11, 0x11, 0x31, 0x11, 0x13, 0x11, 0x15, 0x16, 0x51, 0x51, 0x55, 0x15, 0x11, 0x11,
    0x11, 0x11, 0x11, 0x11, 0x11, 0x11, 0x11, 0x11, 0x31, 0x31, 0x11, 0x13, 0x12, 0x11, 0x31, 0x11,
    0x21, 0x11, 0x11, 0x11, 0x11, 0x11, 0x13, 0x11, 0x11, 0x11, 0x11, 0x31, 0x11, 0x31, 0x11, 0x13,
    0x15, 0x61, 0x51, 0x65, 0x16, 0x11, 0x11, 0x11, 0x11, 0x11, 0x11, 0x11, 0x11, 0x11, 0x13, 0x13,
    0x11, 0x12, 0x13, 0x11, 0x11, 0x31, 0x12, 0x11, 0x13, 0x13, 0x13, 0x11, 0x31, 0x13, 0x11, 0x12,
    0x13, 0x11, 0x31, 0x11, 0x21, 0x11, 0x13, 0x11, 0x12, 0x15, 0x16, 0x15, 0x15, 0x11, 0x11, 0x11,
    0x11, 0x11, 0x11, 0x11, 0x11, 0x13, 0x11, 0x11, 0x21, 0x13, 0x11, 0x21, 0x31, 0x11, 0x11, 0x31,
    0x11, 0x11, 0x11, 0x21, 0x11, 0x21, 0x12, 0x11, 0x11, 0x11, 0x12, 0x11, 0x11, 0x31, 0x11, 0x12,
    0x15, 0x15, 0x51, 0x55, 0x11, 0x11, 0x11, 0x11, 0x11, 0x11, 0x11, 0x11, 0x11, 0x31, 0x21, 0x31,
    0x13, 0x11, 0x11, 0x11, 0x11, 0x21, 0x31, 0x11, 0x31, 0x21, 0x11, 0x11, 0x31, 0x11, 0x31, 0x13,
    0x11, 0x21, 0x11, 0x13, 0x11, 0x11, 0x21, 0x11, 0x11, 0x51, 0x65, 0x11, 0x11, 0x11, 0x11, 0x11,
    0x11, 0x11, 0x11, 0x11, 0x31, 0x11, 0x11, 0x12, 0x11, 0x13, 0x13, 0x13, 0x11, 0x31, 0x11, 0x31,
    0x11, 0x13, 0x13, 0x11, 0x11, 0x31, 0x11, 0x11, 0x13, 0x11, 0x31, 0x11, 0x11, 0x21, 0x11, 0x31,
    0x21, 0x11, 0x11, 0x11, 0x11, 0x11, 0x11, 0x11, 0x11, 0x11, 0x11, 0x11, 0x12, 0x13, 0x13, 0x11,
    0x31, 0x11, 0x11, 0x11, 0x21, 0x11, 0x31, 0x12, 0x13, 0x11, 0x11, 0x12, 0x11, 0x11, 0x21, 0x31,
    0x11, 0x11, 0x11, 0x31, 0x21, 0x11, 0x31, 0x11, 0x11, 0x11, 0x11, 0x11, 0x11, 0x11, 0x11, 0x11,
    0x11, 0x11, 0x11, 0x31, 0x31, 0x11, 0x11, 0x21, 0x11, 0x21, 0x31, 0x21, 0x13, 0x11, 0x12, 0x11,
    0x11, 0x12, 0x13, 0x11, 0x31, 0x21, 0x11, 0x11, 0x21, 0x31, 0x11, 0x11, 0x11, 0x31, 0x11, 0x13,
    0x11, 0x11, 0x11, 0x11, 0x11, 0x11, 0x11, 0x11, 0x11, 0x11, 0x11, 0x12, 0x11, 0x31, 0x21, 0x13,
    0x13, 0x11, 0x11, 0x13, 0x11, 0x12, 0x11, 0x31, 0x13, 0x11, 0x11, 0x11, 0x11, 0x13, 0x11, 0x31,
    0x11, 0x11, 0x21, 0x31, 0x11, 0x11, 0x13, 0x11, 0x11, 0x31, 0x11, 0x11, 0x11, 0x11, 0x11, 0x11,
    0x11, 0x11, 0x13, 0x11, 0x31, 0x11, 0x31, 0x11, 0x11, 0x13, 0x12, 0x11, 0x13, 0x11, 0x31, 0x11,
    0x21, 0x13, 0x12, 0x13, 0x13, 0x11, 0x11, 0x11, 0x31, 0x13, 0x11, 0x11, 0x31, 0x13, 0x11, 0x12,
    0x11, 0x11, 0x31, 0x11, 0x11, 0x11, 0x11, 0x11, 0x11, 0x11, 0x31, 0x21, 0x12, 0x11, 0x13, 0x12,
    0x13, 0x11, 0x13, 0x13, 0x11, 0x11, 0x11, 0x31, 0x13, 0x11, 0x11, 0x11, 0x11, 0x12, 0x13, 0x11,
    0x12, 0x11, 0x11, 0x31, 0x12, 0x11, 0x12, 0x11, 0x13, 0x11, 0x11, 0x31, 0x11, 0x11, 0x11, 0x11,
    0x11, 0x11, 0x11, 0x31, 0x13, 0x13, 0x11, 0x13, 0x11, 0x21, 0x11, 0x11, 0x21, 0x31, 0x21, 0x11,
    0x11, 0x12, 0x13, 0x12, 0x12, 0x11, 0x11, 0x21, 0x11, 0x13, 0x11, 0x12, 0x11, 0x13, 0x11, 0x13,
    0x11, 0x12, 0x11, 0x11, 0x21, 0x11, 0x11, 0x11, 0x11, 0x11, 0x31, 0x13, 0x11, 0x11, 0x21, 0x11,
    0x13, 0x13, 0x12, 0x11, 0x11, 0x11, 0x31, 0x31, 0x21, 0x31, 0x11, 0x11, 0x11, 0x31, 0x31, 0x13,
    0x13, 0x11, 0x12, 0x11, 0x13, 0x11, 0x13, 0x11, 0x12, 0x11, 0x13, 0x11, 0x11, 0x11, 0x11, 0x11,
    0x11, 0x13, 0x12, 0x11, 0x21, 0x31, 0x13, 0x13, 0x11, 0x11, 0x11, 0x31, 0x31, 0x31, 0x11, 0x11,
    0x11, 0x11, 0x31, 0x31, 0x31, 0x11, 0x11, 0x11, 0x11, 0x12, 0x11, 0x13, 0x11, 0x12, 0x11, 0x11,
    0x11, 0x13, 0x11, 0x13, 0x13, 0x11, 0x11, 0x11, 0x11, 0x11, 0x13, 0x11, 0x31, 0x12, 0x11, 0x11,
    0x21, 0x31, 0x31, 0x11, 0x11, 0x12, 0x13, 0x12, 0x13, 0x11, 0x11, 0x11, 0x11, 0x21, 0x31, 0x21,
    0x12, 0x11, 0x31, 0x11, 0x12, 0x11, 0x13, 0x12, 0x13, 0x11, 0x12, 0x11, 0x11, 0x13, 0x11, 0x11,
    0x11, 0x31, 0x21, 0x13, 0x11, 0x31, 0x31, 0x21, 0x11, 0x11, 0x12, 0x13, 0x12, 0x11, 0x11, 0x11,
    0x31, 0x12, 0x13, 0x12, 0x11, 0x11, 0x11, 0x13, 0x11, 0x31, 0x11, 0x31, 0x11, 0x31, 0x11, 0x11,
    0x11, 0x11, 0x11, 0x11, 0x21, 0x11, 0x11, 0x11, 0x11, 0x11, 0x31, 0x11, 0x21, 0x11, 0x11, 0x31,
    0x31, 0x21, 0x31, 0x11, 0x11, 0x31, 0x31, 0x31, 0x12, 0x11, 0x11, 0x11, 0x31, 0x31, 0x13, 0x11,
    0x11, 0x11, 0x31, 0x11, 0x31, 0x11, 0x31, 0x13, 0x11, 0x31, 0x31, 0x31, 0x11, 0x31, 0x21, 0x11,
    0x11, 0x31, 0x12, 0x13, 0x13, 0x12, 0x13, 0x11, 0x11, 0x31, 0x11, 0x31, 0x31, 0x11, 0x11, 0x12,
    0x11, 0x31, 0x31, 0x31, 0x11, 0x12, 0x11, 0x12, 0x13, 0x11, 0x12, 0x11, 0x11, 0x21, 0x11, 0x11,
    0x11, 0x11, 0x11, 0x11, 0x31, 0x11, 0x11, 0x11, 0x11, 0x12, 0x13, 0x11, 0x11, 0x13, 0x11, 0x21,
    0x31, 0x11, 0x31, 0x12, 0x11, 0x21, 0x31, 0x11, 0x31, 0x11, 0x11, 0x12, 0x11, 0x11, 0x31, 0x13,
    0x11, 0x12, 0x11, 0x13, 0x11, 0x11, 0x31, 0x21, 0x31, 0x21, 0x12, 0x11, 0x11, 0x13, 0x11, 0x11,
    0x13, 0x11, 0x31, 0x13, 0x12, 0x11, 0x13, 0x11, 0x12, 0x13, 0x12, 0x11, 0x31, 0x11, 0x12, 0x11,
    0x11, 0x31, 0x21, 0x11, 0x31, 0x31, 0x11, 0x11, 0x12, 0x11, 0x31, 0x11, 0x21, 0x31, 0x11, 0x11,
    0x11, 0x11, 0x31, 0x11, 0x31, 0x11, 0x13, 0x11, 0x11, 0x13, 0x12, 0x11, 0x31, 0x31, 0x11, 0x31,
    0x13, 0x11, 0x11, 0x31, 0x11, 0x31, 0x31, 0x31, 0x31, 0x11, 0x13, 0x11, 0x11, 0x11, 0x21, 0x31,
    0x11, 0x31, 0x11, 0x31, 0x11, 0x11, 0x21, 0x31, 0x13, 0x11, 0x11, 0x31, 0x12, 0x11, 0x11, 0x11,
    0x11, 0x11, 0x13, 0x11, 0x11, 0x12, 0x13, 0x12, 0x11, 0x13, 0x11, 0x12, 0x13, 0x11, 0x11, 0x11,
    0x12, 0x13, 0x11, 0x13, 0x12, 0x13, 0x11, 0x12, 0x11, 0x11, 0x31, 0x11, 0x31, 0x13, 0x11, 0x11,
    0x11, 0x12, 0x11, 0x11, 0x11, 0x13, 0x11, 0x21, 0x11, 0x31, 0x11, 0x31, 0x21, 0x31, 0x11, 0x13,
    0x13, 0x11, 0x21, 0x31, 0x11, 0x21, 0x31, 0x21, 0x11, 0x11, 0x21, 0x11, 0x11, 0x11, 0x13, 0x11,
    0x31, 0x31, 0x12, 0x11, 0x12, 0x11, 0x13, 0x12, 0x13, 0x11, 0x13, 0x12, 0x13, 0x11, 0x21, 0x11,
    0x11, 0x12, 0x31, 0x11, 0x31, 0x13, 0x12, 0x11, 0x11, 0x21, 0x31, 0x11, 0x31, 0x11, 0x11, 0x31,
    0x31, 0x31, 0x13, 0x12, 0x13, 0x13, 0x11, 0x11, 0x11, 0x12, 0x11, 0x13, 0x11, 0x13, 0x11, 0x11,
    0x11, 0x13, 0x11, 0x11, 0x11, 0x11, 0x11, 0x11, 0x11, 0x11, 0x12, 0x13, 0x11, 0x21, 0x13, 0x13,
    0x11, 0x31, 0x11, 0x31, 0x12, 0x13, 0x11, 0x11, 0x11, 0x11, 0x11, 0x13, 0x11, 0x11, 0x21, 0x31,
    0x21, 0x11, 0x31, 0x11, 0x13, 0x11, 0x12, 0x13, 0x11, 0x11, 0x12, 0x13, 0x11, 0x31, 0x13, 0x11,
    0x11, 0x31, 0x31, 0x11, 0x21, 0x31, 0x11, 0x11, 0x21, 0x11, 0x31, 0x12, 0x11, 0x31, 0x21, 0x31,
    0x21, 0x31, 0x21, 0x31, 0x13, 0x11, 0x11, 0x11, 0x13, 0x11, 0x11, 0x31, 0x11, 0x12, 0x11, 0x11,
    0x13, 0x12, 0x11, 0x11, 0x11, 0x11, 0x11, 0x11, 0x11, 0x11, 0x13, 0x13, 0x11, 0x13, 0x13, 0x13,
    0x13, 0x12, 0x12, 0x11, 0x31, 0x11, 0x31, 0x11, 0x31, 0x11, 0x31, 0x11, 0x21, 0x13, 0x13, 0x13,
    0x11, 0x13, 0x11, 0x12, 0x13, 0x11, 0x31, 0x13, 0x11, 0x11, 0x13, 0x11, 0x31, 0x21, 0x31, 0x11,
    0x11, 0x13, 0x12, 0x11, 0x31, 0x21, 0x12, 0x11, 0x11, 0x11, 0x31, 0x31, 0x11, 0x31, 0x11, 0x31,
    0x11, 0x31, 0x11, 0x31, 0x13, 0x11, 0x11, 0x11, 0x21, 0x11, 0x21, 0x11, 0x11, 0x11, 0x11, 0x11,
    0x21, 0x13, 0x11, 0x11, 0x11, 0x11, 0x11, 0x11, 0x11, 0x11, 0x11, 0x31, 0x11, 0x31, 0x11, 0x31,
    0x21, 0x31, 0x11, 0x12, 0x13, 0x12, 0x12, 0x11, 0x21, 0x12, 0x11, 0x12, 0x11, 0x12, 0x12, 0x11,
    0x13, 0x11, 0x13, 0x13, 0x12, 0x13, 0x12, 0x11, 0x13, 0x11, 0x12, 0x13, 0x12, 0x11, 0x13, 0x11,
    0x11, 0x11, 0x11, 0x12, 0x13, 0x13, 0x11, 0x13, 0x11, 0x13, 0x12, 0x13, 0x11, 0x11, 0x31, 0x31,
    0x13, 0x11, 0x31, 0x13, 0x13, 0x11, 0x31, 0x31, 0x11, 0x13, 0x11, 0x11, 0x11, 0x11, 0x11, 0x31,
    0x11, 0x12, 0x11, 0x11, 0x11, 0x31, 0x11, 0x11, 0x11, 0x11, 0x13, 0x13, 0x11, 0x11, 0x23, 0x11,
    0x31, 0x21, 0x13, 0x11, 0x13, 0x11, 0x11, 0x11, 0x31, 0x13, 0x12, 0x11, 0x11, 0x11, 0x11, 0x11,
    0x31, 0x21, 0x12, 0x13, 0x13, 0x11, 0x31, 0x11, 0x31, 0x11, 0x31, 0x13, 0x11, 0x11, 0x21, 0x11,
    0x11, 0x11, 0x11, 0x11, 0x31, 0x21, 0x11, 0x21, 0x11, 0x31, 0x11, 0x31, 0x21, 0x21, 0x31, 0x21,
    0x12, 0x11, 0x11, 0x31, 0x21, 0x31, 0x21, 0x31, 0x11, 0x13, 0x11, 0x11, 0x11, 0x21, 0x11, 0x21,
    0x11, 0x31, 0x11, 0x11, 0x12, 0x11, 0x11, 0x11, 0x11, 0x11, 0x11, 0x12, 0x11, 0x31, 0x31, 0x13,
    0x11, 0x13, 0x12, 0x11, 0x13, 0x11, 0x13, 0x13, 0x11, 0x31, 0x31, 0x11, 0x11, 0x11, 0x31, 0x12,
    0x13, 0x11, 0x13, 0x12, 0x11, 0x13, 0x11, 0x13, 0x11, 0x11, 0x21, 0x31, 0x11, 0x31, 0x11, 0x11,
    0x11, 0x11, 0x11, 0x11, 0x31, 0x11, 0x13, 0x11, 0x23, 0x11, 0x11, 0x31, 0x11, 0x31, 0x21, 0x11,
    0x13, 0x11, 0x12, 0x13, 0x13, 0x11, 0x11, 0x11, 0x11, 0x13, 0x11, 0x11, 0x31, 0x11, 0x13, 0x11,
    0x12, 0x13, 0x11, 0x12, 0x11, 0x11, 0x11, 0x11, 0x11, 0x11, 0x11, 0x11, 0x11, 0x31, 0x21, 0x21,
    0x11, 0x21, 0x31, 0x13, 0x12, 0x11, 0x13, 0x13, 0x11, 0x21, 0x31, 0x11, 0x11, 0x21, 0x31, 0x31,
    0x31, 0x21, 0x12, 0x11, 0x11, 0x31, 0x11, 0x21, 0x13, 0x11, 0x13, 0x11, 0x31, 0x11, 0x11, 0x11,
    0x11, 0x11, 0x11, 0x11, 0x11, 0x11, 0x31, 0x13, 0x13, 0x11, 0x12, 0x11, 0x13, 0x13, 0x11, 0x11,
    0x21, 0x11, 0x13, 0x12, 0x13, 0x11, 0x12, 0x11, 0x11, 0x13, 0x11, 0x31, 0x31, 0x12, 0x11, 0x13,
    0x11, 0x13, 0x11, 0x11, 0x11, 0x11, 0x11, 0x11, 0x11, 0x11, 0x11, 0x11, 0x11, 0x11, 0x11, 0x12,
    0x11, 0x13, 0x11, 0x31, 0x11, 0x11, 0x13, 0x11, 0x13, 0x13, 0x11, 0x11, 0x11, 0x13, 0x11, 0x13,
    0x11, 0x11, 0x11, 0x11, 0x11, 0x11, 0x13, 0x11, 0x11, 0x11, 0x21, 0x11, 0x11, 0x11, 0x11, 0x11,
    0x11, 0x11, 0x11, 0x11, 0x11, 0x11, 0x11, 0x11, 0x11, 0x11, 0x11, 0x11, 0x11, 0x11, 0x11, 0x11,
    0x11, 0x11, 0x11, 0x11, 0x11, 0x11, 0x11, 0x11, 0x11, 0x11, 0x11, 0x11, 0x11, 0x11, 0x11, 0x11,
    0x11, 0x11, 0x11, 0x11, 0x11, 0x11, 0x11, 0x11, 0x11, 0x11, 0x11, 0x11, 0x11, 0x11, 0x11, 0x11,
    0x11, 0x11, 0x11, 0x11, 0x11, 0x11, 0x11, 0x11, 0x11, 0x11, 0x11, 0x11, 0x11, 0x11, 0x11, 0x11,
    0x11, 0x11, 0x11, 0x11, 0x11, 0x11, 0x11, 0x11, 0x11, 0x11, 0x11, 0x11, 0x11, 0x11, 0x11, 0x11,
    0x11, 0x11, 0x11, 0x11, 0x11, 0x11, 0x11, 0x11, 0x11, 0x11, 0x11, 0x11, 0x11, 0x11, 0x11, 0x11,
    0x11, 0x11, 0x11, 0x11, 0x11, 0x11, 0x11, 0x11, 0x11, 0x11, 0x11, 0x11, 0x11, 0x11, 0x11, 0x11,
    0x11, 0x11, 0x11, 0x11, 0x11, 0x11, 0x11, 0x11, 0x11, 0x11, 0x11, 0x11, 0x11, 0x11, 0x11, 0x11,
    0x11, 0x11, 0x11, 0x11, 0x11, 0x11, 0x11, 0x11, 0x11, 0x11, 0x11, 0x11, 0x11, 0x11, 0x11, 0x11,
    0x11, 0x11, 0x11, 0x11, 0x11, 0x11, 0x11, 0x11, 0x11, 0x11, 0x11, 0x11, 0x11, 0x11, 0x11, 0x11,
    0x11, 0x11, 0x11, 0x11, 0x11, 0x11, 0x11, 0x11, 0x11, 0x11, 0x11, 0x11, 0x11, 0x11, 0x11, 0x11,
    0x11, 0x11, 0x11, 0x11, 0x11, 0x11, 0x11, 0x11, 0x11, 0x11, 0x11, 0x11, 0x11, 0x11, 0x11, 0x11,
    0x11, 0x11, 0x11, 0x11, 0x11, 0x11, 0x11, 0x11, 0x11, 0x11, 0x11, 0x11, 0x11, 0x11, 0x11, 0x11,
    0x11, 0x11, 0x11, 0x11, 0x11, 0x11, 0x11, 0x11, 0x11, 0x11, 0x11, 0x11, 0x11, 0x11, 0x11, 0x11,
    0x11, 0x11, 0x11, 0x11, 0x11, 0x11, 0x11, 0x11, 0x11, 0x11, 0x11, 0x11, 0x11, 0x11, 0x11, 0x11,
    0x11, 0x11, 0x11, 0x11, 0x11, 0x11, 0x11, 0x11, 0x11, 0x11, 0x11, 0x11, 0x11, 0x11, 0x11, 0x11,
    0x11, 0x11, 0x11, 0x11, 0x11, 0x11, 0x11, 0x11, 0x11, 0x11, 0x11, 0x11, 0x11, 0x11, 0x11, 0x11,
    0x11, 0x11, 0x11, 0x11, 0x11, 0x11, 0x11, 0x11, 0x11, 0x11, 0x11, 0x11, 0x11, 0x11, 0x11, 0x11,
    0x11, 0x11, 0x11, 0x11, 0x11, 0x11, 0x11, 0x11, 0x11, 0x11, 0x11, 0x11, 0x11, 0x11, 0x11, 0x11,
    0x11, 0x11, 0x11, 0x11, 0x11, 0x11, 0x11, 0x11, 0x11, 0x11, 0x11, 0x11, 0x11, 0x11, 0x11, 0x11,
    0x11, 0x11, 0x11, 0x11, 0x11, 0x11, 0x11, 0x11, 0x11, 0x11, 0x11, 0x11, 0x11, 0x11, 0x11, 0x11,
    0x11, 0x11, 0x11, 0x11, 0x11, 0x11, 0x11, 0x11, 0x11, 0x11, 0x11, 0x11, 0x11, 0x11, 0x11, 0x11,
    0x11, 0x11, 0x11, 0x11, 0x11, 0x11, 0x11, 0x11, 0x11, 0x11, 0x11, 0x11, 0x11, 0x11, 0x11, 0x11,
    0x11, 0x11, 0x11, 0x11, 0x11, 0x11, 0x11, 0x11, 0x11, 0x11, 0x11, 0x11, 0x11, 0x11, 0x11, 0x11,
    0x11, 0x11, 0x11, 0x11, 0x11, 0x11, 0x11, 0x11, 0x11, 0x11, 0x11, 0x11, 0x11, 0x11, 0x11, 0x11,
    0x11, 0x11, 0x11, 0x11, 0x11, 0x11, 0x11, 0x11, 0x11, 0x11, 0x11, 0x11, 0x11, 0x11, 0x11, 0x11,
    0x11, 0x11, 0x11, 0x11, 0x11, 0x11, 0x11, 0x11, 0x11, 0x11, 0x11, 0x11, 0x11, 0x11, 0x11, 0x11,
    0x11, 0x11, 0x11, 0x11, 0x11, 0x11, 0x11, 0x11, 0x11, 0x11, 0x11, 0x11, 0x11, 0x11, 0x11, 0x11,
    0x11, 0x11, 0x11, 0x11, 0x11, 0x11, 0x11, 0x11, 0x11, 0x11, 0x11, 0x11, 0x11, 0x11, 0x11, 0x11,
    0x11, 0x11, 0x11, 0x11, 0x11, 0x11, 0x11, 0x11, 0x11, 0x11, 0x11, 0x11, 0x11, 0x11, 0x11, 0x11,
    0x11, 0x11, 0x11, 0x11, 0x11, 0x11, 0x11, 0x11, 0x11, 0x11, 0x11, 0x11, 0x11, 0x11, 0x11, 0x11,
    0x11, 0x11, 0x11, 0x11, 0x11, 0x11, 0x11, 0x11, 0x11, 0x11, 0x11, 0x11, 0x11, 0x11, 0x11, 0x11,
    0x11, 0x11, 0x11, 0x11, 0x11, 0x11, 0x11, 0x11, 0x11, 0x11, 0x11, 0x11, 0x11, 0x11, 0x11, 0x11,
    0x11, 0x11, 0x11, 0x11, 0x11, 0x11, 0x11, 0x11, 0x11, 0x11, 0x11, 0x11, 0x11, 0x11, 0x11, 0x11,
    0x11, 0x11, 0x11, 0x11, 0x11, 0x11, 0x11, 0x11, 0x11, 0x11, 0x11, 0x11, 0x11, 0x11, 0x11, 0x11,
};

// Auto-generated icon: wx_03d (80x80)
// Each byte holds 2 pixels (high nibble first)
#define ICON_WX_03D_W 80
#define ICON_WX_03D_H 80
static const uint8_t PROGMEM icon_wx_03d[] = {
    0x11, 0x11, 0x11, 0x11, 0x11, 0x11, 0x11, 0x11, 0x11, 0x11, 0x11, 0x11, 0x11, 0x11, 0x11, 0x11,
    0x11, 0x11, 0x11, 0x11, 0x11, 0x11, 0x11, 0x11, 0x11, 0x11, 0x11, 0x11, 0x11, 0x11, 0x11, 0x11,
    0x11, 0x11, 0x11, 0x11, 0x11, 0x11, 0x11, 0x11, 0x11, 0x11, 0x11, 0x11, 0x11, 0x11, 0x11, 0x11,
    0x11, 0x11, 0x11, 0x11, 0x11, 0x11, 0x11, 0x11, 0x11, 0x11, 0x11, 0x11, 0x11, 0x11, 0x11, 0x11,
    0x11, 0x11, 0x11, 0x11, 0x11, 0x11, 0x11, 0x11, 0x11, 0x11, 0x11, 0x11, 0x11, 0x11, 0x11, 0x11,
    0x11, 0x11, 0x11, 0x11, 0x11, 0x11, 0x11, 0x11, 0x11, 0x11, 0x11, 0x11, 0x11, 0x11, 0x11, 0x11,
    0x11, 0x11, 0x11, 0x11, 0x11, 0x11, 0x11, 0x11, 0x11, 0x11, 0x11, 0x11, 0x11, 0x11, 0x11, 0x11,
    0x11, 0x11, 0x11, 0x11, 0x11, 0x11, 0x11, 0x11, 0x11, 0x11, 0x11, 0x11, 0x11, 0x11, 0x11, 0x11,
    0x11, 0x11, 0x11, 0x11, 0x11, 0x11, 0x11, 0x11, 0x11, 0x11, 0x11, 0x11, 0x11, 0x11, 0x11, 0x11,
    0x11, 0x11, 0x11, 0x11, 0x11, 0x11, 0x11, 0x11, 0x11, 0x11, 0x11, 0x11, 0x11, 0x11, 0x11, 0x11,
    0x11, 0x11, 0x11, 0x11, 0x11, 0x11, 0x11, 0x11, 0x11, 0x11, 0x11, 0x11, 0x11, 0x11, 0x11, 0x11,
    0x11, 0x11, 0x11, 0x11, 0x11, 0x11, 0x11, 0x11, 0x11, 0x11, 0x11, 0x11, 0x11, 0x11, 0x11, 0x11,
    0x11, 0x11, 0x11, 0x11, 0x11, 0x11, 0x11, 0x11, 0x11, 0x11, 0x11, 0x11, 0x11, 0x11, 0x11, 0x11,
    0x11, 0x11, 0x11, 0x11, 0x11, 0x11, 0x11, 0x11, 0x11, 0x11, 0x11, 0x11, 0x11, 0x11, 0x11, 0x11,
    0x11, 0x11, 0x11, 0x11, 0x11, 0x11, 0x11, 0x11, 0x11, 0x11, 0x11, 0x11, 0x11, 0x11, 0x11, 0x11,
    0x11, 0x11, 0x11, 0x11, 0x11, 0x11, 0x11, 0x11, 0x11, 0x11, 0x11, 0x11, 0x11, 0x11, 0x11, 0x11,
    0x11, 0x11, 0x11, 0x11, 0x11, 0x11, 0x11, 0x11, 0x11, 0x11, 0x11, 0x11, 0x11, 0x11, 0x11, 0x11,
    0x11, 0x11, 0x11, 0x11, 0x11, 0x11, 0x11, 0x11, 0x11, 0x11, 0x11, 0x11, 0x11, 0x11, 0x11, 0x11,
    0x11, 0x11, 0x11, 0x11, 0x11, 0x11, 0x11, 0x11, 0x11, 0x11, 0x11, 0x11, 0x11, 0x11, 0x11, 0x11,
    0x11, 0x11, 0x11, 0x11, 0x11, 0x11, 0x11, 0x11, 0x11, 0x11, 0x11, 0x11, 0x11, 0x11, 0x11, 0x11,
    0x11, 0x11, 0x11, 0x11, 0x11, 0x11, 0x11, 0x11, 0x11, 0x11, 0x11, 0x11, 0x11, 0x11, 0x11, 0x11,
    0x11, 0x11, 0x11, 0x11, 0x11, 0x11, 0x11, 0x11, 0x11, 0x11, 0x11, 0x11, 0x11, 0x11, 0x11, 0x11,
    0x11, 0x11, 0x11, 0x11, 0x11, 0x11, 0x11, 0x11, 0x11, 0x11, 0x11, 0x11, 0x11, 0x11, 0x11, 0x11,
    0x11, 0x11, 0x11, 0x11, 0x11, 0x11, 0x11, 0x11, 0x11, 0x11, 0x11, 0x11, 0x11, 0x11, 0x11, 0x11,
    0x11, 0x11, 0x11, 0x11, 0x11, 0x11, 0x11, 0x11, 0x11, 0x11, 0x11, 0x11, 0x11, 0x11, 0x11, 0x11,
    0x11, 0x11, 0x11, 0x11, 0x11, 0x11, 0x11, 0x11, 0x11, 0x11, 0x11, 0x11, 0x11, 0x11, 0x11, 0x11,
    0x11, 0x11, 0x11, 0x11, 0x11, 0x11, 0x11, 0x11, 0x11, 0x11, 0x11, 0x11, 0x11, 0x11, 0x11, 0x11,
    0x11, 0x11, 0x11, 0x11, 0x11, 0x11, 0x11, 0x11, 0x11, 0x11, 0x11, 0x11, 0x11, 0x11, 0x11, 0x11,
    0x11, 0x11, 0x11, 0x11, 0x11, 0x11, 0x11, 0x11, 0x11, 0x11, 0x11, 0x11, 0x11, 0x11, 0x11, 0x11,
    0x11, 0x11, 0x11, 0x11, 0x11, 0x11, 0x11, 0x11, 0x11, 0x11, 0x11, 0x11, 0x11, 0x11, 0x11, 0x11,
    0x11, 0x11, 0x11, 0x11, 0x11, 0x11, 0x11, 0x11, 0x11, 0x11, 0x11, 0x11, 0x11, 0x11, 0x11, 0x11,
    0x11, 0x11, 0x11, 0x11, 0x11, 0x11, 0x11, 0x11, 0x11, 0x11, 0x11, 0x11, 0x11, 0x11, 0x11, 0x11,
    0x11, 0x11, 0x11, 0x11, 0x11, 0x11, 0x11, 0x11, 0x11, 0x11, 0x11, 0x11, 0x11, 0x11, 0x11, 0x11,
    0x11, 0x11, 0x11, 0x11, 0x11, 0x11, 0x11, 0x11, 0x11, 0x11, 0x11, 0x11, 0x11, 0x11, 0x11, 0x11,
    0x11, 0x11, 0x11, 0x11, 0x11, 0x11, 0x11, 0x11, 0x11, 0x11, 0x11, 0x11, 0x11, 0x11, 0x11, 0x11,
    0x11, 0x11, 0x11, 0x11, 0x11, 0x11, 0x11, 0x11, 0x11, 0x11, 0x11, 0x11, 0x11, 0x11, 0x11, 0x11,
    0x11, 0x11, 0x11, 0x11, 0x11, 0x11, 0x11, 0x11, 0x11, 0x11, 0x11, 0x11, 0x11, 0x11, 0x11, 0x11,
    0x11, 0x11, 0x11, 0x11, 0x11, 0x11, 0x11, 0x11, 0x11, 0x11, 0x11, 0x11, 0x11, 0x11, 0x11, 0x11,
    0x11, 0x11, 0x11, 0x11, 0x11, 0x11, 0x11, 0x11, 0x11, 0x11, 0x11, 0x13, 0x11, 0x31, 0x13, 0x11,
    0x11, 0x11, 0x11, 0x11, 0x11, 0x11, 0x11, 0x11, 0x11, 0x11, 0x11, 0x11, 0x11, 0x11, 0x11, 0x11,
    0x11, 0x11, 0x11, 0x11, 0x11, 0x11, 0x11, 0x11, 0x11, 0x11, 0x11, 0x11, 0x11, 0x11, 0x11, 0x11,
    0x11, 0x11, 0x31, 0x11, 0x11, 0x11, 0x11, 0x13, 0x11, 0x31, 0x11, 0x11, 0x11, 0x11, 0x11, 0x11,
    0x11, 0x11, 0x11, 0x11, 0x11, 0x11, 0x11, 0x11, 0x11, 0x11, 0x11, 0x11, 0x11, 0x11, 0x11, 0x11,
    0x11, 0x11, 0x11, 0x11, 0x11, 0x11, 0x11, 0x11, 0x11, 0x31, 0x11, 0x31, 0x21, 0x31, 0x21, 0x11,
    0x21, 0x11, 0x11, 0x11, 0x11, 0x11, 0x11, 0x11, 0x11, 0x11, 0x11, 0x11, 0x11, 0x11, 0x11, 0x11,
    0x11, 0x11, 0x11, 0x11, 0x11, 0x11, 0x11, 0x11, 0x11, 0x11, 0x11, 0x11, 0x11, 0x11, 0x11, 0x11,
    0x31, 0x11, 0x21, 0x11, 0x11, 0x11, 0x11, 0x31, 0x11, 0x13, 0x13, 0x11, 0x11, 0x11, 0x11, 0x11,
    0x11, 0x11, 0x11, 0x11, 0x11, 0x11, 0x11, 0x11, 0x11, 0x11, 0x11, 0x11, 0x11, 0x11, 0x11, 0x11,
    0x11, 0x11, 0x11, 0x11, 0x11, 0x11, 0x11, 0x13, 0x11, 0x21, 0x11, 0x31, 0x13, 0x11, 0x31, 0x11,
    0x13, 0x11, 0x11, 0x12, 0x11, 0x11, 0x11, 0x11, 0x11, 0x11, 0x11, 0x11, 0x11, 0x11, 0x11, 0x11,
    0x11, 0x11, 0x11, 0x11, 0x11, 0x11, 0x11, 0x11, 0x11, 0x11, 0x11, 0x11, 0x11, 0x11, 0x13, 0x11,
    0x11, 0x13, 0x11, 0x11, 0x11, 0x11, 0x11, 0x21, 0x11, 0x12, 0x11, 0x11, 0x11, 0x11, 0x11, 0x11,
    0x11, 0x11, 0x11, 0x11, 0x11, 0x11, 0x11, 0x11, 0x11, 0x11, 0x11, 0x11, 0x11, 0x11, 0x11, 0x11,
    0x11, 0x11, 0x11, 0x11, 0x11, 0x11, 0x11, 0x12, 0x13, 0x11, 0x13, 0x12, 0x11, 0x21, 0x11, 0x13,
    0x11, 0x11, 0x13, 0x13, 0x13, 0x11, 0x11, 0x11, 0x11, 0x11, 0x11, 0x11, 0x11, 0x11, 0x11, 0x11,
    0x11, 0x11, 0x11, 0x11, 0x11, 0x11, 0x11, 0x11, 0x11, 0x11, 0x11, 0x11, 0x11, 0x11, 0x31, 0x11,
    0x11, 0x13, 0x11, 0x11, 0x31, 0x13, 0x13, 0x11, 0x13, 0x11, 0x11, 0x11, 0x11, 0x11, 0x11, 0x11,
    0x11, 0x11, 0x11, 0x11, 0x11, 0x11, 0x11, 0x11, 0x11, 0x11, 0x11, 0x11, 0x11, 0x11, 0x11, 0x11,
    0x11, 0x11, 0x11, 0x11, 0x11, 0x31, 0x12, 0x13, 0x11, 0x11, 0x21, 0x11, 0x11, 0x11, 0x11, 0x12,
    0x11, 0x13, 0x11, 0x21, 0x11, 0x31, 0x11, 0x11, 0x11, 0x11, 0x11, 0x11, 0x11, 0x11, 0x11, 0x11,
    0x11, 0x11, 0x11, 0x11, 0x11, 0x11, 0x11, 0x11, 0x11, 0x11, 0x11, 0x11, 0x11, 0x11, 0x11, 0x11,
    0x13, 0x11, 0x11, 0x31, 0x13, 0x11, 0x21, 0x11, 0x13, 0x11, 0x21, 0x11, 0x31, 0x11, 0x21, 0x11,
    0x11, 0x11, 0x11, 0x11, 0x11, 0x11, 0x11, 0x11, 0x11, 0x11, 0x11, 0x11, 0x11, 0x11, 0x11, 0x11,
    0x11, 0x11, 0x11, 0x11, 0x11, 0x31, 0x31, 0x31, 0x11, 0x21, 0x31, 0x11, 0x21, 0x11, 0x13, 0x11,
    0x11, 0x11, 0x11, 0x31, 0x11, 0x21, 0x11, 0x11, 0x11, 0x11, 0x11, 0x11, 0x11, 0x11, 0x11, 0x11,
    0x11, 0x11, 0x11, 0x11, 0x11, 0x11, 0x11, 0x11, 0x11, 0x11, 0x11, 0x11, 0x13, 0x11, 0x11, 0x12,
    0x11, 0x11, 0x11, 0x21, 0x11, 0x31, 0x11, 0x13, 0x12, 0x11, 0x31, 0x11, 0x11, 0x11, 0x31, 0x11,
    0x11, 0x11, 0x11, 0x11, 0x11, 0x11, 0x11, 0x11, 0x11, 0x11, 0x11, 0x11, 0x11, 0x11, 0x11, 0x11,
    0x11, 0x11, 0x11, 0x11, 0x11, 0x21, 0x21, 0x11, 0x31, 0x31, 0x13, 0x11, 0x31, 0x11, 0x21, 0x11,
    0x11, 0x11, 0x11, 0x13, 0x11, 0x31, 0x11, 0x11, 0x11, 0x11, 0x11, 0x11, 0x11, 0x11, 0x11, 0x11,
    0x11, 0x11, 0x11, 0x11, 0x11, 0x11, 0x11, 0x11, 0x11, 0x11, 0x11, 0x11, 0x31, 0x11, 0x13, 0x11,
    0x11, 0x11, 0x11, 0x11, 0x11, 0x21, 0x13, 0x11, 0x31, 0x31, 0x13, 0x11, 0x21, 0x11, 0x13, 0x11,
    0x11, 0x11, 0x11, 0x11, 0x11, 0x11, 0x11, 0x11, 0x11, 0x11, 0x11, 0x11, 0x11, 0x11, 0x11, 0x11,
    0x11, 0x11, 0x13, 0x11, 0x11, 0x31, 0x11, 0x13, 0x11, 0x21, 0x31, 0x21, 0x31, 0x11, 0x11, 0x11,
    0x11, 0x11, 0x21, 0x11, 0x11, 0x13, 0x11, 0x12, 0x11, 0x11, 0x11, 0x11, 0x11, 0x11, 0x11, 0x11,
    0x11, 0x11, 0x11, 0x11, 0x11, 0x11, 0x11, 0x11, 0x31, 0x31, 0x11, 0x13, 0x12, 0x11, 0x31, 0x11,
    0x21, 0x11, 0x11, 0x11, 0x11, 0x31, 0x13, 0x12, 0x11, 0x21, 0x11, 0x31, 0x13, 0x11, 0x12, 0x11,
    0x11, 0x11, 0x11, 0x11, 0x11, 0x11, 0x11, 0x11, 0x11, 0x11, 0x11, 0x11, 0x11, 0x11, 0x13, 0x13,
    0x11, 0x12, 0x13, 0x11, 0x11, 0x31, 0x12, 0x11, 0x13, 0x13, 0x13, 0x11, 0x31, 0x11, 0x11, 0x11,
    0x13, 0x11, 0x31, 0x11, 0x11, 0x12, 0x11, 0x11, 0x31, 0x11, 0x11, 0x11, 0x11, 0x11, 0x11, 0x11,
    0x11, 0x11, 0x11, 0x11, 0x11, 0x13, 0x11, 0x11, 0x21, 0x13, 0x11, 0x21, 0x31, 0x11, 0x11, 0x31,
    0x11, 0x11, 0x11, 0x21, 0x11, 0x21, 0x31, 0x13, 0x11, 0x11, 0x11, 0x21, 0x31, 0x11, 0x13, 0x11,
    0x11, 0x11, 0x11, 0x11, 0x11, 0x11, 0x11, 0x11, 0x11, 0x11, 0x11, 0x11, 0x11, 0x31, 0x21, 0x31,
    0x13, 0x11, 0x11, 0x11, 0x11, 0x21, 0x31, 0x11, 0x31, 0x21, 0x11, 0x11, 0x31, 0x11, 0x12, 0x11,
    0x12, 0x13, 0x11, 0x11, 0x11, 0x31, 0x11, 0x11, 0x31, 0x11, 0x11, 0x11, 0x11, 0x11, 0x11, 0x11,
    0x11, 0x11, 0x11, 0x11, 0x31, 0x11, 0x11, 0x12, 0x11, 0x13, 0x13, 0x13, 0x11, 0x31, 0x11, 0x31,
    0x11, 0x13, 0x13, 0x11, 0x11, 0x31, 0x11, 0x13, 0x11, 0x11, 0x13, 0x11, 0x21, 0x11, 0x13, 0x11,
    0x11, 0x11, 0x11, 0x11, 0x11, 0x11, 0x11, 0x11, 0x11, 0x11, 0x11, 0x11, 0x12, 0x13, 0x13, 0x11,
    0x31, 0x11, 0x11, 0x11, 0x21, 0x11, 0x31, 0x12, 0x13, 0x11, 0x11, 0x12, 0x11, 0x11, 0x31, 0x11,
    0x13, 0x11, 0x11, 0x11, 0x11, 0x31, 0x11, 0x12, 0x11, 0x11, 0x11, 0x11, 0x11, 0x11, 0x11, 0x11,
    0x11, 0x11, 0x11, 0x31, 0x31, 0x11, 0x11, 0x21, 0x11, 0x21, 0x31, 0x21, 0x13, 0x11, 0x12, 0x11,
    0x11, 0x12, 0x13, 0x11, 0x31, 0x21, 0x11, 0x21, 0x11, 0x12, 0x13, 0x13, 0x11, 0x11, 0x21, 0x11,
    0x11, 0x11, 0x11, 0x11, 0x11, 0x11, 0x11, 0x11, 0x11, 0x11, 0x11, 0x12, 0x11, 0x31, 0x21, 0x13,
    0x13, 0x11, 0x11, 0x13, 0x11, 0x12, 0x11, 0x31, 0x13, 0x11, 0x11, 0x11, 0x11, 0x11, 0x31, 0x13,
    0x12, 0x11, 0x11, 0x11, 0x12, 0x11, 0x11, 0x31, 0x31, 0x31, 0x11, 0x11, 0x11, 0x11, 0x11, 0x11,
    0x11, 0x11, 0x13, 0x11, 0x31, 0x11, 0x31, 0x11, 0x11, 0x13, 0x12, 0x11, 0x13, 0x11, 0x31, 0x11,
    0x21, 0x13, 0x12, 0x13, 0x13, 0x11, 0x11, 0x11, 0x11, 0x31, 0x12, 0x11, 0x11, 0x31, 0x31, 0x11,
    0x11, 0x11, 0x31, 0x11, 0x11, 0x11, 0x11, 0x11, 0x11, 0x11, 0x31, 0x21, 0x12, 0x11, 0x13, 0x12,
    0x13, 0x11, 0x13, 0x13, 0x11, 0x11, 0x11, 0x31, 0x13, 0x11, 0x11, 0x11, 0x11, 0x12, 0x13, 0x11,
    0x31, 0x11, 0x31, 0x13, 0x11, 0x11, 0x11, 0x12, 0x11, 0x21, 0x11, 0x31, 0x11, 0x11, 0x11, 0x11,
    0x11, 0x11, 0x11, 0x31, 0x13, 0x13, 0x11, 0x13, 0x11, 0x21, 0x11, 0x11, 0x21, 0x31, 0x21, 0x11,
    0x11, 0x12, 0x13, 0x12, 0x13, 0x11, 0x11, 0x21, 0x11, 0x21, 0x11, 0x11, 0x12, 0x11, 0x31, 0x11,
    0x13, 0x11, 0x11, 0x11, 0x21, 0x11, 0x11, 0x11, 0x11, 0x11, 0x31, 0x13, 0x11, 0x11, 0x21, 0x11,
    0x13, 0x13, 0x12, 0x11, 0x11, 0x11, 0x31, 0x31, 0x21, 0x31, 0x11, 0x11, 0x11, 0x13, 0x11, 0x11,
    0x31, 0x11, 0x31, 0x21, 0x11, 0x31, 0x11, 0x31, 0x11, 0x13, 0x12, 0x11, 0x11, 0x11, 0x11, 0x11,
    0x11, 0x13, 0x12, 0x11, 0x21, 0x31, 0x13, 0x13, 0x11, 0x11, 0x11, 0x31, 0x31, 0x31, 0x11, 0x11,
    0x11, 0x11, 0x31, 0x31, 0x31, 0x11, 0x13, 0x11, 0x11, 0x31, 0x11, 0x13, 0x11, 0x11, 0x21, 0x11,
    0x13, 0x11, 0x11, 0x13, 0x13, 0x11, 0x11, 0x11, 0x11, 0x11, 0x13, 0x11, 0x31, 0x12, 0x11, 0x11,
    0x21, 0x31, 0x31, 0x11, 0x11, 0x12, 0x13, 0x12, 0x13, 0x11, 0x11, 0x11, 0x12, 0x13, 0x11, 0x21,
    0x31, 0x11, 0x21, 0x11, 0x13, 0x11, 0x11, 0x31, 0x11, 0x12, 0x11, 0x11, 0x11, 0x13, 0x11, 0x11,
    0x11, 0x31, 0x21, 0x13, 0x11, 0x31, 0x31, 0x21, 0x11, 0x11, 0x12, 0x13, 0x12, 0x11, 0x11, 0x11,
    0x31, 0x12, 0x13, 0x12, 0x11, 0x11, 0x21, 0x11, 0x11, 0x21, 0x13, 0x11, 0x11, 0x13, 0x11, 0x11,
    0x21, 0x11, 0x31, 0x13, 0x11, 0x11, 0x11, 0x11, 0x11, 0x11, 0x31, 0x11, 0x21, 0x11, 0x11, 0x31,
    0x31, 0x21, 0x31, 0x11, 0x11, 0x31, 0x31, 0x31, 0x12, 0x11, 0x11, 0x11, 0x31, 0x11, 0x13, 0x11,
    0x31, 0x13, 0x11, 0x13, 0x12, 0x11, 0x12, 0x11, 0x13, 0x11, 0x11, 0x11, 0x12, 0x11, 0x21, 0x11,
    0x11, 0x31, 0x12, 0x13, 0x13, 0x12, 0x13, 0x11, 0x11, 0x31, 0x11, 0x31, 0x31, 0x11, 0x11, 0x12,
    0x11, 0x31, 0x31, 0x31, 0x11, 0x31, 0x11, 0x12, 0x11, 0x11, 0x13, 0x11, 0x11, 0x13, 0x11, 0x31,
    0x11, 0x11, 0x31, 0x21, 0x11, 0x31, 0x11, 0x11, 0x11, 0x12, 0x13, 0x11, 0x11, 0x13, 0x11, 0x21,
    0x31, 0x11, 0x31, 0x12, 0x11, 0x21, 0x31, 0x11, 0x31, 0x11, 0x11, 0x12, 0x11, 0x12, 0x13, 0x11,
    0x13, 0x11, 0x21, 0x12, 0x13, 0x11, 0x11, 0x11, 0x13, 0x11, 0x11, 0x11, 0x31, 0x11, 0x31, 0x11,
    0x13, 0x11, 0x31, 0x13, 0x12, 0x11, 0x13, 0x11, 0x12, 0x13, 0x12, 0x11, 0x31, 0x11, 0x12, 0x11,
    0x11, 0x31, 0x21, 0x11, 0x31, 0x11, 0x11, 0x13, 0x11, 0x21, 0x11, 0x31, 0x11, 0x12, 0x13, 0x12,
    0x11, 0x12, 0x11, 0x31, 0x11, 0x11, 0x11, 0x11, 0x11, 0x13, 0x12, 0x11, 0x31, 0x31, 0x11, 0x31,
    0x13, 0x11, 0x11, 0x31, 0x11, 0x31, 0x31, 0x31, 0x31, 0x11, 0x13, 0x11, 0x12, 0x13, 0x13, 0x11,
    0x11, 0x13, 0x11, 0x11, 0x31, 0x11, 0x11, 0x11, 0x13, 0x11, 0x11, 0x11, 0x13, 0x12, 0x11, 0x31,
    0x11, 0x11, 0x13, 0x11, 0x11, 0x12, 0x13, 0x12, 0x11, 0x13, 0x11, 0x12, 0x13, 0x11, 0x11, 0x11,
    0x12, 0x13, 0x11, 0x13, 0x11, 0x11, 0x11, 0x21, 0x31, 0x11, 0x13, 0x11, 0x11, 0x31, 0x13, 0x13,
    0x11, 0x13, 0x11, 0x31, 0x11, 0x11, 0x11, 0x11, 0x11, 0x31, 0x11, 0x31, 0x21, 0x31, 0x11, 0x13,
    0x13, 0x11, 0x21, 0x31, 0x11, 0x21, 0x31, 0x21, 0x11, 0x11, 0x21, 0x11, 0x21, 0x31, 0x21, 0x11,
    0x11, 0x21, 0x11, 0x21, 0x31, 0x12, 0x11, 0x11, 0x12, 0x11, 0x11, 0x12, 0x11, 0x31, 0x31, 0x11,
    0x11, 0x12, 0x31, 0x11, 0x31, 0x13, 0x12, 0x11, 0x11, 0x21, 0x31, 0x11, 0x31, 0x11, 0x11, 0x31,
    0x31, 0x31, 0x13, 0x11, 0x31, 0x11, 0x13, 0x11, 0x31, 0x13, 0x11, 0x11, 0x12, 0x11, 0x13, 0x12,
    0x11, 0x13, 0x12, 0x11, 0x11, 0x11, 0x11, 0x21, 0x11, 0x11, 0x12, 0x13, 0x11, 0x21, 0x13, 0x13,
    0x11, 0x31, 0x11, 0x31, 0x12, 0x13, 0x11, 0x11, 0x11, 0x11, 0x11, 0x21, 0x11, 0x31, 0x11, 0x12,
    0x11, 0x11, 0x13, 0x11, 0x11, 0x13, 0x11, 0x11, 0x13, 0x11, 0x11, 0x13, 0x11, 0x21, 0x11, 0x11,
    0x11, 0x31, 0x31, 0x11, 0x21, 0x31, 0x11, 0x11, 0x21, 0x11, 0x31, 0x12, 0x11, 0x31, 0x21, 0x31,
    0x21, 0x31, 0x21, 0x13, 0x11, 0x12, 0x13, 0x11, 0x31, 0x31, 0x21, 0x13, 0x13, 0x11, 0x12, 0x13,
    0x11, 0x12, 0x13, 0x11, 0x13, 0x11, 0x31, 0x31, 0x11, 0x11, 0x13, 0x13, 0x11, 0x13, 0x13, 0x13,
    0x13, 0x12, 0x12, 0x11, 0x31, 0x11, 0x31, 0x11, 0x31, 0x11, 0x31, 0x11, 0x21, 0x13, 0x11, 0x11,
    0x11, 0x11, 0x13, 0x11, 0x11, 0x12, 0x11, 0x11, 0x12, 0x11, 0x11, 0x12, 0x11, 0x11, 0x11, 0x11,
    0x11, 0x13, 0x12, 0x11, 0x31, 0x21, 0x12, 0x11, 0x11, 0x11, 0x31, 0x31, 0x11, 0x31, 0x11, 0x31,
    0x11, 0x31, 0x11, 0x31, 0x13, 0x11, 0x13, 0x12, 0x13, 0x12, 0x11, 0x12, 0x12, 0x11, 0x31, 0x13,
    0x11, 0x31, 0x13, 0x11, 0x13, 0x11, 0x31, 0x11, 0x11, 0x11, 0x11, 0x31, 0x11, 0x31, 0x11, 0x31,
    0x21, 0x31, 0x11, 0x12, 0x13, 0x12, 0x12, 0x11, 0x21, 0x12, 0x11, 0x13, 0x11, 0x13, 0x11, 0x11,
    0x11, 0x11, 0x31, 0x11, 0x31, 0x11, 0x11, 0x11, 0x11, 0x11, 0x11, 0x13, 0x11, 0x12, 0x11, 0x11,
    0x11, 0x11, 0x11, 0x12, 0x13, 0x13, 0x11, 0x13, 0x11, 0x13, 0x12, 0x13, 0x11, 0x11, 0x31, 0x31,
    0x13, 0x11, 0x31, 0x21, 0x13, 0x11, 0x21, 0x31, 0x31, 0x31, 0x11, 0x31, 0x11, 0x31, 0x31, 0x21,
    0x31, 0x21, 0x31, 0x11, 0x12, 0x11, 0x11, 0x11, 0x11, 0x11, 0x13, 0x13, 0x11, 0x11, 0x23, 0x11,
    0x31, 0x21, 0x13, 0x11, 0x13, 0x11, 0x11, 0x11, 0x31, 0x13, 0x11, 0x13, 0x11, 0x21, 0x11, 0x11,
    0x11, 0x12, 0x11, 0x12, 0x11, 0x11, 0x11, 0x11, 0x11, 0x11, 0x11, 0x21, 0x11, 0x31, 0x31, 0x11,
    0x11, 0x11, 0x11, 0x11, 0x31, 0x21, 0x11, 0x21, 0x11, 0x31, 0x11, 0x31, 0x21, 0x21, 0x31, 0x21,
    0x12, 0x11, 0x21, 0x11, 0x21, 0x13, 0x13, 0x12, 0x12, 0x11, 0x31, 0x11, 0x31, 0x21, 0x31, 0x31,
    0x13, 0x11, 0x31, 0x13, 0x11, 0x11, 0x11, 0x11, 0x11, 0x11, 0x11, 0x12, 0x11, 0x31, 0x31, 0x13,
    0x11, 0x13, 0x12, 0x11, 0x13, 0x11, 0x13, 0x13, 0x11, 0x31, 0x13, 0x13, 0x11, 0x11, 0x11, 0x11,
    0x31, 0x11, 0x11, 0x31, 0x11, 0x11, 0x11, 0x12, 0x11, 0x12, 0x11, 0x11, 0x11, 0x31, 0x11, 0x11,
    0x11, 0x11, 0x11, 0x11, 0x31, 0x11, 0x13, 0x11, 0x23, 0x11, 0x11, 0x31, 0x11, 0x31, 0x21, 0x11,
    0x13, 0x11, 0x31, 0x11, 0x13, 0x13, 0x12, 0x11, 0x13, 0x13, 0x12, 0x11, 0x31, 0x31, 0x21, 0x11,
    0x13, 0x11, 0x13, 0x11, 0x31, 0x11, 0x11, 0x11, 0x11, 0x11, 0x11, 0x11, 0x11, 0x31, 0x21, 0x21,
    0x11, 0x21, 0x31, 0x13, 0x12, 0x11, 0x13, 0x13, 0x11, 0x21, 0x12, 0x13, 0x11, 0x21, 0x11, 0x31,
    0x11, 0x11, 0x11, 0x31, 0x11, 0x11, 0x13, 0x13, 0x11, 0x13, 0x11, 0x11, 0x11, 0x11, 0x11, 0x11,
    0x11, 0x11, 0x11, 0x11, 0x11, 0x11, 0x31, 0x13, 0x13, 0x11, 0x12, 0x11, 0x13, 0x13, 0x11, 0x11,
    0x21, 0x13, 0x11, 0x11, 0x21, 0x13, 0x11, 0x12, 0x13, 0x12, 0x11, 0x12, 0x12, 0x13, 0x11, 0x11,
    0x12, 0x11, 0x11, 0x21, 0x11, 0x11, 0x11, 0x11, 0x11, 0x11, 0x11, 0x11, 0x11, 0x11, 0x11, 0x12,
    0x11, 0x13, 0x11, 0x31, 0x11, 0x11, 0x13, 0x11, 0x13, 0x11, 0x13, 0x11, 0x13, 0x11, 0x13, 0x11,
    0x11, 0x11, 0x31, 0x11, 0x11, 0x11, 0x11, 0x13, 0x11, 0x13, 0x11, 0x11, 0x11, 0x11, 0x11, 0x11,
    0x11, 0x11, 0x11, 0x11, 0x11, 0x11, 0x11, 0x11, 0x11, 0x11, 0x11, 0x11, 0x11, 0x11, 0x11, 0x11,
    0x11, 0x11, 0x11, 0x11, 0x11, 0x11, 0x11, 0x11, 0x11, 0x11, 0x11, 0x11, 0x11, 0x11, 0x11, 0x11,
    0x11, 0x11, 0x11, 0x11, 0x11, 0x11, 0x11, 0x11, 0x11, 0x11, 0x11, 0x11, 0x11, 0x11, 0x11, 0x11,
    0x11, 0x11, 0x11, 0x11, 0x11, 0x11, 0x11, 0x11, 0x11, 0x11, 0x11, 0x11, 0x11, 0x11, 0x11, 0x11,
    0x11, 0x11, 0x11, 0x11, 0x11, 0x11, 0x11, 0x11, 0x11, 0x11, 0x11, 0x11, 0x11, 0x11, 0x11, 0x11,
    0x11, 0x11, 0x11, 0x11, 0x11, 0x11, 0x11, 0x11, 0x11, 0x11, 0x11, 0x11, 0x11, 0x11, 0x11, 0x11,
    0x11, 0x11, 0x11, 0x11, 0x11, 0x11, 0x11, 0x11, 0x11, 0x11, 0x11, 0x11, 0x11, 0x11, 0x11, 0x11,
    0x11, 0x11, 0x11, 0x11, 0x11, 0x11, 0x11, 0x11, 0x11, 0x11, 0x11, 0x11, 0x11, 0x11, 0x11, 0x11,
    0x11, 0x11, 0x11, 0x11, 0x11, 0x11, 0x11, 0x11, 0x11, 0x11, 0x11, 0x11, 0x11, 0x11, 0x11, 0x11,
    0x11, 0x11, 0x11, 0x11, 0x11, 0x11, 0x11, 0x11, 0x11, 0x11, 0x11, 0x11, 0x11, 0x11, 0x11, 0x11,
    0x11, 0x11, 0x11, 0x11, 0x11, 0x11, 0x11, 0x11, 0x11, 0x11, 0x11, 0x11, 0x11, 0x11, 0x11, 0x11,
    0x11, 0x11, 0x11, 0x11, 0x11, 0x11, 0x11, 0x11, 0x11, 0x11, 0x11, 0x11, 0x11, 0x11, 0x11, 0x11,
    0x11, 0x11, 0x11, 0x11, 0x11, 0x11, 0x11, 0x11, 0x11, 0x11, 0x11, 0x11, 0x11, 0x11, 0x11, 0x11,
    0x11, 0x11, 0x11, 0x11, 0x11, 0x11, 0x11, 0x11, 0x11, 0x11, 0x11, 0x11, 0x11, 0x11, 0x11, 0x11,
    0x11, 0x11, 0x11, 0x11, 0x11, 0x11, 0x11, 0x11, 0x11, 0x11, 0x11, 0x11, 0x11, 0x11, 0x11, 0x11,
    0x11, 0x11, 0x11, 0x11, 0x11, 0x11, 0x11, 0x11, 0x11, 0x11, 0x11, 0x11, 0x11, 0x11, 0x11, 0x11,
    0x11, 0x11, 0x11, 0x11, 0x11, 0x11, 0x11, 0x11, 0x11, 0x11, 0x11, 0x11, 0x11, 0x11, 0x11, 0x11,
    0x11, 0x11, 0x11, 0x11, 0x11, 0x11, 0x11, 0x11, 0x11, 0x11, 0x11, 0x11, 0x11, 0x11, 0x11, 0x11,
    0x11, 0x11, 0x11, 0x11, 0x11, 0x11, 0x11, 0x11, 0x11, 0x11, 0x11, 0x11, 0x11, 0x11, 0x11, 0x11,
    0x11, 0x11, 0x11, 0x11, 0x11, 0x11, 0x11, 0x11, 0x11, 0x11, 0x11, 0x11, 0x11, 0x11, 0x11, 0x11,
    0x11, 0x11, 0x11, 0x11, 0x11, 0x11, 0x11, 0x11, 0x11, 0x11, 0x11, 0x11, 0x11, 0x11, 0x11, 0x11,
    0x11, 0x11, 0x11, 0x11, 0x11, 0x11, 0x11, 0x11, 0x11, 0x11, 0x11, 0x11, 0x11, 0x11, 0x11, 0x11,
    0x11, 0x11, 0x11, 0x11, 0x11, 0x11, 0x11, 0x11, 0x11, 0x11, 0x11, 0x11, 0x11, 0x11, 0x11, 0x11,
    0x11, 0x11, 0x11, 0x11, 0x11, 0x11, 0x11, 0x11, 0x11, 0x11, 0x11, 0x11, 0x11, 0x11, 0x11, 0x11,
    0x11, 0x11, 0x11, 0x11, 0x11, 0x11, 0x11, 0x11, 0x11, 0x11, 0x11, 0x11, 0x11, 0x11, 0x11, 0x11,
    0x11, 0x11, 0x11, 0x11, 0x11, 0x11, 0x11, 0x11, 0x11, 0x11, 0x11, 0x11, 0x11, 0x11, 0x11, 0x11,
    0x11, 0x11, 0x11, 0x11, 0x11, 0x11, 0x11, 0x11, 0x11, 0x11, 0x11, 0x11, 0x11, 0x11, 0x11, 0x11,
    0x11, 0x11, 0x11, 0x11, 0x11, 0x11, 0x11, 0x11, 0x11, 0x11, 0x11, 0x11, 0x11, 0x11, 0x11, 0x11,
    0x11, 0x11, 0x11, 0x11, 0x11, 0x11, 0x11, 0x11, 0x11, 0x11, 0x11, 0x11, 0x11, 0x11, 0x11, 0x11,
    0x11, 0x11, 0x11, 0x11, 0x11, 0x11, 0x11, 0x11, 0x11, 0x11, 0x11, 0x11, 0x11, 0x11, 0x11, 0x11,
    0x11, 0x11, 0x11, 0x11, 0x11, 0x11, 0x11, 0x11, 0x11, 0x11, 0x11, 0x11, 0x11, 0x11, 0x11, 0x11,
    0x11, 0x11, 0x11, 0x11, 0x11, 0x11, 0x11, 0x11, 0x11, 0x11, 0x11, 0x11, 0x11, 0x11, 0x11, 0x11,
    0x11, 0x11, 0x11, 0x11, 0x11, 0x11, 0x11, 0x11, 0x11, 0x11, 0x11, 0x11, 0x11, 0x11, 0x11, 0x11,
    0x11, 0x11, 0x11, 0x11, 0x11, 0x11, 0x11, 0x11, 0x11, 0x11, 0x11, 0x11, 0x11, 0x11, 0x11, 0x11,
    0x11, 0x11, 0x11, 0x11, 0x11, 0x11, 0x11, 0x11, 0x11, 0x11, 0x11, 0x11, 0x11, 0x11, 0x11, 0x11,
};

// Auto-generated icon: wx_04d (80x80)
// Each byte holds 2 pixels (high nibble first)
#define ICON_WX_04D_W 80
#define ICON_WX_04D_H 80
static const uint8_t PROGMEM icon_wx_04d[] = {
    0x11, 0x11, 0x11, 0x11, 0x11, 0x11, 0x11, 0x11, 0x11, 0x11, 0x11, 0x11, 0x11, 0x11, 0x11, 0x11,
    0x11, 0x11, 0x11, 0x11, 0x11, 0x11, 0x11, 0x11, 0x11, 0x11, 0x11, 0x11, 0x11, 0x11, 0x11, 0x11,
    0x11, 0x11, 0x11, 0x11, 0x11, 0x11, 0x11, 0x11, 0x11, 0x11, 0x11, 0x11, 0x11, 0x11, 0x11, 0x11,
    0x11, 0x11, 0x11, 0x11, 0x11, 0x11, 0x11, 0x11, 0x11, 0x11, 0x11, 0x11, 0x11, 0x11, 0x11, 0x11,
    0x11, 0x11, 0x11, 0x11, 0x11, 0x11, 0x11, 0x11, 0x11, 0x11, 0x11, 0x11, 0x11, 0x11, 0x11, 0x11,
    0x11, 0x11, 0x11, 0x11, 0x11, 0x11, 0x11, 0x11, 0x11, 0x11, 0x11, 0x11, 0x11, 0x11, 0x11, 0x11,
    0x11, 0x11, 0x11, 0x11, 0x11, 0x11, 0x11, 0x11, 0x11, 0x11, 0x11, 0x11, 0x11, 0x11, 0x11, 0x11,
    0x11, 0x11, 0x11, 0x11, 0x11, 0x11, 0x11, 0x11, 0x11, 0x11, 0x11, 0x11, 0x11, 0x11, 0x11, 0x11,
    0x11, 0x11, 0x11, 0x11, 0x11, 0x11, 0x11, 0x11, 0x11, 0x11, 0x11, 0x11, 0x11, 0x11, 0x11, 0x11,
    0x11, 0x11, 0x11, 0x11, 0x11, 0x11, 0x11, 0x11, 0x11, 0x11, 0x11, 0x11, 0x11, 0x11, 0x11, 0x11,
    0x11, 0x11, 0x11, 0x11, 0x11, 0x11, 0x11, 0x11, 0x11, 0x11, 0x11, 0x11, 0x11, 0x11, 0x11, 0x11,
    0x11, 0x11, 0x11, 0x11, 0x11, 0x11, 0x11, 0x11, 0x11, 0x11, 0x11, 0x11, 0x11, 0x11, 0x11, 0x11,
    0x11, 0x11, 0x11, 0x11, 0x11, 0x11, 0x11, 0x11, 0x11, 0x11, 0x11, 0x11, 0x11, 0x11, 0x11, 0x11,
    0x11, 0x11, 0x11, 0x11, 0x11, 0x11, 0x11, 0x11, 0x11, 0x11, 0x11, 0x11, 0x11, 0x11, 0x11, 0x11,
    0x11, 0x11, 0x11, 0x11, 0x11, 0x11, 0x11, 0x11, 0x11, 0x11, 0x11, 0x11, 0x11, 0x11, 0x11, 0x11,
    0x11, 0x11, 0x11, 0x11, 0x11, 0x11, 0x11, 0x11, 0x11, 0x11, 0x11, 0x11, 0x11, 0x11, 0x11, 0x11,
    0x11, 0x11, 0x11, 0x11, 0x11, 0x11, 0x11, 0x11, 0x11, 0x11, 0x11, 0x11, 0x11, 0x11, 0x11, 0x11,
    0x11, 0x11, 0x11, 0x11, 0x11, 0x11, 0x11, 0x11, 0x11, 0x11, 0x11, 0x11, 0x11, 0x11, 0x11, 0x11,
    0x11, 0x11, 0x11, 0x11, 0x11, 0x11, 0x11, 0x11, 0x11, 0x11, 0x11, 0x11, 0x11, 0x11, 0x11, 0x11,
    0x11, 0x11, 0x11, 0x11, 0x11, 0x11, 0x11, 0x11, 0x11, 0x11, 0x11, 0x11, 0x11, 0x11, 0x11, 0x11,
    0x11, 0x11, 0x11, 0x11, 0x11, 0x11, 0x11, 0x11, 0x11, 0x11, 0x11, 0x11, 0x11, 0x11, 0x11, 0x11,
    0x11, 0x11, 0x11, 0x11, 0x11, 0x11, 0x11, 0x11, 0x11, 0x11, 0x11, 0x11, 0x11, 0x11, 0x11, 0x11,
    0x11, 0x11, 0x11, 0x11, 0x11, 0x11, 0x11, 0x11, 0x11, 0x11, 0x11, 0x11, 0x11, 0x11, 0x11, 0x11,
    0x11, 0x11, 0x11, 0x11, 0x11, 0x11, 0x11, 0x11, 0x11, 0x11, 0x11, 0x11, 0x11, 0x11, 0x11, 0x11,
    0x11, 0x11, 0x11, 0x11, 0x11, 0x11, 0x11, 0x11, 0x11, 0x11, 0x11, 0x11, 0x11, 0x11, 0x11, 0x11,
    0x11, 0x11, 0x11, 0x11, 0x11, 0x11, 0x11, 0x11, 0x11, 0x11, 0x11, 0x11, 0x11, 0x11, 0x11, 0x11,
    0x11, 0x11, 0x11, 0x11, 0x11, 0x11, 0x11, 0x11, 0x11, 0x11, 0x11, 0x11, 0x11, 0x11, 0x11, 0x11,
    0x11, 0x11, 0x11, 0x11, 0x11, 0x11, 0x11, 0x11, 0x11, 0x11, 0x11, 0x11, 0x11, 0x11, 0x11, 0x11,
    0x11, 0x11, 0x11, 0x11, 0x11, 0x11, 0x11, 0x11, 0x11, 0x11, 0x11, 0x11, 0x11, 0x11, 0x11, 0x11,
    0x11, 0x11, 0x11, 0x11, 0x11, 0x11, 0x11, 0x11, 0x11, 0x11, 0x11, 0x11, 0x11, 0x11, 0x11, 0x11,
    0x11, 0x11, 0x11, 0x11, 0x11, 0x11, 0x11, 0x11, 0x11, 0x11, 0x11, 0x11, 0x11, 0x11, 0x11, 0x11,
    0x11, 0x11, 0x11, 0x11, 0x11, 0x11, 0x11, 0x11, 0x11, 0x11, 0x11, 0x11, 0x11, 0x11, 0x11, 0x11,
    0x11, 0x11, 0x11, 0x11, 0x11, 0x11, 0x11, 0x11, 0x11, 0x11, 0x11, 0x11, 0x11, 0x11, 0x11, 0x11,
    0x11, 0x11, 0x11, 0x11, 0x11, 0x11, 0x13, 0x13, 0x13, 0x13, 0x13, 0x13, 0x11, 0x11, 0x11, 0x11,
    0x11, 0x11, 0x11, 0x11, 0x11, 0x11, 0x11, 0x11, 0x11, 0x11, 0x11, 0x11, 0x11, 0x11, 0x11, 0x11,
    0x11, 0x11, 0x11, 0x11, 0x11, 0x11, 0x11, 0x11, 0x11, 0x11, 0x11, 0x11, 0x11, 0x13, 0x21, 0x21,
    0x21, 0x21, 0x21, 0x21, 0x31, 0x11, 0x11, 0x11, 0x11, 0x11, 0x11, 0x11, 0x11, 0x11, 0x11, 0x11,
    0x11, 0x11, 0x11, 0x11, 0x11, 0x11, 0x11, 0x11, 0x11, 0x11, 0x11, 0x11, 0x11, 0x11, 0x11, 0x11,
    0x11, 0x11, 0x11, 0x11, 0x13, 0x21, 0x31, 0x31, 0x31, 0x31, 0x31, 0x31, 0x13, 0x13, 0x11, 0x11,
    0x11, 0x11, 0x11, 0x11, 0x11, 0x11, 0x11, 0x11, 0x11, 0x11, 0x11, 0x11, 0x11, 0x11, 0x11, 0x11,
    0x11, 0x11, 0x11, 0x11, 0x11, 0x11, 0x11, 0x11, 0x11, 0x11, 0x11, 0x13, 0x13, 0x13, 0x12, 0x13,
    0x12, 0x13, 0x12, 0x13, 0x12, 0x11, 0x31, 0x11, 0x11, 0x11, 0x11, 0x11, 0x11, 0x11, 0x11, 0x11,
    0x11, 0x11, 0x11, 0x11, 0x11, 0x11, 0x11, 0x11, 0x11, 0x11, 0x11, 0x11, 0x11, 0x11, 0x11, 0x11,
    0x11, 0x11, 0x11, 0x12, 0x31, 0x21, 0x31, 0x31, 0x31, 0x31, 0x31, 0x12, 0x13, 0x12, 0x13, 0x11,
    0x11, 0x11, 0x11, 0x11, 0x11, 0x11, 0x11, 0x11, 0x11, 0x11, 0x11, 0x11, 0x11, 0x11, 0x11, 0x11,
    0x11, 0x11, 0x11, 0x11, 0x11, 0x11, 0x11, 0x11, 0x11, 0x11, 0x13, 0x13, 0x13, 0x13, 0x12, 0x12,
    0x12, 0x12, 0x13, 0x13, 0x11, 0x31, 0x31, 0x31, 0x11, 0x11, 0x11, 0x11, 0x11, 0x11, 0x11, 0x11,
    0x11, 0x11, 0x11, 0x11, 0x11, 0x11, 0x11, 0x11, 0x11, 0x11, 0x11, 0x11, 0x11, 0x11, 0x11, 0x11,
    0x11, 0x11, 0x12, 0x31, 0x21, 0x21, 0x31, 0x31, 0x31, 0x31, 0x31, 0x21, 0x31, 0x21, 0x12, 0x13,
    0x11, 0x11, 0x11, 0x11, 0x11, 0x11, 0x11, 0x11, 0x11, 0x11, 0x11, 0x11, 0x11, 0x11, 0x11, 0x11,
    0x11, 0x11, 0x11, 0x11, 0x11, 0x11, 0x11, 0x11, 0x11, 0x13, 0x13, 0x12, 0x31, 0x31, 0x21, 0x31,
    0x21, 0x31, 0x21, 0x31, 0x21, 0x31, 0x31, 0x11, 0x11, 0x11, 0x11, 0x11, 0x11, 0x11, 0x11, 0x11,
    0x11, 0x11, 0x11, 0x11, 0x11, 0x11, 0x11, 0x11, 0x11, 0x11, 0x11, 0x11, 0x11, 0x11, 0x11, 0x11,
    0x11, 0x12, 0x31, 0x31, 0x13, 0x13, 0x13, 0x12, 0x13, 0x12, 0x13, 0x13, 0x13, 0x12, 0x13, 0x23,
    0x11, 0x11, 0x11, 0x11, 0x11, 0x11, 0x11, 0x11, 0x11, 0x11, 0x11, 0x11, 0x11, 0x11, 0x11, 0x11,
    0x11, 0x11, 0x11, 0x11, 0x11, 0x11, 0x11, 0x11, 0x11, 0x31, 0x21, 0x23, 0x12, 0x12, 0x12, 0x13,
    0x12, 0x13, 0x12, 0x11, 0x21, 0x31, 0x31, 0x11, 0x31, 0x11, 0x11, 0x11, 0x11, 0x11, 0x11, 0x11,
    0x11, 0x11, 0x11, 0x11, 0x11, 0x11, 0x11, 0x11, 0x11, 0x11, 0x11, 0x11, 0x11, 0x11, 0x11, 0x11,
    0x11, 0x13, 0x13, 0x12, 0x31, 0x31, 0x31, 0x31, 0x31, 0x31, 0x31, 0x31, 0x31, 0x12, 0x13, 0x12,
    0x13, 0x11, 0x11, 0x11, 0x11, 0x11, 0x11, 0x11, 0x11, 0x11, 0x11, 0x11, 0x11, 0x11, 0x11, 0x11,
    0x11, 0x11, 0x11, 0x11, 0x11, 0x11, 0x11, 0x11, 0x13, 0x21, 0x32, 0x13, 0x12, 0x13, 0x12, 0x12,
    0x13, 0x12, 0x13, 0x12, 0x13, 0x13, 0x12, 0x13, 0x11, 0x11, 0x11, 0x11, 0x11, 0x11, 0x11, 0x11,
    0x11, 0x11, 0x11, 0x11, 0x11, 0x11, 0x11, 0x11, 0x11, 0x11, 0x11, 0x11, 0x11, 0x13, 0x13, 0x21,
    0x31, 0x32, 0x13, 0x12, 0x31, 0x32, 0x13, 0x13, 0x12, 0x13, 0x12, 0x13, 0x12, 0x13, 0x13, 0x11,
    0x21, 0x11, 0x11, 0x11, 0x11, 0x11, 0x11, 0x11, 0x11, 0x11, 0x11, 0x11, 0x11, 0x11, 0x11, 0x11,
    0x11, 0x11, 0x11, 0x11, 0x31, 0x21, 0x21, 0x32, 0x12, 0x13, 0x12, 0x31, 0x12, 0x13, 0x12, 0x31,
    0x31, 0x31, 0x31, 0x31, 0x31, 0x31, 0x11, 0x11, 0x13, 0x11, 0x31, 0x11, 0x11, 0x11, 0x11, 0x11,
    0x11, 0x11, 0x11, 0x11, 0x11, 0x11, 0x11, 0x11, 0x11, 0x11, 0x11, 0x12, 0x13, 0x33, 0x32, 0x13,
    0x31, 0x32, 0x13, 0x12, 0x31, 0x31, 0x31, 0x12, 0x13, 0x21, 0x21, 0x21, 0x21, 0x12, 0x11, 0x31,
    0x11, 0x11, 0x11, 0x31, 0x11, 0x11, 0x11, 0x11, 0x11, 0x11, 0x11, 0x11, 0x11, 0x11, 0x11, 0x11,
    0x11, 0x11, 0x13, 0x13, 0x21, 0x21, 0x13, 0x12, 0x13, 0x13, 0x12, 0x31, 0x31, 0x21, 0x23, 0x13,
    0x12, 0x13, 0x13, 0x13, 0x11, 0x11, 0x31, 0x11, 0x21, 0x31, 0x21, 0x11, 0x31, 0x11, 0x11, 0x11,
    0x11, 0x11, 0x11, 0x11, 0x11, 0x11, 0x11, 0x11, 0x11, 0x11, 0x21, 0x31, 0x33, 0x13, 0x21, 0x31,
    0x32, 0x12, 0x31, 0x12, 0x13, 0x13, 0x13, 0x12, 0x31, 0x31, 0x21, 0x31, 0x13, 0x11, 0x11, 0x21,
    0x11, 0x11, 0x11, 0x11, 0x11, 0x31, 0x11, 0x11, 0x11, 0x11, 0x11, 0x11, 0x11, 0x11, 0x11, 0x11,
    0x11, 0x13, 0x13, 0x23, 0x12, 0x31, 0x32, 0x13, 0x12, 0x31, 0x23, 0x13, 0x21, 0x32, 0x12, 0x31,
    0x12, 0x13, 0x13, 0x12, 0x11, 0x13, 0x11, 0x11, 0x31, 0x13, 0x11, 0x31, 0x21, 0x11, 0x31, 0x11,
    0x11, 0x11, 0x11, 0x11, 0x11, 0x11, 0x11, 0x11, 0x11, 0x12, 0x31, 0x21, 0x31, 0x21, 0x31, 0x32,
    0x31, 0x23, 0x12, 0x31, 0x31, 0x21, 0x31, 0x13, 0x23, 0x12, 0x12, 0x11, 0x13, 0x11, 0x13, 0x11,
    0x11, 0x11, 0x11, 0x11, 0x11, 0x11, 0x11, 0x21, 0x11, 0x11, 0x11, 0x11, 0x11, 0x11, 0x11, 0x11,
    0x11, 0x31, 0x23, 0x32, 0x13, 0x23, 0x21, 0x21, 0x23, 0x11, 0x31, 0x21, 0x23, 0x13, 0x12, 0x31,
    0x13, 0x13, 0x11, 0x31, 0x11, 0x12, 0x11, 0x12, 0x13, 0x12, 0x13, 0x11, 0x31, 0x21, 0x11, 0x11,
    0x11, 0x11, 0x11, 0x11, 0x11, 0x11, 0x11, 0x11, 0x12, 0x13, 0x12, 0x13, 0x21, 0x31, 0x31, 0x33,
    0x12, 0x32, 0x13, 0x13, 0x13, 0x21, 0x31, 0x23, 0x12, 0x13, 0x11, 0x11, 0x31, 0x11, 0x13, 0x11,
    0x11, 0x11, 0x11, 0x11, 0x11, 0x11, 0x31, 0x31, 0x11, 0x11, 0x11, 0x11, 0x11, 0x11, 0x11, 0x11,
    0x13, 0x23, 0x23, 0x12, 0x31, 0x23, 0x12, 0x12, 0x31, 0x13, 0x12, 0x31, 0x21, 0x31, 0x23, 0x12,
    0x31, 0x31, 0x21, 0x31, 0x12, 0x13, 0x11, 0x13, 0x11, 0x31, 0x12, 0x12, 0x11, 0x31, 0x11, 0x11,
    0x31, 0x11, 0x11, 0x11, 0x11, 0x11, 0x11, 0x11, 0x13, 0x13, 0x12, 0x31, 0x23, 0x12, 0x31, 0x31,
    0x23, 0x21, 0x31, 0x23, 0x13, 0x21, 0x31, 0x31, 0x12, 0x11, 0x11, 0x11, 0x11, 0x11, 0x12, 0x11,
    0x11, 0x11, 0x11, 0x11, 0x31, 0x11, 0x12, 0x11, 0x11, 0x11, 0x11, 0x11, 0x11, 0x11, 0x11, 0x11,
    0x21, 0x23, 0x13, 0x23, 0x13, 0x21, 0x32, 0x31, 0x31, 0x32, 0x13, 0x13, 0x21, 0x31, 0x21, 0x23,
    0x13, 0x31, 0x31, 0x21, 0x31, 0x13, 0x11, 0x13, 0x12, 0x13, 0x13, 0x11, 0x11, 0x12, 0x11, 0x13,
    0x12, 0x11, 0x11, 0x11, 0x11, 0x11, 0x11, 0x11, 0x33, 0x12, 0x31, 0x12, 0x31, 0x32, 0x13, 0x12,
    0x31, 0x23, 0x12, 0x31, 0x31, 0x23, 0x13, 0x11, 0x31, 0x11, 0x11, 0x11, 0x11, 0x21, 0x13, 0x11,
    0x11, 0x11, 0x11, 0x11, 0x31, 0x11, 0x31, 0x11, 0x11, 0x11, 0x11, 0x11, 0x11, 0x11, 0x11, 0x11,
    0x23, 0x21, 0x32, 0x31, 0x23, 0x13, 0x21, 0x31, 0x23, 0x12, 0x31, 0x21, 0x23, 0x11, 0x11, 0x31,
    0x12, 0x12, 0x13, 0x13, 0x11, 0x13, 0x11, 0x12, 0x13, 0x11, 0x21, 0x31, 0x11, 0x31, 0x11, 0x11,
    0x31, 0x13, 0x11, 0x11, 0x11, 0x11, 0x11, 0x11, 0x31, 0x32, 0x13, 0x23, 0x12, 0x31, 0x32, 0x13,
    0x12, 0x31, 0x23, 0x13, 0x11, 0x13, 0x11, 0x12, 0x11, 0x11, 0x11, 0x11, 0x21, 0x11, 0x12, 0x11,
    0x11, 0x11, 0x11, 0x11, 0x21, 0x11, 0x13, 0x11, 0x11, 0x11, 0x11, 0x11, 0x11, 0x11, 0x11, 0x11,
    0x23, 0x13, 0x21, 0x31, 0x31, 0x23, 0x13, 0x23, 0x13, 0x13, 0x12, 0x31, 0x13, 0x11, 0x21, 0x11,
    0x31, 0x31, 0x31, 0x21, 0x13, 0x13, 0x11, 0x31, 0x13, 0x13, 0x11, 0x31, 0x11, 0x31, 0x11, 0x21,
    0x12, 0x11, 0x11, 0x11, 0x11, 0x11, 0x11, 0x11, 0x32, 0x12, 0x32, 0x12, 0x32, 0x12, 0x31, 0x21,
    0x23, 0x21, 0x31, 0x12, 0x11, 0x21, 0x13, 0x11, 0x11, 0x11, 0x11, 0x13, 0x11, 0x11, 0x11, 0x11,
    0x11, 0x11, 0x12, 0x11, 0x31, 0x11, 0x21, 0x11, 0x11, 0x31, 0x11, 0x11, 0x11, 0x11, 0x11, 0x11,
    0x13, 0x23, 0x13, 0x31, 0x23, 0x31, 0x23, 0x13, 0x13, 0x12, 0x31, 0x31, 0x31, 0x13, 0x11, 0x31,
    0x21, 0x31, 0x21, 0x11, 0x13, 0x12, 0x13, 0x12, 0x13, 0x12, 0x11, 0x11, 0x11, 0x21, 0x11, 0x31,
    0x31, 0x11, 0x31, 0x11, 0x11, 0x11, 0x11, 0x11, 0x23, 0x12, 0x31, 0x23, 0x12, 0x13, 0x12, 0x32,
    0x32, 0x13, 0x11, 0x11, 0x11, 0x31, 0x11, 0x11, 0x11, 0x11, 0x13, 0x13, 0x11, 0x11, 0x11, 0x11,
    0x11, 0x11, 0x31, 0x31, 0x21, 0x11, 0x31, 0x11, 0x11, 0x11, 0x11, 0x11, 0x11, 0x11, 0x11, 0x11,
    0x12, 0x31, 0x23, 0x12, 0x33, 0x23, 0x21, 0x31, 0x13, 0x21, 0x31, 0x21, 0x31, 0x12, 0x13, 0x13,
    0x13, 0x13, 0x11, 0x11, 0x21, 0x31, 0x31, 0x31, 0x31, 0x11, 0x11, 0x11, 0x11, 0x31, 0x11, 0x12,
    0x13, 0x12, 0x11, 0x31, 0x11, 0x11, 0x11, 0x11, 0x13, 0x23, 0x12, 0x31, 0x21, 0x31, 0x32, 0x13,
    0x21, 0x31, 0x11, 0x31, 0x12, 0x11, 0x11, 0x21, 0x11, 0x11, 0x21, 0x21, 0x11, 0x11, 0x11, 0x11,
    0x12, 0x13, 0x11, 0x21, 0x31, 0x11, 0x13, 0x11, 0x11, 0x11, 0x11, 0x11, 0x11, 0x11, 0x11, 0x11,
    0x13, 0x12, 0x31, 0x32, 0x32, 0x12, 0x31, 0x32, 0x32, 0x13, 0x11, 0x12, 0x11, 0x31, 0x31, 0x13,
    0x12, 0x11, 0x13, 0x11, 0x31, 0x21, 0x21, 0x21, 0x11, 0x11, 0x21, 0x11, 0x11, 0x21, 0x11, 0x13,
    0x11, 0x31, 0x31, 0x13, 0x13, 0x11, 0x11, 0x11, 0x11, 0x31, 0x23, 0x21, 0x31, 0x31, 0x23, 0x12,
    0x13, 0x11, 0x21, 0x31, 0x31, 0x11, 0x12, 0x11, 0x11, 0x31, 0x11, 0x13, 0x11, 0x11, 0x31, 0x13,
    0x13, 0x11, 0x13, 0x11, 0x31, 0x13, 0x12, 0x11, 0x11, 0x11, 0x11, 0x11, 0x11, 0x12, 0x11, 0x11,
    0x11, 0x13, 0x21, 0x32, 0x32, 0x32, 0x32, 0x31, 0x32, 0x13, 0x11, 0x11, 0x12, 0x13, 0x11, 0x31,
    0x31, 0x13, 0x12, 0x11, 0x13, 0x11, 0x11, 0x11, 0x11, 0x13, 0x11, 0x11, 0x11, 0x11, 0x11, 0x13,
    0x12, 0x11, 0x21, 0x21, 0x12, 0x11, 0x11, 0x11, 0x11, 0x13, 0x13, 0x21, 0x31, 0x21, 0x31, 0x23,
    0x13, 0x11, 0x31, 0x31, 0x13, 0x11, 0x13, 0x11, 0x12, 0x11, 0x11, 0x31, 0x11, 0x21, 0x31, 0x31,
    0x21, 0x11, 0x12, 0x13, 0x12, 0x13, 0x11, 0x11, 0x11, 0x13, 0x11, 0x11, 0x31, 0x13, 0x11, 0x11,
    0x11, 0x11, 0x23, 0x32, 0x13, 0x32, 0x13, 0x12, 0x31, 0x21, 0x11, 0x12, 0x11, 0x13, 0x11, 0x21,
    0x11, 0x31, 0x31, 0x12, 0x13, 0x11, 0x11, 0x11, 0x13, 0x12, 0x11, 0x11, 0x11, 0x11, 0x13, 0x12,
    0x13, 0x11, 0x13, 0x11, 0x11, 0x11, 0x13, 0x11, 0x11, 0x11, 0x12, 0x13, 0x21, 0x23, 0x23, 0x23,
    0x21, 0x13, 0x12, 0x13, 0x13, 0x12, 0x11, 0x31, 0x31, 0x11, 0x12, 0x11, 0x11, 0x13, 0x12, 0x13,
    0x11, 0x11, 0x31, 0x31, 0x31, 0x13, 0x11, 0x11, 0x11, 0x11, 0x11, 0x11, 0x31, 0x13, 0x11, 0x11,
    0x11, 0x11, 0x11, 0x13, 0x13, 0x21, 0x31, 0x31, 0x32, 0x11, 0x13, 0x11, 0x11, 0x11, 0x31, 0x11,
    0x12, 0x13, 0x11, 0x31, 0x31, 0x11, 0x11, 0x11, 0x13, 0x11, 0x11, 0x11, 0x12, 0x11, 0x12, 0x13,
    0x11, 0x31, 0x21, 0x31, 0x11, 0x11, 0x12, 0x11, 0x11, 0x11, 0x11, 0x11, 0x23, 0x13, 0x21, 0x23,
    0x13, 0x13, 0x11, 0x13, 0x12, 0x31, 0x11, 0x31, 0x13, 0x11, 0x11, 0x11, 0x12, 0x13, 0x13, 0x12,
    0x11, 0x21, 0x31, 0x21, 0x11, 0x13, 0x11, 0x11, 0x11, 0x11, 0x11, 0x11, 0x21, 0x21, 0x11, 0x13,
    0x11, 0x11, 0x11, 0x11, 0x11, 0x12, 0x33, 0x12, 0x31, 0x12, 0x13, 0x12, 0x11, 0x11, 0x31, 0x21,
    0x11, 0x13, 0x12, 0x13, 0x11, 0x11, 0x11, 0x11, 0x31, 0x11, 0x11, 0x13, 0x13, 0x11, 0x13, 0x11,
    0x31, 0x21, 0x31, 0x11, 0x11, 0x13, 0x11, 0x11, 0x11, 0x11, 0x11, 0x11, 0x11, 0x11, 0x11, 0x11,
    0x11, 0x11, 0x11, 0x11, 0x31, 0x31, 0x21, 0x13, 0x13, 0x12, 0x11, 0x31, 0x13, 0x12, 0x13, 0x11,
    0x11, 0x31, 0x21, 0x11, 0x11, 0x12, 0x11, 0x12, 0x11, 0x11, 0x11, 0x31, 0x31, 0x11, 0x13, 0x11,
    0x11, 0x11, 0x11, 0x11, 0x11, 0x11, 0x11, 0x11, 0x11, 0x31, 0x31, 0x31, 0x11, 0x11, 0x13, 0x11,
    0x12, 0x11, 0x31, 0x12, 0x11, 0x13, 0x11, 0x21, 0x31, 0x11, 0x13, 0x11, 0x31, 0x11, 0x31, 0x11,
    0x13, 0x11, 0x31, 0x11, 0x11, 0x21, 0x11, 0x12, 0x11, 0x11, 0x11, 0x11, 0x11, 0x11, 0x11, 0x11,
    0x11, 0x11, 0x21, 0x12, 0x13, 0x12, 0x11, 0x21, 0x31, 0x11, 0x12, 0x11, 0x31, 0x11, 0x13, 0x11,
    0x12, 0x13, 0x11, 0x12, 0x11, 0x31, 0x11, 0x31, 0x11, 0x11, 0x12, 0x11, 0x21, 0x11, 0x31, 0x11,
    0x11, 0x11, 0x11, 0x11, 0x11, 0x11, 0x11, 0x11, 0x11, 0x11, 0x31, 0x31, 0x12, 0x13, 0x13, 0x11,
    0x13, 0x13, 0x11, 0x31, 0x12, 0x13, 0x11, 0x13, 0x11, 0x11, 0x13, 0x11, 0x31, 0x11, 0x21, 0x11,
    0x31, 0x21, 0x11, 0x31, 0x11, 0x31, 0x11, 0x13, 0x11, 0x11, 0x11, 0x11, 0x11, 0x11, 0x11, 0x11,
    0x11, 0x11, 0x11, 0x13, 0x11, 0x11, 0x11, 0x31, 0x11, 0x21, 0x13, 0x11, 0x31, 0x11, 0x21, 0x11,
    0x21, 0x31, 0x21, 0x11, 0x11, 0x21, 0x13, 0x11, 0x11, 0x13, 0x11, 0x11, 0x31, 0x11, 0x21, 0x11,
    0x11, 0x11, 0x11, 0x11, 0x11, 0x11, 0x11, 0x11, 0x11, 0x11, 0x31, 0x21, 0x31, 0x31, 0x21, 0x12,
    0x13, 0x13, 0x11, 0x21, 0x11, 0x31, 0x13, 0x11, 0x31, 0x11, 0x13, 0x13, 0x11, 0x31, 0x11, 0x12,
    0x13, 0x11, 0x13, 0x11, 0x11, 0x21, 0x11, 0x31, 0x11, 0x11, 0x11, 0x11, 0x11, 0x11, 0x11, 0x11,
    0x11, 0x11, 0x11, 0x31, 0x11, 0x21, 0x31, 0x13, 0x11, 0x11, 0x21, 0x13, 0x11, 0x13, 0x11, 0x21,
    0x11, 0x31, 0x11, 0x11, 0x21, 0x11, 0x31, 0x13, 0x11, 0x12, 0x11, 0x12, 0x11, 0x13, 0x11, 0x11,
    0x11, 0x11, 0x11, 0x11, 0x11, 0x11, 0x11, 0x11, 0x11, 0x11, 0x11, 0x13, 0x11, 0x31, 0x13, 0x11,
    0x13, 0x11, 0x31, 0x11, 0x21, 0x21, 0x13, 0x11, 0x31, 0x12, 0x13, 0x11, 0x13, 0x11, 0x12, 0x11,
    0x13, 0x11, 0x13, 0x11, 0x31, 0x11, 0x11, 0x11, 0x11, 0x11, 0x11, 0x11, 0x11, 0x11, 0x11, 0x11,
    0x11, 0x11, 0x11, 0x11, 0x21, 0x13, 0x11, 0x21, 0x31, 0x21, 0x13, 0x13, 0x11, 0x31, 0x11, 0x31,
    0x12, 0x11, 0x11, 0x21, 0x11, 0x12, 0x11, 0x13, 0x11, 0x13, 0x11, 0x11, 0x11, 0x31, 0x11, 0x11,
    0x11, 0x11, 0x11, 0x11, 0x11, 0x11, 0x11, 0x11, 0x11, 0x11, 0x11, 0x13, 0x13, 0x11, 0x21, 0x31,
    0x11, 0x31, 0x11, 0x11, 0x31, 0x11, 0x31, 0x12, 0x11, 0x31, 0x31, 0x13, 0x13, 0x11, 0x31, 0x11,
    0x21, 0x11, 0x12, 0x13, 0x11, 0x11, 0x11, 0x11, 0x11, 0x11, 0x11, 0x11, 0x11, 0x11, 0x11, 0x11,
    0x11, 0x11, 0x11, 0x11, 0x11, 0x13, 0x11, 0x13, 0x12, 0x11, 0x31, 0x21, 0x12, 0x13, 0x12, 0x11,
    0x31, 0x11, 0x11, 0x11, 0x11, 0x21, 0x11, 0x31, 0x13, 0x12, 0x11, 0x11, 0x12, 0x11, 0x11, 0x11,
    0x11, 0x11, 0x11, 0x11, 0x11, 0x11, 0x11, 0x11, 0x11, 0x11, 0x11, 0x11, 0x11, 0x11, 0x31, 0x11,
    0x11, 0x31, 0x11, 0x13, 0x11, 0x11, 0x11, 0x31, 0x11, 0x13, 0x13, 0x11, 0x31, 0x11, 0x31, 0x11,
    0x11, 0x11, 0x13, 0x11, 0x11, 0x11, 0x11, 0x11, 0x11, 0x11, 0x11, 0x11, 0x11, 0x11, 0x11, 0x11,
    0x11, 0x11, 0x11, 0x11, 0x11, 0x11, 0x11, 0x11, 0x31, 0x12, 0x13, 0x11, 0x31, 0x31, 0x31, 0x11,
    0x31, 0x21, 0x11, 0x21, 0x11, 0x31, 0x11, 0x21, 0x31, 0x11, 0x11, 0x11, 0x11, 0x11, 0x11, 0x11,
    0x11, 0x11, 0x11, 0x11, 0x11, 0x11, 0x11, 0x11, 0x11, 0x11, 0x11, 0x11, 0x11, 0x11, 0x11, 0x11,
    0x11, 0x11, 0x11, 0x11, 0x11, 0x11, 0x11, 0x11, 0x11, 0x11, 0x11, 0x11, 0x11, 0x11, 0x11, 0x11,
    0x11, 0x11, 0x11, 0x11, 0x11, 0x11, 0x11, 0x11, 0x11, 0x11, 0x11, 0x11, 0x11, 0x11, 0x11, 0x11,
    0x11, 0x11, 0x11, 0x11, 0x11, 0x11, 0x11, 0x11, 0x11, 0x11, 0x11, 0x11, 0x11, 0x11, 0x11, 0x11,
    0x11, 0x11, 0x11, 0x11, 0x11, 0x11, 0x11, 0x11, 0x11, 0x11, 0x11, 0x11, 0x11, 0x11, 0x11, 0x11,
    0x11, 0x11, 0x11, 0x11, 0x11, 0x11, 0x11, 0x11, 0x11, 0x11, 0x11, 0x11, 0x11, 0x11, 0x11, 0x11,
    0x11, 0x11, 0x11, 0x11, 0x11, 0x11, 0x11, 0x11, 0x11, 0x11, 0x11, 0x11, 0x11, 0x11, 0x11, 0x11,
    0x11, 0x11, 0x11, 0x11, 0x11, 0x11, 0x11, 0x11, 0x11, 0x11, 0x11, 0x11, 0x11, 0x11, 0x11, 0x11,
    0x11, 0x11, 0x11, 0x11, 0x11, 0x11, 0x11, 0x11, 0x11, 0x11, 0x11, 0x11, 0x11, 0x11, 0x11, 0x11,
    0x11, 0x11, 0x11, 0x11, 0x11, 0x11, 0x11, 0x11, 0x11, 0x11, 0x11, 0x11, 0x11, 0x11, 0x11, 0x11,
    0x11, 0x11, 0x11, 0x11, 0x11, 0x11, 0x11, 0x11, 0x11, 0x11, 0x11, 0x11, 0x11, 0x11, 0x11, 0x11,
    0x11, 0x11, 0x11, 0x11, 0x11, 0x11, 0x11, 0x11, 0x11, 0x11, 0x11, 0x11, 0x11, 0x11, 0x11, 0x11,
    0x11, 0x11, 0x11, 0x11, 0x11, 0x11, 0x11, 0x11, 0x11, 0x11, 0x11, 0x11, 0x11, 0x11, 0x11, 0x11,
    0x11, 0x11, 0x11, 0x11, 0x11, 0x11, 0x11, 0x11, 0x11, 0x11, 0x11, 0x11, 0x11, 0x11, 0x11, 0x11,
    0x11, 0x11, 0x11, 0x11, 0x11, 0x11, 0x11, 0x11, 0x11, 0x11, 0x11, 0x11, 0x11, 0x11, 0x11, 0x11,
    0x11, 0x11, 0x11, 0x11, 0x11, 0x11, 0x11, 0x11, 0x11, 0x11, 0x11, 0x11, 0x11, 0x11, 0x11, 0x11,
    0x11, 0x11, 0x11, 0x11, 0x11, 0x11, 0x11, 0x11, 0x11, 0x11, 0x11, 0x11, 0x11, 0x11, 0x11, 0x11,
    0x11, 0x11, 0x11, 0x11, 0x11, 0x11, 0x11, 0x11, 0x11, 0x11, 0x11, 0x11, 0x11, 0x11, 0x11, 0x11,
    0x11, 0x11, 0x11, 0x11, 0x11, 0x11, 0x11, 0x11, 0x11, 0x11, 0x11, 0x11, 0x11, 0x11, 0x11, 0x11,
    0x11, 0x11, 0x11, 0x11, 0x11, 0x11, 0x11, 0x11, 0x11, 0x11, 0x11, 0x11, 0x11, 0x11, 0x11, 0x11,
    0x11, 0x11, 0x11, 0x11, 0x11, 0x11, 0x11, 0x11, 0x11, 0x11, 0x11, 0x11, 0x11, 0x11, 0x11, 0x11,
    0x11, 0x11, 0x11, 0x11, 0x11, 0x11, 0x11, 0x11, 0x11, 0x11, 0x11, 0x11, 0x11, 0x11, 0x11, 0x11,
    0x11, 0x11, 0x11, 0x11, 0x11, 0x11, 0x11, 0x11, 0x11, 0x11, 0x11, 0x11, 0x11, 0x11, 0x11, 0x11,
    0x11, 0x11, 0x11, 0x11, 0x11, 0x11, 0x11, 0x11, 0x11, 0x11, 0x11, 0x11, 0x11, 0x11, 0x11, 0x11,
    0x11, 0x11, 0x11, 0x11, 0x11, 0x11, 0x11, 0x11, 0x11, 0x11, 0x11, 0x11, 0x11, 0x11, 0x11, 0x11,
    0x11, 0x11, 0x11, 0x11, 0x11, 0x11, 0x11, 0x11, 0x11, 0x11, 0x11, 0x11, 0x11, 0x11, 0x11, 0x11,
    0x11, 0x11, 0x11, 0x11, 0x11, 0x11, 0x11, 0x11, 0x11, 0x11, 0x11, 0x11, 0x11, 0x11, 0x11, 0x11,
    0x11, 0x11, 0x11, 0x11, 0x11, 0x11, 0x11, 0x11, 0x11, 0x11, 0x11, 0x11, 0x11, 0x11, 0x11, 0x11,
    0x11, 0x11, 0x11, 0x11, 0x11, 0x11, 0x11, 0x11, 0x11, 0x11, 0x11, 0x11, 0x11, 0x11, 0x11, 0x11,
    0x11, 0x11, 0x11, 0x11, 0x11, 0x11, 0x11, 0x11, 0x11, 0x11, 0x11, 0x11, 0x11, 0x11, 0x11, 0x11,
};

// Auto-generated icon: wx_09d (80x80)
// Each byte holds 2 pixels (high nibble first)
#define ICON_WX_09D_W 80
#define ICON_WX_09D_H 80
static const uint8_t PROGMEM icon_wx_09d[] = {
    0x11, 0x11, 0x11, 0x11, 0x11, 0x11, 0x11, 0x11, 0x11, 0x11, 0x11, 0x11, 0x11, 0x11, 0x11, 0x13,
    0x13, 0x13, 0x13, 0x11, 0x11, 0x11, 0x11, 0x11, 0x11, 0x11, 0x11, 0x11, 0x11, 0x11, 0x11, 0x11,
    0x11, 0x11, 0x11, 0x11, 0x11, 0x11, 0x11, 0x11, 0x11, 0x11, 0x11, 0x11, 0x11, 0x11, 0x11, 0x11,
    0x11, 0x11, 0x11, 0x11, 0x11, 0x11, 0x31, 0x31, 0x21, 0x21, 0x21, 0x31, 0x31, 0x11, 0x11, 0x11,
    0x11, 0x11, 0x11, 0x11, 0x11, 0x11, 0x11, 0x11, 0x11, 0x11, 0x11, 0x11, 0x11, 0x11, 0x11, 0x11,
    0x11, 0x11, 0x11, 0x11, 0x11, 0x11, 0x11, 0x11, 0x11, 0x11, 0x11, 0x11, 0x11, 0x32, 0x13, 0x21,
    0x31, 0x31, 0x31, 0x21, 0x13, 0x11, 0x11, 0x11, 0x11, 0x11, 0x11, 0x11, 0x11, 0x11, 0x11, 0x11,
    0x11, 0x11, 0x11, 0x11, 0x11, 0x11, 0x11, 0x11, 0x11, 0x11, 0x11, 0x11, 0x11, 0x11, 0x11, 0x11,
    0x11, 0x11, 0x11, 0x13, 0x13, 0x13, 0x11, 0x31, 0x21, 0x31, 0x21, 0x31, 0x21, 0x31, 0x11, 0x11,
    0x11, 0x11, 0x11, 0x11, 0x11, 0x11, 0x11, 0x11, 0x11, 0x11, 0x11, 0x11, 0x11, 0x11, 0x11, 0x11,
    0x11, 0x11, 0x11, 0x11, 0x11, 0x11, 0x11, 0x11, 0x11, 0x11, 0x11, 0x12, 0x12, 0x12, 0x31, 0x21,
    0x31, 0x21, 0x31, 0x13, 0x13, 0x12, 0x11, 0x11, 0x11, 0x11, 0x11, 0x11, 0x11, 0x11, 0x11, 0x11,
    0x11, 0x11, 0x11, 0x11, 0x11, 0x11, 0x11, 0x11, 0x11, 0x11, 0x11, 0x11, 0x11, 0x11, 0x11, 0x11,
    0x11, 0x11, 0x13, 0x13, 0x31, 0x31, 0x13, 0x13, 0x13, 0x13, 0x12, 0x31, 0x21, 0x31, 0x31, 0x11,
    0x11, 0x11, 0x11, 0x11, 0x11, 0x11, 0x11, 0x11, 0x11, 0x11, 0x11, 0x11, 0x11, 0x11, 0x11, 0x11,
    0x11, 0x11, 0x11, 0x11, 0x11, 0x11, 0x11, 0x11, 0x11, 0x11, 0x12, 0x31, 0x21, 0x32, 0x12, 0x12,
    0x12, 0x12, 0x13, 0x13, 0x11, 0x21, 0x13, 0x11, 0x11, 0x11, 0x11, 0x11, 0x11, 0x11, 0x11, 0x11,
    0x11, 0x11, 0x11, 0x11, 0x11, 0x11, 0x11, 0x11, 0x11, 0x11, 0x11, 0x11, 0x11, 0x11, 0x11, 0x11,
    0x11, 0x13, 0x13, 0x13, 0x13, 0x13, 0x13, 0x13, 0x13, 0x13, 0x11, 0x21, 0x31, 0x31, 0x31, 0x21,
    0x11, 0x11, 0x11, 0x11, 0x11, 0x11, 0x11, 0x11, 0x11, 0x11, 0x11, 0x11, 0x11, 0x11, 0x11, 0x11,
    0x11, 0x11, 0x11, 0x11, 0x11, 0x11, 0x11, 0x11, 0x11, 0x12, 0x31, 0x21, 0x21, 0x21, 0x31, 0x21,
    0x31, 0x21, 0x31, 0x31, 0x21, 0x31, 0x21, 0x31, 0x31, 0x11, 0x11, 0x11, 0x11, 0x11, 0x11, 0x11,
    0x11, 0x11, 0x11, 0x11, 0x11, 0x11, 0x11, 0x11, 0x11, 0x11, 0x11, 0x11, 0x11, 0x11, 0x11, 0x11,
    0x11, 0x31, 0x13, 0x13, 0x13, 0x13, 0x12, 0x31, 0x21, 0x31, 0x21, 0x31, 0x31, 0x21, 0x31, 0x13,
    0x11, 0x11, 0x11, 0x11, 0x11, 0x11, 0x11, 0x11, 0x11, 0x11, 0x11, 0x11, 0x11, 0x11, 0x11, 0x11,
    0x11, 0x11, 0x11, 0x11, 0x11, 0x11, 0x11, 0x11, 0x11, 0x13, 0x21, 0x32, 0x13, 0x12, 0x13, 0x13,
    0x13, 0x13, 0x13, 0x12, 0x13, 0x13, 0x12, 0x31, 0x21, 0x11, 0x11, 0x11, 0x11, 0x11, 0x11, 0x11,
    0x11, 0x11, 0x11, 0x11, 0x11, 0x11, 0x11, 0x11, 0x11, 0x11, 0x11, 0x11, 0x11, 0x11, 0x11, 0x11,
    0x13, 0x21, 0x31, 0x21, 0x32, 0x13, 0x12, 0x12, 0x12, 0x12, 0x12, 0x13, 0x11, 0x21, 0x31, 0x13,
    0x13, 0x11, 0x11, 0x11, 0x11, 0x11, 0x11, 0x11, 0x11, 0x11, 0x11, 0x11, 0x11, 0x11, 0x11, 0x11,
    0x11, 0x11, 0x11, 0x11, 0x11, 0x11, 0x11, 0x11, 0x11, 0x31, 0x23, 0x13, 0x13, 0x12, 0x31, 0x31,
    0x31, 0x31, 0x31, 0x31, 0x23, 0x13, 0x12, 0x13, 0x11, 0x11, 0x11, 0x11, 0x11, 0x11, 0x11, 0x11,
    0x11, 0x11, 0x11, 0x11, 0x11, 0x11, 0x11, 0x11, 0x11, 0x11, 0x11, 0x11, 0x11, 0x31, 0x31, 0x31,
    0x32, 0x13, 0x12, 0x12, 0x12, 0x31, 0x13, 0x12, 0x13, 0x12, 0x13, 0x12, 0x11, 0x31, 0x21, 0x11,
    0x12, 0x11, 0x11, 0x11, 0x11, 0x11, 0x11, 0x11, 0x11, 0x11, 0x11, 0x11, 0x11, 0x11, 0x11, 0x11,
    0x11, 0x11, 0x11, 0x11, 0x31, 0x23, 0x23, 0x21, 0x23, 0x12, 0x31, 0x31, 0x31, 0x13, 0x21, 0x31,
    0x31, 0x23, 0x12, 0x13, 0x13, 0x11, 0x13, 0x11, 0x11, 0x31, 0x13, 0x11, 0x11, 0x11, 0x11, 0x11,
    0x11, 0x11, 0x11, 0x11, 0x11, 0x11, 0x11, 0x11, 0x11, 0x11, 0x11, 0x31, 0x23, 0x12, 0x11, 0x31,
    0x31, 0x31, 0x23, 0x12, 0x31, 0x21, 0x31, 0x21, 0x23, 0x11, 0x31, 0x31, 0x21, 0x21, 0x11, 0x13,
    0x11, 0x11, 0x11, 0x13, 0x11, 0x11, 0x11, 0x11, 0x11, 0x11, 0x11, 0x11, 0x11, 0x11, 0x11, 0x11,
    0x11, 0x11, 0x12, 0x13, 0x12, 0x31, 0x32, 0x13, 0x21, 0x23, 0x12, 0x31, 0x23, 0x13, 0x13, 0x13,
    0x11, 0x32, 0x13, 0x12, 0x11, 0x13, 0x11, 0x11, 0x12, 0x13, 0x11, 0x11, 0x13, 0x11, 0x11, 0x11,
    0x11, 0x11, 0x11, 0x11, 0x11, 0x11, 0x11, 0x11, 0x11, 0x11, 0x31, 0x32, 0x31, 0x32, 0x13, 0x21,
    0x31, 0x31, 0x31, 0x13, 0x13, 0x12, 0x12, 0x31, 0x32, 0x13, 0x12, 0x13, 0x13, 0x11, 0x13, 0x12,
    0x11, 0x11, 0x12, 0x11, 0x21, 0x13, 0x11, 0x11, 0x11, 0x11, 0x11, 0x11, 0x11, 0x11, 0x11, 0x11,
    0x11, 0x13, 0x23, 0x12, 0x13, 0x13, 0x21, 0x31, 0x23, 0x12, 0x13, 0x21, 0x21, 0x31, 0x31, 0x21,
    0x21, 0x31, 0x23, 0x11, 0x11, 0x13, 0x11, 0x11, 0x13, 0x11, 0x11, 0x31, 0x11, 0x11, 0x13, 0x11,
    0x11, 0x11, 0x11, 0x11, 0x11, 0x11, 0x11, 0x11, 0x11, 0x21, 0x31, 0x23, 0x21, 0x21, 0x31, 0x23,
    0x12, 0x31, 0x31, 0x31, 0x31, 0x23, 0x13, 0x13, 0x13, 0x12, 0x11, 0x13, 0x11, 0x11, 0x21, 0x13,
    0x11, 0x13, 0x11, 0x11, 0x13, 0x11, 0x11, 0x11, 0x11, 0x11, 0x11, 0x11, 0x11, 0x11, 0x11, 0x11,
    0x11, 0x32, 0x13, 0x13, 0x13, 0x32, 0x13, 0x12, 0x31, 0x23, 0x21, 0x23, 0x13, 0x12, 0x12, 0x31,
    0x21, 0x31, 0x31, 0x11, 0x21, 0x31, 0x11, 0x11, 0x12, 0x11, 0x12, 0x13, 0x11, 0x12, 0x11, 0x21,
    0x11, 0x11, 0x11, 0x11, 0x11, 0x11, 0x11, 0x11, 0x13, 0x13, 0x23, 0x21, 0x21, 0x31, 0x32, 0x31,
    0x31, 0x31, 0x31, 0x31, 0x21, 0x31, 0x31, 0x23, 0x13, 0x21, 0x11, 0x21, 0x11, 0x11, 0x31, 0x31,
    0x11, 0x13, 0x11, 0x11, 0x12, 0x11, 0x13, 0x11, 0x31, 0x11, 0x11, 0x11, 0x11, 0x11, 0x11, 0x11,
    0x12, 0x31, 0x21, 0x33, 0x32, 0x12, 0x13, 0x12, 0x12, 0x13, 0x21, 0x23, 0x13, 0x21, 0x31, 0x31,
    0x21, 0x31, 0x31, 0x13, 0x11, 0x31, 0x11, 0x12, 0x13, 0x11, 0x13, 0x11, 0x11, 0x13, 0x11, 0x11,
    0x11, 0x11, 0x11, 0x11, 0x11, 0x11, 0x11, 0x11, 0x13, 0x21, 0x32, 0x12, 0x13, 0x31, 0x32, 0x31,
    0x33, 0x21, 0x31, 0x31, 0x21, 0x32, 0x13, 0x21, 0x31, 0x21, 0x11, 0x11, 0x11, 0x12, 0x11, 0x11,
    0x11, 0x12, 0x11, 0x13, 0x13, 0x11, 0x11, 0x31, 0x13, 0x11, 0x11, 0x11, 0x11, 0x11, 0x11, 0x11,
    0x21, 0x32, 0x13, 0x31, 0x32, 0x12, 0x13, 0x12, 0x13, 0x13, 0x21, 0x23, 0x13, 0x13, 0x12, 0x13,
    0x13, 0x11, 0x31, 0x21, 0x31, 0x11, 0x31, 0x31, 0x13, 0x11, 0x13, 0x11, 0x11, 0x11, 0x31, 0x11,
    0x11, 0x11, 0x11, 0x11, 0x11, 0x11, 0x11, 0x11, 0x32, 0x13, 0x21, 0x23, 0x12, 0x33, 0x21, 0x33,
    0x21, 0x21, 0x31, 0x31, 0x23, 0x12, 0x13, 0x11, 0x21, 0x11, 0x11, 0x11, 0x12, 0x11, 0x11, 0x11,
    0x21, 0x13, 0x11, 0x12, 0x11, 0x21, 0x11, 0x21, 0x12, 0x11, 0x11, 0x11, 0x11, 0x11, 0x11, 0x11,
    0x31, 0x32, 0x33, 0x12, 0x31, 0x21, 0x32, 0x12, 0x13, 0x31, 0x23, 0x12, 0x12, 0x11, 0x11, 0x11,
    0x13, 0x13, 0x13, 0x13, 0x11, 0x31, 0x12, 0x11, 0x13, 0x11, 0x12, 0x11, 0x13, 0x11, 0x11, 0x13,
    0x11, 0x11, 0x11, 0x11, 0x11, 0x11, 0x11, 0x11, 0x23, 0x21, 0x21, 0x31, 0x23, 0x13, 0x13, 0x13,
    0x21, 0x23, 0x12, 0x31, 0x31, 0x31, 0x31, 0x31, 0x11, 0x11, 0x11, 0x11, 0x11, 0x11, 0x31, 0x13,
    0x11, 0x12, 0x11, 0x13, 0x11, 0x13, 0x13, 0x11, 0x13, 0x11, 0x11, 0x11, 0x11, 0x11, 0x11, 0x11,
    0x31, 0x32, 0x32, 0x32, 0x13, 0x23, 0x21, 0x31, 0x33, 0x12, 0x31, 0x31, 0x11, 0x11, 0x11, 0x12,
    0x13, 0x12, 0x12, 0x13, 0x12, 0x11, 0x11, 0x11, 0x13, 0x11, 0x13, 0x11, 0x11, 0x11, 0x11, 0x11,
    0x11, 0x13, 0x11, 0x11, 0x11, 0x11, 0x11, 0x11, 0x23, 0x13, 0x13, 0x13, 0x21, 0x31, 0x32, 0x32,
    0x12, 0x31, 0x21, 0x12, 0x13, 0x12, 0x12, 0x11, 0x11, 0x11, 0x31, 0x11, 0x11, 0x31, 0x21, 0x31,
    0x11, 0x13, 0x11, 0x12, 0x13, 0x12, 0x11, 0x21, 0x31, 0x11, 0x11, 0x11, 0x11, 0x11, 0x11, 0x11,
    0x32, 0x12, 0x32, 0x13, 0x13, 0x21, 0x21, 0x23, 0x13, 0x13, 0x13, 0x11, 0x11, 0x13, 0x11, 0x31,
    0x31, 0x31, 0x11, 0x31, 0x31, 0x11, 0x11, 0x12, 0x13, 0x11, 0x12, 0x11, 0x11, 0x11, 0x13, 0x11,
    0x11, 0x21, 0x11, 0x11, 0x11, 0x11, 0x11, 0x11, 0x13, 0x23, 0x13, 0x23, 0x21, 0x32, 0x33, 0x12,
    0x32, 0x12, 0x11, 0x31, 0x31, 0x11, 0x13, 0x11, 0x11, 0x12, 0x11, 0x11, 0x12, 0x13, 0x13, 0x11,
    0x11, 0x12, 0x11, 0x31, 0x13, 0x11, 0x11, 0x11, 0x31, 0x11, 0x31, 0x11, 0x11, 0x11, 0x11, 0x11,
    0x13, 0x12, 0x31, 0x21, 0x32, 0x13, 0x12, 0x31, 0x13, 0x21, 0x31, 0x11, 0x12, 0x13, 0x11, 0x21,
    0x31, 0x11, 0x31, 0x21, 0x11, 0x11, 0x11, 0x13, 0x12, 0x11, 0x31, 0x11, 0x11, 0x13, 0x11, 0x31,
    0x11, 0x31, 0x11, 0x31, 0x11, 0x11, 0x11, 0x11, 0x12, 0x31, 0x23, 0x13, 0x23, 0x21, 0x31, 0x23,
    0x21, 0x31, 0x12, 0x13, 0x11, 0x11, 0x21, 0x11, 0x12, 0x11, 0x11, 0x13, 0x13, 0x11, 0x21, 0x11,
    0x11, 0x31, 0x11, 0x31, 0x21, 0x11, 0x21, 0x11, 0x21, 0x11, 0x21, 0x11, 0x31, 0x11, 0x11, 0x11,
    0x11, 0x23, 0x12, 0x32, 0x13, 0x13, 0x23, 0x13, 0x13, 0x12, 0x13, 0x11, 0x21, 0x31, 0x13, 0x13,
    0x11, 0x31, 0x31, 0x11, 0x11, 0x21, 0x13, 0x12, 0x11, 0x11, 0x31, 0x11, 0x13, 0x11, 0x11, 0x31,
    0x11, 0x31, 0x11, 0x11, 0x11, 0x31, 0x11, 0x11, 0x11, 0x32, 0x31, 0x31, 0x23, 0x21, 0x32, 0x12,
    0x32, 0x11, 0x11, 0x31, 0x13, 0x11, 0x31, 0x11, 0x21, 0x11, 0x12, 0x13, 0x11, 0x13, 0x11, 0x11,
    0x31, 0x11, 0x12, 0x13, 0x11, 0x13, 0x11, 0x11, 0x31, 0x11, 0x31, 0x31, 0x21, 0x11, 0x11, 0x11,
    0x11, 0x13, 0x23, 0x23, 0x13, 0x12, 0x31, 0x31, 0x31, 0x31, 0x31, 0x12, 0x11, 0x21, 0x12, 0x13,
    0x11, 0x31, 0x13, 0x11, 0x21, 0x11, 0x13, 0x11, 0x11, 0x31, 0x11, 0x11, 0x12, 0x11, 0x12, 0x11,
    0x11, 0x21, 0x11, 0x11, 0x11, 0x13, 0x11, 0x11, 0x11, 0x11, 0x13, 0x12, 0x32, 0x31, 0x23, 0x23,
    0x21, 0x12, 0x11, 0x31, 0x31, 0x13, 0x11, 0x11, 0x31, 0x12, 0x11, 0x11, 0x31, 0x31, 0x11, 0x21,
    0x31, 0x12, 0x13, 0x11, 0x31, 0x13, 0x11, 0x31, 0x11, 0x11, 0x31, 0x12, 0x13, 0x11, 0x11, 0x11,
    0x11, 0x11, 0x12, 0x31, 0x21, 0x32, 0x31, 0x31, 0x32, 0x11, 0x31, 0x11, 0x13, 0x11, 0x13, 0x11,
    0x12, 0x11, 0x31, 0x31, 0x11, 0x12, 0x11, 0x11, 0x12, 0x11, 0x11, 0x11, 0x11, 0x11, 0x11, 0x11,
    0x31, 0x31, 0x11, 0x11, 0x11, 0x12, 0x13, 0x11, 0x11, 0x11, 0x11, 0x23, 0x32, 0x13, 0x21, 0x23,
    0x21, 0x31, 0x12, 0x13, 0x11, 0x21, 0x31, 0x21, 0x31, 0x31, 0x11, 0x12, 0x13, 0x11, 0x31, 0x31,
    0x11, 0x31, 0x31, 0x21, 0x31, 0x21, 0x31, 0x21, 0x11, 0x11, 0x21, 0x31, 0x13, 0x11, 0x11, 0x11,
    0x11, 0x11, 0x11, 0x11, 0x13, 0x21, 0x33, 0x12, 0x31, 0x12, 0x13, 0x11, 0x21, 0x11, 0x11, 0x31,
    0x11, 0x11, 0x21, 0x13, 0x11, 0x11, 0x11, 0x12, 0x11, 0x11, 0x11, 0x11, 0x11, 0x11, 0x11, 0x11,
    0x31, 0x21, 0x11, 0x11, 0x11, 0x11, 0x31, 0x13, 0x11, 0x11, 0x11, 0x11, 0x11, 0x32, 0x12, 0x31,
    0x23, 0x11, 0x11, 0x31, 0x13, 0x13, 0x12, 0x11, 0x31, 0x21, 0x31, 0x11, 0x13, 0x12, 0x13, 0x11,
    0x31, 0x31, 0x21, 0x31, 0x13, 0x13, 0x11, 0x31, 0x11, 0x11, 0x31, 0x13, 0x12, 0x11, 0x11, 0x11,
    0x11, 0x11, 0x11, 0x11, 0x11, 0x11, 0x11, 0x13, 0x11, 0x31, 0x31, 0x12, 0x11, 0x12, 0x11, 0x31,
    0x11, 0x31, 0x11, 0x31, 0x21, 0x13, 0x11, 0x11, 0x11, 0x11, 0x11, 0x11, 0x21, 0x11, 0x21, 0x11,
    0x21, 0x31, 0x11, 0x11, 0x11, 0x13, 0x12, 0x11, 0x11, 0x11, 0x11, 0x11, 0x11, 0x11, 0x11, 0x11,
    0x11, 0x11, 0x21, 0x31, 0x31, 0x31, 0x31, 0x12, 0x11, 0x11, 0x31, 0x11, 0x13, 0x11, 0x13, 0x12,
    0x13, 0x12, 0x13, 0x11, 0x13, 0x11, 0x11, 0x31, 0x11, 0x11, 0x21, 0x31, 0x13, 0x11, 0x11, 0x13,
    0x11, 0x11, 0x11, 0x11, 0x11, 0x11, 0x11, 0x11, 0x11, 0x31, 0x11, 0x11, 0x11, 0x11, 0x12, 0x11,
    0x31, 0x31, 0x12, 0x13, 0x11, 0x13, 0x11, 0x13, 0x11, 0x11, 0x11, 0x21, 0x11, 0x13, 0x11, 0x11,
    0x31, 0x13, 0x11, 0x11, 0x21, 0x11, 0x31, 0x11, 0x11, 0x11, 0x11, 0x11, 0x11, 0x11, 0x11, 0x11,
    0x11, 0x11, 0x31, 0x31, 0x23, 0x12, 0x13, 0x11, 0x12, 0x12, 0x11, 0x11, 0x21, 0x12, 0x12, 0x11,
    0x13, 0x13, 0x11, 0x31, 0x31, 0x11, 0x21, 0x31, 0x11, 0x11, 0x13, 0x11, 0x11, 0x31, 0x11, 0x13,
    0x11, 0x11, 0x11, 0x11, 0x11, 0x11, 0x11, 0x11, 0x11, 0x11, 0x21, 0x13, 0x11, 0x13, 0x11, 0x31,
    0x31, 0x11, 0x31, 0x31, 0x13, 0x11, 0x11, 0x31, 0x11, 0x11, 0x21, 0x11, 0x12, 0x11, 0x11, 0x11,
    0x21, 0x31, 0x11, 0x21, 0x31, 0x11, 0x21, 0x11, 0x11, 0x11, 0x11, 0x11, 0x11, 0x11, 0x11, 0x11,
    0x11, 0x11, 0x31, 0x11, 0x21, 0x31, 0x12, 0x11, 0x13, 0x11, 0x11, 0x13, 0x11, 0x13, 0x11, 0x12,
    0x13, 0x11, 0x13, 0x11, 0x11, 0x31, 0x31, 0x21, 0x11, 0x12, 0x11, 0x11, 0x11, 0x21, 0x11, 0x31,
    0x11, 0x11, 0x11, 0x11, 0x11, 0x11, 0x11, 0x11, 0x11, 0x11, 0x13, 0x13, 0x11, 0x13, 0x11, 0x31,
    0x11, 0x23, 0x12, 0x11, 0x21, 0x31, 0x21, 0x31, 0x11, 0x21, 0x11, 0x21, 0x31, 0x11, 0x11, 0x13,
    0x13, 0x11, 0x13, 0x11, 0x31, 0x11, 0x31, 0x11, 0x11, 0x11, 0x11, 0x11, 0x11, 0x11, 0x11, 0x11,
    0x11, 0x11, 0x11, 0x11, 0x31, 0x21, 0x31, 0x12, 0x13, 0x11, 0x13, 0x11, 0x31, 0x11, 0x31, 0x11,
    0x31, 0x13, 0x11, 0x31, 0x11, 0x21, 0x31, 0x11, 0x11, 0x13, 0x11, 0x11, 0x11, 0x31, 0x11, 0x11,
    0x11, 0x11, 0x11, 0x11, 0x11, 0x11, 0x11, 0x11, 0x11, 0x11, 0x11, 0x31, 0x21, 0x11, 0x12, 0x13,
    0x11, 0x13, 0x11, 0x31, 0x11, 0x31, 0x11, 0x31, 0x12, 0x11, 0x13, 0x11, 0x31, 0x11, 0x11, 0x31,
    0x21, 0x11, 0x12, 0x13, 0x11, 0x11, 0x11, 0x11, 0x11, 0x11, 0x11, 0x11, 0x11, 0x11, 0x11, 0x11,
    0x11, 0x11, 0x11, 0x11, 0x13, 0x13, 0x11, 0x31, 0x13, 0x11, 0x21, 0x12, 0x12, 0x11, 0x31, 0x12,
    0x11, 0x31, 0x11, 0x21, 0x11, 0x31, 0x21, 0x11, 0x13, 0x12, 0x11, 0x11, 0x21, 0x13, 0x11, 0x11,
    0x11, 0x11, 0x11, 0x11, 0x11, 0x11, 0x31, 0x11, 0x11, 0x11, 0x11, 0x11, 0x11, 0x11, 0x31, 0x12,
    0x11, 0x21, 0x13, 0x11, 0x31, 0x31, 0x12, 0x11, 0x31, 0x12, 0x13, 0x11, 0x31, 0x11, 0x13, 0x13,
    0x11, 0x11, 0x31, 0x31, 0x11, 0x11, 0x11, 0x11, 0x11, 0x11, 0x11, 0x11, 0x11, 0x11, 0x11, 0x31,
    0x11, 0x11, 0x11, 0x11, 0x11, 0x31, 0x12, 0x11, 0x31, 0x13, 0x11, 0x31, 0x11, 0x12, 0x11, 0x31,
    0x11, 0x13, 0x11, 0x11, 0x12, 0x13, 0x11, 0x11, 0x12, 0x11, 0x11, 0x11, 0x31, 0x11, 0x11, 0x11,
    0x11, 0x11, 0x11, 0x11, 0x11, 0x13, 0x12, 0x11, 0x11, 0x11, 0x11, 0x11, 0x11, 0x11, 0x11, 0x31,
    0x13, 0x11, 0x21, 0x12, 0x13, 0x11, 0x31, 0x11, 0x31, 0x11, 0x13, 0x13, 0x11, 0x11, 0x12, 0x13,
    0x11, 0x31, 0x13, 0x11, 0x11, 0x11, 0x11, 0x11, 0x11, 0x11, 0x11, 0x11, 0x11, 0x11, 0x11, 0x31,
    0x11, 0x11, 0x11, 0x11, 0x11, 0x11, 0x11, 0x11, 0x11, 0x11, 0x11, 0x11, 0x11, 0x11, 0x11, 0x11,
    0x11, 0x11, 0x11, 0x11, 0x11, 0x11, 0x11, 0x11, 0x11, 0x11, 0x11, 0x11, 0x11, 0x11, 0x11, 0x11,
    0x11, 0x11, 0x11, 0x11, 0x13, 0x13, 0x11, 0x11, 0x31, 0x11, 0x11, 0x11, 0x11, 0x11, 0x11, 0x11,
    0x11, 0x11, 0x11, 0x11, 0x11, 0x11, 0x11, 0x11, 0x11, 0x11, 0x11, 0x11, 0x11, 0x11, 0x11, 0x11,
    0x11, 0x11, 0x11, 0x11, 0x11, 0x11, 0x11, 0x11, 0x11, 0x11, 0x11, 0x11, 0x11, 0x11, 0x21, 0x31,
    0x11, 0x11, 0x11, 0x11, 0x11, 0x11, 0x11, 0x11, 0x11, 0x11, 0x11, 0x11, 0x11, 0x11, 0x11, 0x11,
    0x11, 0x11, 0x11, 0x11, 0x11, 0x11, 0x11, 0x11, 0x11, 0x11, 0x11, 0x11, 0x11, 0x11, 0x11, 0x11,
    0x11, 0x11, 0x11, 0x11, 0x11, 0x31, 0x13, 0x11, 0x11, 0x11, 0x11, 0x11, 0x11, 0x11, 0x11, 0x11,
    0x11, 0x11, 0x11, 0x11, 0x11, 0x11, 0x11, 0x11, 0x11, 0x11, 0x11, 0x11, 0x11, 0x11, 0x11, 0x11,
    0x11, 0x11, 0x11, 0x11, 0x11, 0x11, 0x11, 0x11, 0x11, 0x11, 0x11, 0x11, 0x11, 0x11, 0x31, 0x11,
    0x11, 0x11, 0x11, 0x11, 0x11, 0x11, 0x11, 0x11, 0x11, 0x11, 0x11, 0x11, 0x11, 0x11, 0x11, 0x11,
    0x11, 0x11, 0x11, 0x11, 0x11, 0x11, 0x11, 0x11, 0x11, 0x11, 0x11, 0x11, 0x11, 0x11, 0x11, 0x11,
    0x11, 0x11, 0x11, 0x11, 0x11, 0x11, 0x11, 0x11, 0x11, 0x11, 0x11, 0x11, 0x11, 0x11, 0x11, 0x11,
    0x11, 0x11, 0x11, 0x11, 0x11, 0x11, 0x11, 0x11, 0x11, 0x11, 0x11, 0x11, 0x11, 0x11, 0x11, 0x11,
    0x11, 0x11, 0x11, 0x11, 0x11, 0x11, 0x11, 0x11, 0x11, 0x11, 0x11, 0x11, 0x11, 0x11, 0x11, 0x11,
    0x11, 0x11, 0x11, 0x11, 0x31, 0x11, 0x11, 0x11, 0x11, 0x11, 0x11, 0x13, 0x13, 0x11, 0x11, 0x11,
    0x11, 0x11, 0x31, 0x31, 0x11, 0x11, 0x11, 0x11, 0x11, 0x13, 0x13, 0x11, 0x11, 0x11, 0x11, 0x11,
    0x11, 0x11, 0x11, 0x11, 0x11, 0x11, 0x11, 0x11, 0x11, 0x11, 0x11, 0x13, 0x12, 0x11, 0x11, 0x11,
    0x11, 0x11, 0x11, 0x11, 0x11, 0x11, 0x11, 0x11, 0x11, 0x11, 0x11, 0x11, 0x11, 0x11, 0x11, 0x11,
    0x11, 0x11, 0x11, 0x11, 0x11, 0x11, 0x11, 0x11, 0x11, 0x11, 0x11, 0x11, 0x11, 0x11, 0x11, 0x11,
    0x11, 0x11, 0x11, 0x11, 0x11, 0x31, 0x11, 0x11, 0x11, 0x11, 0x11, 0x31, 0x21, 0x31, 0x11, 0x11,
    0x11, 0x13, 0x12, 0x13, 0x11, 0x11, 0x11, 0x11, 0x11, 0x31, 0x21, 0x31, 0x11, 0x11, 0x11, 0x11,
    0x11, 0x11, 0x11, 0x11, 0x11, 0x11, 0x11, 0x11, 0x11, 0x11, 0x11, 0x11, 0x31, 0x11, 0x11, 0x11,
    0x11, 0x11, 0x11, 0x11, 0x11, 0x11, 0x11, 0x11, 0x11, 0x11, 0x13, 0x11, 0x11, 0x11, 0x11, 0x11,
    0x11, 0x11, 0x31, 0x11, 0x11, 0x11, 0x11, 0x11, 0x11, 0x11, 0x11, 0x11, 0x11, 0x11, 0x11, 0x11,
    0x11, 0x11, 0x11, 0x11, 0x11, 0x11, 0x11, 0x11, 0x11, 0x11, 0x13, 0x13, 0x13, 0x11, 0x11, 0x11,
    0x11, 0x11, 0x11, 0x11, 0x11, 0x11, 0x11, 0x11, 0x11, 0x11, 0x11, 0x11, 0x11, 0x11, 0x11, 0x11,
    0x11, 0x11, 0x11, 0x11, 0x11, 0x11, 0x11, 0x11, 0x11, 0x11, 0x11, 0x11, 0x11, 0x11, 0x11, 0x11,
    0x11, 0x11, 0x11, 0x12, 0x11, 0x13, 0x11, 0x11, 0x11, 0x11, 0x11, 0x11, 0x11, 0x11, 0x11, 0x11,
    0x11, 0x11, 0x11, 0x11, 0x11, 0x11, 0x11, 0x11, 0x11, 0x11, 0x11, 0x11, 0x11, 0x11, 0x11, 0x11,
    0x11, 0x11, 0x11, 0x11, 0x11, 0x11, 0x11, 0x11, 0x11, 0x11, 0x11, 0x11, 0x31, 0x11, 0x11, 0x11,
    0x11, 0x11, 0x11, 0x11, 0x11, 0x11, 0x11, 0x11, 0x11, 0x11, 0x11, 0x11, 0x11, 0x11, 0x11, 0x11,
    0x11, 0x11, 0x11, 0x11, 0x11, 0x11, 0x11, 0x11, 0x13, 0x11, 0x11, 0x11, 0x11, 0x11, 0x11, 0x11,
    0x11, 0x11, 0x11, 0x11, 0x11, 0x11, 0x11, 0x11, 0x11, 0x11, 0x11, 0x11, 0x11, 0x11, 0x13, 0x11,
    0x11, 0x11, 0x11, 0x11, 0x11, 0x11, 0x11, 0x11, 0x11, 0x11, 0x11, 0x11, 0x11, 0x11, 0x11, 0x11,
    0x31, 0x11, 0x11, 0x11, 0x11, 0x11, 0x11, 0x11, 0x11, 0x11, 0x11, 0x11, 0x11, 0x11, 0x11, 0x11,
    0x11, 0x11, 0x11, 0x11, 0x11, 0x13, 0x11, 0x11, 0x11, 0x11, 0x11, 0x11, 0x11, 0x11, 0x11, 0x11,
    0x11, 0x11, 0x11, 0x11, 0x11, 0x11, 0x11, 0x11, 0x12, 0x13, 0x11, 0x11, 0x11, 0x11, 0x11, 0x11,
    0x11, 0x11, 0x11, 0x11, 0x11, 0x11, 0x11, 0x11, 0x11, 0x11, 0x11, 0x11, 0x11, 0x11, 0x12, 0x11,
    0x11, 0x11, 0x11, 0x11, 0x11, 0x11, 0x11, 0x11, 0x11, 0x11, 0x11, 0x11, 0x11, 0x11, 0x11, 0x11,
    0x11, 0x11, 0x11, 0x11, 0x11, 0x11, 0x11, 0x11, 0x11, 0x11, 0x11, 0x11, 0x11, 0x11, 0x11, 0x11,
    0x11, 0x11, 0x11, 0x11, 0x11, 0x13, 0x11, 0x31, 0x11, 0x11, 0x11, 0x11, 0x11, 0x11, 0x11, 0x11,
    0x11, 0x11, 0x11, 0x11, 0x11, 0x11, 0x11, 0x11, 0x11, 0x11, 0x11, 0x11, 0x11, 0x11, 0x11, 0x31,
    0x11, 0x11, 0x11, 0x11, 0x11, 0x11, 0x11, 0x11, 0x11, 0x11, 0x11, 0x11, 0x11, 0x31, 0x11, 0x11,
    0x31, 0x11, 0x11, 0x11, 0x11, 0x11, 0x11, 0x11, 0x11, 0x11, 0x11, 0x11, 0x11, 0x11, 0x11, 0x11,
    0x11, 0x11, 0x11, 0x11, 0x11, 0x11, 0x11, 0x11, 0x31, 0x11, 0x11, 0x11, 0x11, 0x11, 0x11, 0x11,
    0x11, 0x11, 0x11, 0x11, 0x11, 0x12, 0x13, 0x11, 0x11, 0x11, 0x11, 0x11, 0x11, 0x11, 0x11, 0x11,
    0x11, 0x11, 0x11, 0x11, 0x11, 0x11, 0x11, 0x11, 0x11, 0x11, 0x11, 0x11, 0x11, 0x11, 0x13, 0x12,
    0x11, 0x11, 0x11, 0x11, 0x11, 0x11, 0x11, 0x11, 0x11, 0x11, 0x11, 0x11, 0x11, 0x13, 0x11, 0x21,
    0x11, 0x11, 0x11, 0x11, 0x11, 0x11, 0x11, 0x11, 0x11, 0x11, 0x11, 0x11, 0x11, 0x11, 0x11, 0x11,
    0x11, 0x11, 0x11, 0x11, 0x11, 0x11, 0x11, 0x11, 0x31, 0x11, 0x11, 0x11, 0x11, 0x11, 0x11, 0x11,
    0x11, 0x11, 0x11, 0x11, 0x11, 0x11, 0x13, 0x11, 0x11, 0x11, 0x11, 0x11, 0x11, 0x11, 0x11, 0x11,
    0x11, 0x11, 0x11, 0x11, 0x11, 0x11, 0x11, 0x11, 0x11, 0x11, 0x11, 0x11, 0x11, 0x11, 0x13, 0x11,
    0x11, 0x31, 0x11, 0x11, 0x11, 0x11, 0x11, 0x11, 0x13, 0x11, 0x11, 0x11, 0x11, 0x11, 0x11, 0x11,
    0x11, 0x11, 0x11, 0x11, 0x11, 0x11, 0x11, 0x11, 0x11, 0x11, 0x11, 0x11, 0x11, 0x11, 0x11, 0x11,
    0x11, 0x11, 0x11, 0x11, 0x11, 0x11, 0x11, 0x31, 0x21, 0x11, 0x11, 0x11, 0x11, 0x11, 0x11, 0x11,
    0x11, 0x31, 0x11, 0x11, 0x11, 0x11, 0x11, 0x11, 0x11, 0x11, 0x11, 0x11, 0x11, 0x11, 0x11, 0x11,
    0x11, 0x11, 0x11, 0x11, 0x11, 0x11, 0x11, 0x11, 0x11, 0x11, 0x11, 0x11, 0x11, 0x11, 0x31, 0x11,
    0x13, 0x11, 0x11, 0x11, 0x11, 0x11, 0x11, 0x11, 0x31, 0x11, 0x11, 0x11, 0x11, 0x11, 0x11, 0x11,
    0x11, 0x11, 0x11, 0x11, 0x11, 0x11, 0x11, 0x11, 0x11, 0x11, 0x11, 0x11, 0x11, 0x11, 0x11, 0x11,
    0x11, 0x11, 0x11, 0x11, 0x11, 0x11, 0x11, 0x31, 0x11, 0x11, 0x11, 0x11, 0x11, 0x11, 0x11, 0x11,
    0x11, 0x31, 0x11, 0x11, 0x11, 0x11, 0x11, 0x11, 0x11, 0x11, 0x11, 0x11, 0x11, 0x11, 0x11, 0x11,
};

// Auto-generated icon: wx_10d (80x80)
// Each byte holds 2 pixels (high nibble first)
#define ICON_WX_10D_W 80
#define ICON_WX_10D_H 80
static const uint8_t PROGMEM icon_wx_10d[] = {
    0x11, 0x11, 0x11, 0x11, 0x11, 0x11, 0x11, 0x11, 0x11, 0x11, 0x11, 0x11, 0x11, 0x11, 0x11, 0x11,
    0x11, 0x11, 0x11, 0x11, 0x11, 0x11, 0x11, 0x11, 0x11, 0x11, 0x11, 0x11, 0x11, 0x11, 0x11, 0x11,
    0x11, 0x11, 0x11, 0x11, 0x11, 0x11, 0x11, 0x11, 0x11, 0x11, 0x11, 0x11, 0x11, 0x11, 0x11, 0x11,
    0x11, 0x11, 0x11, 0x11, 0x11, 0x11, 0x11, 0x11, 0x11, 0x11, 0x11, 0x11, 0x11, 0x11, 0x11, 0x11,
    0x11, 0x11, 0x11, 0x11, 0x11, 0x11, 0x11, 0x11, 0x11, 0x11, 0x11, 0x11, 0x11, 0x11, 0x11, 0x11,
    0x11, 0x11, 0x11, 0x11, 0x11, 0x11, 0x11, 0x11, 0x11, 0x11, 0x11, 0x11, 0x11, 0x11, 0x11, 0x11,
    0x11, 0x11, 0x11, 0x11, 0x11, 0x11, 0x11, 0x11, 0x11, 0x11, 0x11, 0x11, 0x11, 0x11, 0x11, 0x11,
    0x11, 0x11, 0x11, 0x11, 0x11, 0x11, 0x11, 0x11, 0x11, 0x11, 0x11, 0x11, 0x11, 0x11, 0x11, 0x11,
    0x11, 0x11, 0x11, 0x11, 0x11, 0x11, 0x11, 0x11, 0x11, 0x11, 0x11, 0x11, 0x11, 0x11, 0x11, 0x11,
    0x11, 0x11, 0x11, 0x11, 0x11, 0x11, 0x11, 0x11, 0x11, 0x11, 0x11, 0x11, 0x11, 0x11, 0x11, 0x11,
    0x11, 0x11, 0x11, 0x11, 0x11, 0x11, 0x11, 0x11, 0x11, 0x11, 0x11, 0x11, 0x11, 0x11, 0x11, 0x11,
    0x11, 0x11, 0x11, 0x11, 0x11, 0x11, 0x11, 0x11, 0x11, 0x11, 0x11, 0x65, 0x65, 0x65, 0x65, 0x65,
    0x61, 0x11, 0x11, 0x11, 0x11, 0x11, 0x11, 0x11, 0x11, 0x11, 0x11, 0x11, 0x11, 0x11, 0x11, 0x11,
    0x11, 0x11, 0x11, 0x11, 0x11, 0x11, 0x11, 0x11, 0x11, 0x11, 0x11, 0x11, 0x11, 0x11, 0x11, 0x11,
    0x11, 0x11, 0x65, 0x65, 0x65, 0x65, 0x65, 0x65, 0x56, 0x56, 0x11, 0x11, 0x11, 0x11, 0x11, 0x11,
    0x11, 0x11, 0x11, 0x11, 0x11, 0x11, 0x11, 0x11, 0x11, 0x11, 0x11, 0x11, 0x11, 0x11, 0x11, 0x11,
    0x11, 0x11, 0x11, 0x11, 0x11, 0x11, 0x11, 0x11, 0x11, 0x65, 0x65, 0x65, 0x61, 0x65, 0x65, 0x65,
    0x65, 0x65, 0x56, 0x11, 0x11, 0x11, 0x11, 0x11, 0x11, 0x11, 0x11, 0x11, 0x11, 0x11, 0x11, 0x11,
    0x11, 0x11, 0x11, 0x11, 0x11, 0x11, 0x11, 0x11, 0x11, 0x11, 0x11, 0x11, 0x11, 0x11, 0x11, 0x11,
    0x65, 0x65, 0x61, 0x66, 0x56, 0x56, 0x56, 0x16, 0x56, 0x56, 0x55, 0x61, 0x11, 0x11, 0x11, 0x11,
    0x11, 0x11, 0x11, 0x11, 0x11, 0x11, 0x11, 0x11, 0x11, 0x11, 0x11, 0x11, 0x11, 0x11, 0x11, 0x11,
    0x11, 0x11, 0x11, 0x11, 0x11, 0x11, 0x11, 0x16, 0x56, 0x16, 0x65, 0x65, 0x65, 0x66, 0x16, 0x56,
    0x56, 0x56, 0x56, 0x55, 0x11, 0x11, 0x11, 0x11, 0x11, 0x11, 0x11, 0x11, 0x11, 0x11, 0x11, 0x11,
    0x11, 0x11, 0x11, 0x11, 0x11, 0x11, 0x11, 0x11, 0x11, 0x11, 0x11, 0x11, 0x11, 0x11, 0x11, 0x65,
    0x66, 0x56, 0x56, 0x16, 0x61, 0x65, 0x65, 0x65, 0x65, 0x65, 0x65, 0x65, 0x65, 0x11, 0x11, 0x11,
    0x11, 0x11, 0x11, 0x11, 0x11, 0x11, 0x11, 0x11, 0x11, 0x11, 0x11, 0x11, 0x11, 0x11, 0x11, 0x11,
    0x11, 0x11, 0x11, 0x11, 0x11, 0x11, 0x11, 0x11, 0x61, 0x66, 0x16, 0x65, 0x65, 0x65, 0x65, 0x65,
    0x65, 0x61, 0x56, 0x56, 0x55, 0x61, 0x11, 0x11, 0x11, 0x11, 0x11, 0x11, 0x11, 0x11, 0x11, 0x11,
    0x11, 0x11, 0x11, 0x11, 0x11, 0x11, 0x11, 0x11, 0x11, 0x11, 0x13, 0x11, 0x31, 0x13, 0x11, 0x31,
    0x11, 0x26, 0x65, 0x65, 0x65, 0x65, 0x66, 0x56, 0x56, 0x56, 0x56, 0x55, 0x65, 0x51, 0x11, 0x11,
    0x11, 0x11, 0x11, 0x11, 0x11, 0x11, 0x11, 0x11, 0x11, 0x11, 0x11, 0x11, 0x11, 0x11, 0x11, 0x11,
    0x11, 0x31, 0x11, 0x11, 0x11, 0x11, 0x11, 0x11, 0x31, 0x11, 0x65, 0x61, 0x66, 0x16, 0x56, 0x16,
    0x56, 0x56, 0x56, 0x56, 0x56, 0x56, 0x11, 0x11, 0x11, 0x11, 0x11, 0x11, 0x11, 0x11, 0x11, 0x11,
    0x11, 0x11, 0x11, 0x11, 0x11, 0x11, 0x11, 0x11, 0x31, 0x11, 0x31, 0x21, 0x31, 0x21, 0x31, 0x21,
    0x11, 0x11, 0x11, 0x66, 0x56, 0x56, 0x56, 0x56, 0x56, 0x16, 0x56, 0x56, 0x56, 0x55, 0x61, 0x11,
    0x11, 0x11, 0x11, 0x11, 0x11, 0x11, 0x11, 0x11, 0x11, 0x11, 0x11, 0x11, 0x11, 0x11, 0x11, 0x31,
    0x11, 0x21, 0x11, 0x11, 0x11, 0x11, 0x11, 0x11, 0x13, 0x11, 0x31, 0x12, 0x56, 0x65, 0x65, 0x65,
    0x65, 0x65, 0x65, 0x65, 0x56, 0x56, 0x51, 0x11, 0x11, 0x11, 0x11, 0x11, 0x11, 0x11, 0x11, 0x11,
    0x11, 0x11, 0x11, 0x11, 0x11, 0x11, 0x13, 0x11, 0x21, 0x11, 0x31, 0x13, 0x11, 0x31, 0x11, 0x31,
    0x11, 0x11, 0x11, 0x11, 0x65, 0x61, 0x65, 0x61, 0x65, 0x65, 0x65, 0x56, 0x56, 0x55, 0x56, 0x11,
    0x11, 0x11, 0x11, 0x11, 0x11, 0x11, 0x11, 0x11, 0x11, 0x11, 0x11, 0x11, 0x11, 0x11, 0x31, 0x11,
    0x13, 0x11, 0x11, 0x11, 0x11, 0x11, 0x21, 0x11, 0x21, 0x12, 0x11, 0x31, 0x12, 0x56, 0x65, 0x65,
    0x65, 0x65, 0x56, 0x56, 0x56, 0x56, 0x55, 0x11, 0x11, 0x11, 0x11, 0x11, 0x11, 0x11, 0x11, 0x11,
    0x11, 0x11, 0x11, 0x11, 0x11, 0x31, 0x11, 0x21, 0x11, 0x13, 0x12, 0x11, 0x21, 0x13, 0x11, 0x11,
    0x13, 0x11, 0x11, 0x11, 0x11, 0x65, 0x61, 0x65, 0x65, 0x65, 0x61, 0x65, 0x65, 0x65, 0x65, 0x11,
    0x11, 0x11, 0x11, 0x11, 0x11, 0x11, 0x11, 0x11, 0x11, 0x11, 0x11, 0x11, 0x11, 0x11, 0x21, 0x13,
    0x11, 0x11, 0x11, 0x31, 0x13, 0x11, 0x13, 0x13, 0x11, 0x13, 0x11, 0x31, 0x31, 0x16, 0x56, 0x56,
    0x56, 0x16, 0x56, 0x56, 0x55, 0x65, 0x56, 0x51, 0x11, 0x11, 0x11, 0x11, 0x11, 0x11, 0x11, 0x11,
    0x11, 0x11, 0x11, 0x11, 0x13, 0x11, 0x13, 0x11, 0x13, 0x12, 0x11, 0x11, 0x11, 0x11, 0x11, 0x11,
    0x11, 0x11, 0x11, 0x11, 0x11, 0x12, 0x65, 0x65, 0x65, 0x65, 0x65, 0x65, 0x65, 0x56, 0x55, 0x61,
    0x11, 0x11, 0x11, 0x11, 0x11, 0x11, 0x11, 0x11, 0x11, 0x11, 0x11, 0x11, 0x11, 0x21, 0x11, 0x13,
    0x11, 0x11, 0x13, 0x11, 0x31, 0x21, 0x31, 0x21, 0x13, 0x12, 0x11, 0x21, 0x13, 0x11, 0x65, 0x61,
    0x65, 0x65, 0x65, 0x65, 0x65, 0x65, 0x65, 0x51, 0x11, 0x11, 0x11, 0x11, 0x11, 0x11, 0x11, 0x11,
    0x11, 0x11, 0x11, 0x11, 0x31, 0x13, 0x13, 0x11, 0x21, 0x13, 0x11, 0x12, 0x11, 0x11, 0x11, 0x11,
    0x11, 0x11, 0x13, 0x11, 0x11, 0x11, 0x21, 0x66, 0x56, 0x56, 0x56, 0x56, 0x56, 0x16, 0x56, 0x51,
    0x11, 0x11, 0x11, 0x11, 0x11, 0x11, 0x11, 0x11, 0x11, 0x11, 0x11, 0x11, 0x11, 0x11, 0x11, 0x21,
    0x11, 0x11, 0x12, 0x11, 0x13, 0x11, 0x31, 0x13, 0x11, 0x31, 0x11, 0x13, 0x11, 0x31, 0x16, 0x56,
    0x56, 0x56, 0x56, 0x51, 0x65, 0x56, 0x56, 0x51, 0x11, 0x11, 0x11, 0x11, 0x11, 0x11, 0x11, 0x11,
    0x11, 0x11, 0x11, 0x13, 0x13, 0x12, 0x11, 0x11, 0x31, 0x31, 0x11, 0x31, 0x11, 0x11, 0x11, 0x11,
    0x21, 0x11, 0x13, 0x11, 0x11, 0x11, 0x12, 0x65, 0x65, 0x61, 0x65, 0x65, 0x65, 0x65, 0x56, 0x51,
    0x11, 0x11, 0x11, 0x11, 0x11, 0x11, 0x11, 0x11, 0x11, 0x11, 0x11, 0x11, 0x21, 0x11, 0x31, 0x31,
    0x11, 0x12, 0x11, 0x11, 0x31, 0x21, 0x13, 0x11, 0x11, 0x13, 0x11, 0x12, 0x11, 0x21, 0x11, 0x65,
    0x61, 0x65, 0x65, 0x65, 0x65, 0x65, 0x65, 0x51, 0x11, 0x11, 0x11, 0x11, 0x11, 0x11, 0x11, 0x11,
    0x11, 0x11, 0x13, 0x13, 0x11, 0x31, 0x11, 0x11, 0x21, 0x11, 0x31, 0x11, 0x11, 0x13, 0x11, 0x21,
    0x13, 0x11, 0x12, 0x11, 0x13, 0x11, 0x31, 0x65, 0x65, 0x65, 0x65, 0x65, 0x65, 0x56, 0x56, 0x51,
    0x11, 0x11, 0x11, 0x11, 0x11, 0x11, 0x13, 0x13, 0x13, 0x13, 0x11, 0x11, 0x11, 0x11, 0x21, 0x31,
    0x13, 0x11, 0x11, 0x31, 0x21, 0x11, 0x11, 0x13, 0x11, 0x12, 0x11, 0x13, 0x11, 0x11, 0x11, 0x25,
    0x65, 0x65, 0x65, 0x65, 0x56, 0x56, 0x55, 0x61, 0x11, 0x11, 0x11, 0x11, 0x11, 0x13, 0x11, 0x12,
    0x11, 0x11, 0x21, 0x31, 0x21, 0x31, 0x11, 0x11, 0x11, 0x13, 0x11, 0x11, 0x13, 0x11, 0x31, 0x11,
    0x12, 0x11, 0x13, 0x11, 0x11, 0x31, 0x11, 0x25, 0x66, 0x56, 0x56, 0x56, 0x56, 0x56, 0x56, 0x51,
    0x11, 0x11, 0x11, 0x11, 0x13, 0x11, 0x21, 0x31, 0x13, 0x11, 0x11, 0x11, 0x11, 0x11, 0x31, 0x21,
    0x31, 0x11, 0x21, 0x13, 0x11, 0x11, 0x12, 0x11, 0x11, 0x13, 0x11, 0x11, 0x31, 0x11, 0x21, 0x16,
    0x56, 0x16, 0x56, 0x16, 0x56, 0x56, 0x55, 0x61, 0x11, 0x11, 0x11, 0x11, 0x11, 0x21, 0x11, 0x13,
    0x11, 0x21, 0x31, 0x31, 0x31, 0x31, 0x11, 0x11, 0x12, 0x11, 0x13, 0x11, 0x12, 0x13, 0x11, 0x13,
    0x13, 0x11, 0x11, 0x31, 0x11, 0x21, 0x11, 0x26, 0x56, 0x56, 0x56, 0x56, 0x56, 0x55, 0x65, 0x51,
    0x11, 0x11, 0x11, 0x13, 0x13, 0x13, 0x13, 0x11, 0x21, 0x11, 0x11, 0x11, 0x11, 0x12, 0x13, 0x13,
    0x11, 0x31, 0x11, 0x12, 0x11, 0x11, 0x13, 0x11, 0x11, 0x12, 0x11, 0x12, 0x11, 0x11, 0x31, 0x16,
    0x16, 0x56, 0x56, 0x56, 0x56, 0x16, 0x56, 0x11, 0x11, 0x11, 0x11, 0x12, 0x11, 0x11, 0x11, 0x21,
    0x13, 0x13, 0x12, 0x12, 0x12, 0x11, 0x11, 0x11, 0x11, 0x11, 0x31, 0x11, 0x31, 0x13, 0x11, 0x12,
    0x11, 0x11, 0x31, 0x11, 0x13, 0x11, 0x11, 0x11, 0x12, 0x16, 0x56, 0x56, 0x56, 0x56, 0x55, 0x11,
    0x11, 0x11, 0x13, 0x11, 0x31, 0x21, 0x31, 0x13, 0x11, 0x11, 0x11, 0x31, 0x11, 0x31, 0x31, 0x21,
    0x31, 0x21, 0x11, 0x31, 0x11, 0x11, 0x21, 0x11, 0x31, 0x31, 0x11, 0x31, 0x11, 0x11, 0x31, 0x31,
    0x11, 0x11, 0x16, 0x56, 0x55, 0x65, 0x61, 0x11, 0x11, 0x11, 0x11, 0x31, 0x11, 0x31, 0x11, 0x11,
    0x13, 0x12, 0x11, 0x13, 0x11, 0x11, 0x11, 0x11, 0x11, 0x13, 0x11, 0x12, 0x13, 0x11, 0x13, 0x11,
    0x11, 0x11, 0x21, 0x11, 0x13, 0x11, 0x11, 0x11, 0x31, 0x13, 0x11, 0x65, 0x65, 0x65, 0x51, 0x11,
    0x11, 0x11, 0x31, 0x12, 0x11, 0x11, 0x31, 0x23, 0x11, 0x11, 0x31, 0x11, 0x21, 0x31, 0x21, 0x31,
    0x31, 0x11, 0x12, 0x11, 0x11, 0x13, 0x11, 0x13, 0x11, 0x21, 0x11, 0x31, 0x11, 0x21, 0x12, 0x11,
    0x11, 0x21, 0x11, 0x35, 0x61, 0x65, 0x11, 0x11, 0x11, 0x11, 0x12, 0x11, 0x31, 0x31, 0x21, 0x11,
    0x12, 0x13, 0x12, 0x13, 0x11, 0x11, 0x11, 0x11, 0x12, 0x13, 0x11, 0x31, 0x13, 0x11, 0x21, 0x11,
    0x21, 0x11, 0x31, 0x11, 0x21, 0x11, 0x11, 0x13, 0x11, 0x11, 0x31, 0x11, 0x65, 0x51, 0x11, 0x11,
    0x11, 0x13, 0x11, 0x31, 0x11, 0x21, 0x13, 0x13, 0x11, 0x31, 0x11, 0x11, 0x13, 0x13, 0x13, 0x12,
    0x11, 0x11, 0x11, 0x11, 0x21, 0x11, 0x13, 0x11, 0x11, 0x31, 0x11, 0x21, 0x11, 0x31, 0x31, 0x11,
    0x13, 0x11, 0x11, 0x11, 0x12, 0x61, 0x11, 0x11, 0x11, 0x11, 0x31, 0x12, 0x13, 0x11, 0x11, 0x11,
    0x21, 0x11, 0x31, 0x31, 0x11, 0x11, 0x11, 0x11, 0x31, 0x31, 0x21, 0x31, 0x13, 0x13, 0x11, 0x13,
    0x11, 0x11, 0x21, 0x11, 0x31, 0x11, 0x11, 0x21, 0x11, 0x12, 0x11, 0x31, 0x11, 0x11, 0x11, 0x11,
    0x11, 0x31, 0x12, 0x13, 0x11, 0x31, 0x31, 0x21, 0x13, 0x11, 0x11, 0x12, 0x13, 0x12, 0x13, 0x11,
    0x11, 0x11, 0x11, 0x11, 0x11, 0x11, 0x12, 0x11, 0x13, 0x11, 0x13, 0x11, 0x11, 0x12, 0x11, 0x11,
    0x31, 0x11, 0x11, 0x11, 0x31, 0x11, 0x11, 0x11, 0x11, 0x12, 0x13, 0x11, 0x11, 0x11, 0x21, 0x13,
    0x11, 0x21, 0x31, 0x13, 0x11, 0x11, 0x11, 0x21, 0x31, 0x21, 0x31, 0x31, 0x21, 0x31, 0x11, 0x31,
    0x11, 0x21, 0x11, 0x13, 0x12, 0x11, 0x31, 0x31, 0x11, 0x31, 0x31, 0x11, 0x11, 0x11, 0x11, 0x11,
    0x13, 0x11, 0x11, 0x31, 0x31, 0x21, 0x13, 0x11, 0x13, 0x11, 0x12, 0x11, 0x13, 0x13, 0x11, 0x11,
    0x11, 0x11, 0x11, 0x11, 0x11, 0x12, 0x11, 0x11, 0x21, 0x13, 0x11, 0x11, 0x11, 0x31, 0x11, 0x11,
    0x21, 0x11, 0x11, 0x21, 0x12, 0x11, 0x11, 0x11, 0x11, 0x31, 0x31, 0x12, 0x11, 0x31, 0x11, 0x31,
    0x21, 0x13, 0x11, 0x31, 0x12, 0x11, 0x21, 0x31, 0x31, 0x31, 0x21, 0x31, 0x31, 0x11, 0x31, 0x13,
    0x11, 0x11, 0x13, 0x12, 0x11, 0x11, 0x12, 0x11, 0x11, 0x12, 0x11, 0x13, 0x11, 0x11, 0x11, 0x11,
    0x11, 0x11, 0x21, 0x11, 0x31, 0x13, 0x12, 0x11, 0x13, 0x11, 0x21, 0x12, 0x11, 0x31, 0x11, 0x11,
    0x11, 0x11, 0x11, 0x11, 0x12, 0x11, 0x11, 0x21, 0x13, 0x11, 0x21, 0x11, 0x31, 0x13, 0x11, 0x31,
    0x31, 0x11, 0x31, 0x11, 0x13, 0x11, 0x11, 0x11, 0x13, 0x11, 0x31, 0x31, 0x12, 0x11, 0x11, 0x31,
    0x11, 0x21, 0x13, 0x11, 0x31, 0x11, 0x31, 0x31, 0x21, 0x31, 0x31, 0x21, 0x11, 0x31, 0x31, 0x13,
    0x11, 0x13, 0x11, 0x31, 0x11, 0x11, 0x11, 0x11, 0x11, 0x31, 0x11, 0x13, 0x11, 0x11, 0x11, 0x11,
    0x11, 0x21, 0x11, 0x12, 0x11, 0x31, 0x31, 0x12, 0x13, 0x13, 0x11, 0x13, 0x11, 0x31, 0x11, 0x11,
    0x11, 0x11, 0x11, 0x13, 0x11, 0x11, 0x11, 0x11, 0x12, 0x11, 0x11, 0x11, 0x21, 0x31, 0x21, 0x13,
    0x11, 0x11, 0x13, 0x11, 0x12, 0x11, 0x11, 0x11, 0x11, 0x31, 0x31, 0x31, 0x31, 0x11, 0x12, 0x13,
    0x11, 0x11, 0x13, 0x11, 0x21, 0x12, 0x13, 0x12, 0x13, 0x12, 0x13, 0x11, 0x13, 0x12, 0x13, 0x12,
    0x11, 0x31, 0x31, 0x21, 0x11, 0x11, 0x13, 0x11, 0x12, 0x13, 0x11, 0x12, 0x11, 0x13, 0x11, 0x11,
    0x11, 0x11, 0x12, 0x11, 0x12, 0x13, 0x11, 0x11, 0x31, 0x21, 0x31, 0x21, 0x13, 0x11, 0x11, 0x13,
    0x11, 0x11, 0x11, 0x13, 0x11, 0x11, 0x11, 0x11, 0x31, 0x11, 0x11, 0x13, 0x11, 0x31, 0x11, 0x12,
    0x11, 0x11, 0x12, 0x11, 0x13, 0x11, 0x11, 0x11, 0x11, 0x31, 0x31, 0x31, 0x13, 0x11, 0x23, 0x11,
    0x11, 0x31, 0x11, 0x13, 0x11, 0x13, 0x12, 0x11, 0x13, 0x13, 0x13, 0x11, 0x21, 0x31, 0x31, 0x31,
    0x11, 0x21, 0x13, 0x11, 0x11, 0x12, 0x11, 0x31, 0x13, 0x11, 0x11, 0x13, 0x11, 0x11, 0x11, 0x11,
    0x11, 0x12, 0x11, 0x12, 0x11, 0x31, 0x11, 0x31, 0x21, 0x11, 0x31, 0x11, 0x21, 0x31, 0x13, 0x13,
    0x11, 0x11, 0x11, 0x21, 0x11, 0x11, 0x11, 0x12, 0x11, 0x13, 0x11, 0x12, 0x13, 0x11, 0x31, 0x11,
    0x11, 0x13, 0x13, 0x11, 0x11, 0x31, 0x11, 0x11, 0x11, 0x31, 0x31, 0x31, 0x31, 0x12, 0x11, 0x11,
    0x31, 0x31, 0x21, 0x31, 0x11, 0x12, 0x11, 0x11, 0x21, 0x21, 0x21, 0x13, 0x13, 0x12, 0x12, 0x11,
    0x31, 0x11, 0x12, 0x11, 0x11, 0x11, 0x11, 0x21, 0x31, 0x11, 0x11, 0x12, 0x11, 0x11, 0x11, 0x11,
    0x11, 0x11, 0x11, 0x11, 0x12, 0x13, 0x13, 0x12, 0x11, 0x11, 0x11, 0x13, 0x13, 0x11, 0x31, 0x21,
    0x13, 0x11, 0x31, 0x11, 0x11, 0x11, 0x11, 0x31, 0x11, 0x31, 0x11, 0x31, 0x31, 0x21, 0x31, 0x11,
    0x11, 0x21, 0x12, 0x11, 0x31, 0x11, 0x11, 0x11, 0x11, 0x13, 0x12, 0x31, 0x31, 0x11, 0x11, 0x13,
    0x13, 0x13, 0x13, 0x11, 0x21, 0x13, 0x11, 0x13, 0x11, 0x13, 0x11, 0x31, 0x21, 0x31, 0x31, 0x11,
    0x31, 0x12, 0x11, 0x11, 0x11, 0x11, 0x11, 0x31, 0x13, 0x11, 0x31, 0x11, 0x11, 0x31, 0x11, 0x11,
    0x11, 0x11, 0x11, 0x11, 0x13, 0x13, 0x12, 0x11, 0x11, 0x21, 0x12, 0x11, 0x13, 0x11, 0x21, 0x31,
    0x13, 0x11, 0x21, 0x11, 0x11, 0x11, 0x11, 0x21, 0x12, 0x11, 0x31, 0x13, 0x11, 0x31, 0x11, 0x12,
    0x11, 0x11, 0x11, 0x31, 0x11, 0x11, 0x11, 0x11, 0x11, 0x11, 0x13, 0x12, 0x11, 0x21, 0x13, 0x13,
    0x11, 0x13, 0x11, 0x31, 0x11, 0x21, 0x11, 0x12, 0x11, 0x21, 0x13, 0x13, 0x13, 0x12, 0x13, 0x11,
    0x11, 0x31, 0x11, 0x21, 0x12, 0x11, 0x31, 0x11, 0x13, 0x11, 0x31, 0x11, 0x21, 0x11, 0x11, 0x11,
    0x11, 0x11, 0x11, 0x31, 0x31, 0x13, 0x11, 0x11, 0x23, 0x11, 0x31, 0x12, 0x13, 0x13, 0x13, 0x11,
    0x31, 0x13, 0x11, 0x11, 0x11, 0x11, 0x11, 0x13, 0x11, 0x11, 0x31, 0x13, 0x11, 0x31, 0x12, 0x13,
    0x11, 0x12, 0x11, 0x21, 0x11, 0x11, 0x11, 0x11, 0x11, 0x11, 0x11, 0x11, 0x13, 0x11, 0x21, 0x31,
    0x11, 0x12, 0x11, 0x31, 0x11, 0x11, 0x11, 0x31, 0x11, 0x31, 0x12, 0x13, 0x12, 0x13, 0x13, 0x11,
    0x21, 0x31, 0x11, 0x11, 0x11, 0x11, 0x11, 0x11, 0x12, 0x11, 0x13, 0x11, 0x11, 0x11, 0x11, 0x11,
    0x11, 0x11, 0x11, 0x11, 0x11, 0x21, 0x31, 0x12, 0x13, 0x11, 0x31, 0x13, 0x13, 0x12, 0x11, 0x12,
    0x11, 0x12, 0x13, 0x11, 0x11, 0x31, 0x11, 0x21, 0x11, 0x12, 0x13, 0x12, 0x13, 0x12, 0x13, 0x11,
    0x31, 0x13, 0x11, 0x11, 0x11, 0x11, 0x11, 0x11, 0x11, 0x11, 0x11, 0x11, 0x13, 0x11, 0x13, 0x11,
    0x31, 0x31, 0x12, 0x11, 0x12, 0x11, 0x31, 0x31, 0x31, 0x31, 0x11, 0x13, 0x11, 0x12, 0x11, 0x13,
    0x13, 0x11, 0x11, 0x11, 0x11, 0x11, 0x11, 0x11, 0x11, 0x11, 0x13, 0x11, 0x11, 0x11, 0x11, 0x11,
    0x11, 0x11, 0x11, 0x11, 0x11, 0x13, 0x11, 0x31, 0x11, 0x12, 0x13, 0x13, 0x11, 0x31, 0x11, 0x11,
    0x11, 0x11, 0x31, 0x21, 0x13, 0x11, 0x31, 0x11, 0x11, 0x13, 0x12, 0x13, 0x13, 0x13, 0x13, 0x12,
    0x13, 0x12, 0x11, 0x11, 0x11, 0x11, 0x11, 0x11, 0x11, 0x11, 0x11, 0x11, 0x11, 0x11, 0x11, 0x21,
    0x31, 0x13, 0x11, 0x11, 0x11, 0x11, 0x31, 0x21, 0x31, 0x21, 0x11, 0x13, 0x11, 0x11, 0x11, 0x31,
    0x13, 0x11, 0x11, 0x11, 0x11, 0x11, 0x11, 0x11, 0x11, 0x11, 0x11, 0x11, 0x11, 0x11, 0x11, 0x11,
    0x11, 0x11, 0x11, 0x11, 0x11, 0x11, 0x11, 0x11, 0x11, 0x11, 0x11, 0x11, 0x11, 0x11, 0x11, 0x11,
    0x11, 0x11, 0x11, 0x11, 0x11, 0x11, 0x11, 0x11, 0x11, 0x11, 0x11, 0x11, 0x11, 0x11, 0x11, 0x11,
    0x11, 0x11, 0x11, 0x11, 0x11, 0x11, 0x11, 0x11, 0x11, 0x11, 0x11, 0x11, 0x11, 0x11, 0x11, 0x11,
    0x11, 0x11, 0x11, 0x11, 0x11, 0x11, 0x11, 0x11, 0x11, 0x11, 0x11, 0x11, 0x11, 0x11, 0x11, 0x11,
    0x11, 0x11, 0x11, 0x11, 0x11, 0x11, 0x11, 0x11, 0x11, 0x11, 0x11, 0x11, 0x11, 0x11, 0x11, 0x11,
    0x11, 0x11, 0x11, 0x11, 0x11, 0x11, 0x11, 0x11, 0x11, 0x11, 0x11, 0x11, 0x11, 0x11, 0x11, 0x11,
    0x11, 0x11, 0x11, 0x11, 0x11, 0x11, 0x11, 0x11, 0x11, 0x11, 0x11, 0x11, 0x11, 0x11, 0x11, 0x11,
    0x11, 0x11, 0x11, 0x11, 0x11, 0x11, 0x11, 0x11, 0x11, 0x11, 0x11, 0x11, 0x11, 0x11, 0x11, 0x11,
    0x11, 0x11, 0x11, 0x11, 0x11, 0x11, 0x11, 0x11, 0x11, 0x11, 0x11, 0x11, 0x11, 0x11, 0x11, 0x11,
    0x11, 0x11, 0x11, 0x11, 0x11, 0x11, 0x11, 0x11, 0x11, 0x11, 0x11, 0x11, 0x11, 0x11, 0x11, 0x11,
    0x11, 0x11, 0x11, 0x11, 0x11, 0x11, 0x11, 0x11, 0x11, 0x11, 0x13, 0x11, 0x11, 0x11, 0x11, 0x11,
    0x11, 0x31, 0x11, 0x11, 0x11, 0x11, 0x31, 0x11, 0x11, 0x11, 0x11, 0x11, 0x13, 0x11, 0x11, 0x11,
    0x11, 0x11, 0x11, 0x11, 0x11, 0x11, 0x11, 0x11, 0x11, 0x11, 0x11, 0x11, 0x11, 0x11, 0x11, 0x11,
    0x11, 0x11, 0x11, 0x11, 0x11, 0x11, 0x11, 0x11, 0x13, 0x11, 0x11, 0x11, 0x11, 0x11, 0x13, 0x11,
    0x11, 0x11, 0x11, 0x11, 0x11, 0x11, 0x11, 0x11, 0x11, 0x11, 0x11, 0x11, 0x11, 0x11, 0x11, 0x11,
    0x11, 0x11, 0x11, 0x11, 0x11, 0x11, 0x11, 0x11, 0x11, 0x11, 0x13, 0x11, 0x11, 0x11, 0x11, 0x11,
    0x11, 0x21, 0x11, 0x11, 0x11, 0x11, 0x11, 0x11, 0x11, 0x11, 0x11, 0x11, 0x13, 0x11, 0x11, 0x11,
    0x11, 0x11, 0x11, 0x11, 0x11, 0x11, 0x11, 0x11, 0x11, 0x11, 0x11, 0x11, 0x11, 0x11, 0x11, 0x11,
    0x11, 0x11, 0x11, 0x11, 0x11, 0x11, 0x11, 0x13, 0x13, 0x13, 0x11, 0x11, 0x11, 0x11, 0x11, 0x11,
    0x11, 0x11, 0x11, 0x11, 0x11, 0x11, 0x11, 0x11, 0x11, 0x11, 0x11, 0x11, 0x11, 0x11, 0x11, 0x11,
    0x11, 0x11, 0x11, 0x11, 0x11, 0x11, 0x11, 0x11, 0x11, 0x11, 0x11, 0x11, 0x11, 0x11, 0x11, 0x11,
    0x11, 0x11, 0x11, 0x11, 0x11, 0x11, 0x11, 0x11, 0x11, 0x11, 0x11, 0x11, 0x11, 0x11, 0x11, 0x11,
    0x11, 0x11, 0x11, 0x11, 0x11, 0x11, 0x11, 0x11, 0x11, 0x11, 0x11, 0x11, 0x11, 0x11, 0x11, 0x11,
    0x11, 0x11, 0x11, 0x11, 0x11, 0x11, 0x11, 0x11, 0x13, 0x11, 0x31, 0x11, 0x11, 0x11, 0x11, 0x11,
    0x11, 0x11, 0x11, 0x11, 0x11, 0x11, 0x11, 0x11, 0x11, 0x11, 0x11, 0x11, 0x11, 0x11, 0x11, 0x11,
    0x11, 0x11, 0x11, 0x11, 0x11, 0x11, 0x11, 0x11, 0x11, 0x11, 0x11, 0x11, 0x11, 0x11, 0x11, 0x11,
    0x11, 0x11, 0x11, 0x11, 0x11, 0x11, 0x11, 0x11, 0x11, 0x13, 0x11, 0x11, 0x11, 0x11, 0x11, 0x11,
    0x11, 0x11, 0x11, 0x11, 0x11, 0x11, 0x11, 0x11, 0x11, 0x11, 0x11, 0x11, 0x11, 0x11, 0x11, 0x11,
    0x11, 0x11, 0x11, 0x11, 0x11, 0x11, 0x11, 0x11, 0x11, 0x11, 0x11, 0x11, 0x11, 0x11, 0x11, 0x11,
    0x11, 0x11, 0x11, 0x11, 0x11, 0x11, 0x11, 0x11, 0x11, 0x11, 0x11, 0x11, 0x11, 0x11, 0x11, 0x11,
    0x11, 0x11, 0x11, 0x11, 0x11, 0x11, 0x11, 0x11, 0x11, 0x11, 0x11, 0x11, 0x11, 0x11, 0x11, 0x11,
    0x11, 0x11, 0x11, 0x11, 0x11, 0x11, 0x11, 0x11, 0x13, 0x13, 0x11, 0x11, 0x11, 0x11, 0x11, 0x11,
    0x11, 0x11, 0x11, 0x11, 0x11, 0x11, 0x11, 0x11, 0x11, 0x11, 0x11, 0x11, 0x11, 0x11, 0x11, 0x11,
    0x11, 0x11, 0x11, 0x11, 0x11, 0x11, 0x11, 0x11, 0x11, 0x11, 0x11, 0x11, 0x11, 0x11, 0x11, 0x11,
    0x11, 0x11, 0x21, 0x11, 0x11, 0x11, 0x11, 0x11, 0x11, 0x11, 0x11, 0x11, 0x11, 0x11, 0x11, 0x11,
    0x11, 0x11, 0x11, 0x11, 0x11, 0x11, 0x11, 0x11, 0x11, 0x11, 0x11, 0x11, 0x13, 0x13, 0x11, 0x11,
    0x11, 0x11, 0x11, 0x11, 0x11, 0x11, 0x11, 0x11, 0x31, 0x21, 0x13, 0x11, 0x11, 0x11, 0x11, 0x11,
    0x11, 0x11, 0x11, 0x11, 0x11, 0x11, 0x11, 0x11, 0x11, 0x11, 0x11, 0x11, 0x11, 0x11, 0x11, 0x11,
    0x11, 0x11, 0x11, 0x11, 0x11, 0x11, 0x11, 0x11, 0x11, 0x11, 0x11, 0x11, 0x11, 0x11, 0x11, 0x11,
    0x11, 0x13, 0x11, 0x11, 0x11, 0x11, 0x11, 0x11, 0x11, 0x11, 0x11, 0x11, 0x11, 0x11, 0x11, 0x11,
    0x11, 0x11, 0x11, 0x11, 0x11, 0x11, 0x11, 0x11, 0x11, 0x11, 0x11, 0x11, 0x13, 0x12, 0x11, 0x11,
    0x11, 0x11, 0x11, 0x11, 0x11, 0x11, 0x11, 0x11, 0x11, 0x11, 0x11, 0x11, 0x11, 0x11, 0x11, 0x11,
    0x11, 0x11, 0x11, 0x11, 0x11, 0x11, 0x11, 0x11, 0x11, 0x11, 0x11, 0x11, 0x11, 0x11, 0x11, 0x11,
    0x11, 0x11, 0x11, 0x11, 0x11, 0x13, 0x13, 0x11, 0x11, 0x11, 0x11, 0x11, 0x31, 0x31, 0x11, 0x11,
    0x11, 0x11, 0x11, 0x11, 0x11, 0x11, 0x11, 0x11, 0x11, 0x11, 0x11, 0x11, 0x11, 0x11, 0x11, 0x11,
    0x11, 0x11, 0x11, 0x11, 0x11, 0x11, 0x11, 0x11, 0x11, 0x11, 0x11, 0x11, 0x31, 0x11, 0x11, 0x11,
    0x11, 0x11, 0x11, 0x11, 0x11, 0x11, 0x11, 0x11, 0x11, 0x11, 0x11, 0x11, 0x11, 0x11, 0x11, 0x11,
    0x11, 0x11, 0x11, 0x11, 0x11, 0x11, 0x11, 0x11, 0x11, 0x11, 0x11, 0x11, 0x11, 0x11, 0x11, 0x11,
    0x11, 0x11, 0x11, 0x11, 0x11, 0x31, 0x11, 0x11, 0x11, 0x11, 0x11, 0x11, 0x13, 0x11, 0x11, 0x11,
    0x11, 0x11, 0x11, 0x11, 0x11, 0x11, 0x11, 0x11, 0x11, 0x11, 0x11, 0x11, 0x11, 0x11, 0x11, 0x11,
};

// Auto-generated icon: wx_10n (80x80)
// Each byte holds 2 pixels (high nibble first)
#define ICON_WX_10N_W 80
#define ICON_WX_10N_H 80
static const uint8_t PROGMEM icon_wx_10n[] = {
    0x11, 0x11, 0x11, 0x11, 0x11, 0x11, 0x11, 0x11, 0x11, 0x11, 0x11, 0x11, 0x11, 0x11, 0x11, 0x11,
    0x11, 0x11, 0x11, 0x11, 0x11, 0x11, 0x11, 0x11, 0x11, 0x11, 0x11, 0x11, 0x11, 0x11, 0x11, 0x51,
    0x51, 0x11, 0x11, 0x11, 0x11, 0x11, 0x11, 0x11, 0x11, 0x11, 0x11, 0x11, 0x11, 0x11, 0x11, 0x11,
    0x11, 0x11, 0x11, 0x11, 0x11, 0x11, 0x11, 0x11, 0x11, 0x11, 0x11, 0x11, 0x11, 0x11, 0x11, 0x11,
    0x11, 0x11, 0x11, 0x11, 0x11, 0x51, 0x51, 0x55, 0x15, 0x15, 0x11, 0x11, 0x11, 0x11, 0x11, 0x11,
    0x11, 0x11, 0x11, 0x11, 0x11, 0x11, 0x11, 0x11, 0x11, 0x11, 0x11, 0x11, 0x11, 0x11, 0x11, 0x11,
    0x11, 0x11, 0x11, 0x11, 0x11, 0x11, 0x11, 0x11, 0x11, 0x11, 0x11, 0x15, 0x15, 0x15, 0x61, 0x51,
    0x65, 0x11, 0x11, 0x11, 0x11, 0x11, 0x11, 0x11, 0x11, 0x11, 0x11, 0x11, 0x11, 0x11, 0x11, 0x11,
    0x11, 0x11, 0x11, 0x11, 0x11, 0x11, 0x11, 0x11, 0x11, 0x11, 0x11, 0x11, 0x11, 0x11, 0x11, 0x11,
    0x11, 0x11, 0x11, 0x51, 0x56, 0x15, 0x15, 0x61, 0x51, 0x11, 0x11, 0x11, 0x11, 0x11, 0x11, 0x11,
    0x11, 0x11, 0x11, 0x11, 0x11, 0x11, 0x11, 0x11, 0x11, 0x11, 0x11, 0x11, 0x11, 0x11, 0x11, 0x11,
    0x11, 0x11, 0x11, 0x11, 0x11, 0x11, 0x11, 0x11, 0x11, 0x11, 0x51, 0x51, 0x61, 0x56, 0x15, 0x15,
    0x11, 0x11, 0x11, 0x11, 0x11, 0x11, 0x11, 0x11, 0x11, 0x11, 0x11, 0x11, 0x11, 0x11, 0x11, 0x11,
    0x11, 0x11, 0x11, 0x11, 0x11, 0x11, 0x11, 0x11, 0x11, 0x11, 0x11, 0x11, 0x11, 0x11, 0x11, 0x11,
    0x11, 0x15, 0x15, 0x61, 0x55, 0x15, 0x51, 0x61, 0x11, 0x11, 0x11, 0x11, 0x11, 0x11, 0x11, 0x11,
    0x11, 0x11, 0x11, 0x11, 0x11, 0x11, 0x11, 0x11, 0x11, 0x11, 0x11, 0x11, 0x11, 0x11, 0x11, 0x11,
    0x11, 0x11, 0x11, 0x11, 0x11, 0x11, 0x11, 0x11, 0x11, 0x51, 0x61, 0x55, 0x16, 0x15, 0x16, 0x11,
    0x11, 0x11, 0x11, 0x11, 0x11, 0x11, 0x11, 0x11, 0x11, 0x11, 0x11, 0x11, 0x11, 0x11, 0x11, 0x11,
    0x11, 0x11, 0x11, 0x11, 0x11, 0x11, 0x11, 0x11, 0x11, 0x11, 0x11, 0x11, 0x11, 0x11, 0x11, 0x11,
    0x11, 0x15, 0x51, 0x51, 0x61, 0x56, 0x15, 0x11, 0x11, 0x11, 0x11, 0x11, 0x11, 0x11, 0x11, 0x11,
    0x11, 0x11, 0x11, 0x11, 0x11, 0x11, 0x11, 0x11, 0x11, 0x11, 0x11, 0x11, 0x11, 0x11, 0x11, 0x11,
    0x11, 0x11, 0x11, 0x11, 0x11, 0x11, 0x11, 0x11, 0x15, 0x51, 0x61, 0x65, 0x15, 0x15, 0x11, 0x11,
    0x11, 0x11, 0x11, 0x11, 0x11, 0x11, 0x11, 0x11, 0x11, 0x11, 0x11, 0x11, 0x11, 0x11, 0x11, 0x11,
    0x11, 0x11, 0x11, 0x11, 0x11, 0x11, 0x11, 0x11, 0x11, 0x11, 0x11, 0x11, 0x11, 0x11, 0x11, 0x11,
    0x16, 0x15, 0x15, 0x15, 0x51, 0x65, 0x51, 0x11, 0x11, 0x11, 0x11, 0x11, 0x11, 0x11, 0x11, 0x11,
    0x11, 0x11, 0x11, 0x11, 0x11, 0x11, 0x11, 0x11, 0x11, 0x11, 0x11, 0x11, 0x11, 0x11, 0x11, 0x11,
    0x11, 0x11, 0x11, 0x31, 0x13, 0x11, 0x31, 0x13, 0x11, 0x16, 0x51, 0x61, 0x65, 0x11, 0x51, 0x11,
    0x11, 0x11, 0x11, 0x11, 0x11, 0x11, 0x11, 0x11, 0x11, 0x11, 0x11, 0x11, 0x11, 0x11, 0x11, 0x11,
    0x11, 0x11, 0x11, 0x11, 0x11, 0x11, 0x11, 0x11, 0x11, 0x13, 0x11, 0x11, 0x11, 0x11, 0x11, 0x11,
    0x11, 0x31, 0x16, 0x51, 0x51, 0x55, 0x11, 0x11, 0x11, 0x11, 0x11, 0x11, 0x11, 0x11, 0x11, 0x11,
    0x11, 0x11, 0x11, 0x11, 0x11, 0x11, 0x11, 0x11, 0x11, 0x11, 0x11, 0x11, 0x11, 0x11, 0x11, 0x11,
    0x13, 0x11, 0x13, 0x12, 0x13, 0x12, 0x13, 0x12, 0x11, 0x11, 0x11, 0x12, 0x15, 0x61, 0x11, 0x11,
    0x11, 0x11, 0x11, 0x11, 0x11, 0x11, 0x11, 0x11, 0x11, 0x11, 0x11, 0x11, 0x11, 0x11, 0x11, 0x11,
    0x11, 0x11, 0x11, 0x11, 0x11, 0x11, 0x11, 0x13, 0x11, 0x12, 0x11, 0x11, 0x11, 0x11, 0x11, 0x11,
    0x13, 0x11, 0x31, 0x11, 0x61, 0x51, 0x11, 0x11, 0x11, 0x11, 0x11, 0x11, 0x11, 0x11, 0x11, 0x11,
    0x11, 0x11, 0x11, 0x11, 0x11, 0x11, 0x11, 0x11, 0x11, 0x11, 0x11, 0x11, 0x11, 0x11, 0x11, 0x31,
    0x12, 0x11, 0x13, 0x11, 0x31, 0x13, 0x11, 0x13, 0x11, 0x11, 0x11, 0x31, 0x11, 0x55, 0x11, 0x11,
    0x11, 0x11, 0x11, 0x11, 0x11, 0x11, 0x11, 0x11, 0x11, 0x11, 0x11, 0x11, 0x11, 0x11, 0x11, 0x11,
    0x11, 0x11, 0x11, 0x11, 0x11, 0x11, 0x31, 0x11, 0x11, 0x31, 0x11, 0x11, 0x11, 0x11, 0x12, 0x11,
    0x12, 0x11, 0x21, 0x11, 0x13, 0x15, 0x51, 0x11, 0x11, 0x11, 0x11, 0x11, 0x11, 0x11, 0x11, 0x11,
    0x11, 0x11, 0x11, 0x11, 0x11, 0x11, 0x11, 0x11, 0x11, 0x11, 0x11, 0x11, 0x11, 0x11, 0x11, 0x21,
    0x31, 0x11, 0x31, 0x21, 0x12, 0x11, 0x31, 0x11, 0x11, 0x31, 0x11, 0x13, 0x11, 0x16, 0x11, 0x11,
    0x11, 0x11, 0x11, 0x11, 0x11, 0x11, 0x11, 0x11, 0x11, 0x11, 0x11, 0x11, 0x11, 0x11, 0x11, 0x11,
    0x11, 0x11, 0x11, 0x11, 0x11, 0x13, 0x11, 0x11, 0x11, 0x31, 0x11, 0x13, 0x11, 0x31, 0x11, 0x31,
    0x31, 0x11, 0x13, 0x11, 0x12, 0x11, 0x51, 0x11, 0x11, 0x11, 0x11, 0x11, 0x11, 0x11, 0x11, 0x11,
    0x11, 0x11, 0x11, 0x11, 0x11, 0x11, 0x11, 0x11, 0x11, 0x11, 0x11, 0x11, 0x13, 0x11, 0x21, 0x31,
    0x11, 0x12, 0x11, 0x11, 0x11, 0x11, 0x11, 0x11, 0x11, 0x13, 0x11, 0x12, 0x11, 0x11, 0x16, 0x11,
    0x11, 0x11, 0x11, 0x11, 0x11, 0x11, 0x11, 0x11, 0x11, 0x11, 0x11, 0x11, 0x11, 0x11, 0x11, 0x11,
    0x11, 0x11, 0x11, 0x11, 0x11, 0x11, 0x11, 0x11, 0x31, 0x11, 0x13, 0x11, 0x31, 0x13, 0x12, 0x11,
    0x21, 0x11, 0x12, 0x11, 0x11, 0x31, 0x11, 0x11, 0x11, 0x11, 0x11, 0x11, 0x11, 0x11, 0x11, 0x11,
    0x11, 0x11, 0x11, 0x11, 0x11, 0x11, 0x11, 0x11, 0x11, 0x11, 0x11, 0x11, 0x13, 0x13, 0x13, 0x11,
    0x12, 0x13, 0x11, 0x12, 0x11, 0x11, 0x11, 0x13, 0x11, 0x31, 0x11, 0x13, 0x11, 0x11, 0x31, 0x51,
    0x11, 0x11, 0x11, 0x11, 0x11, 0x11, 0x11, 0x11, 0x11, 0x11, 0x11, 0x11, 0x11, 0x11, 0x11, 0x11,
    0x11, 0x11, 0x11, 0x11, 0x31, 0x11, 0x11, 0x21, 0x11, 0x11, 0x12, 0x11, 0x13, 0x12, 0x13, 0x11,
    0x11, 0x11, 0x31, 0x11, 0x11, 0x21, 0x11, 0x15, 0x11, 0x11, 0x11, 0x11, 0x11, 0x11, 0x11, 0x11,
    0x11, 0x11, 0x11, 0x11, 0x11, 0x11, 0x11, 0x11, 0x11, 0x11, 0x11, 0x11, 0x12, 0x12, 0x11, 0x13,
    0x13, 0x11, 0x31, 0x13, 0x11, 0x11, 0x11, 0x11, 0x31, 0x21, 0x11, 0x12, 0x11, 0x11, 0x12, 0x15,
    0x11, 0x11, 0x11, 0x11, 0x11, 0x11, 0x11, 0x11, 0x11, 0x11, 0x11, 0x11, 0x11, 0x11, 0x11, 0x11,
    0x11, 0x11, 0x11, 0x13, 0x11, 0x11, 0x31, 0x11, 0x11, 0x11, 0x11, 0x11, 0x12, 0x13, 0x11, 0x31,
    0x11, 0x11, 0x13, 0x11, 0x13, 0x13, 0x11, 0x12, 0x15, 0x11, 0x11, 0x11, 0x11, 0x11, 0x11, 0x11,
    0x11, 0x11, 0x11, 0x11, 0x11, 0x11, 0x11, 0x11, 0x11, 0x11, 0x31, 0x11, 0x13, 0x11, 0x11, 0x31,
    0x12, 0x13, 0x12, 0x13, 0x11, 0x11, 0x11, 0x12, 0x11, 0x31, 0x11, 0x13, 0x11, 0x11, 0x13, 0x11,
    0x55, 0x15, 0x11, 0x11, 0x11, 0x11, 0x11, 0x51, 0x11, 0x11, 0x11, 0x11, 0x11, 0x11, 0x11, 0x11,
    0x31, 0x31, 0x11, 0x31, 0x21, 0x13, 0x11, 0x12, 0x11, 0x11, 0x11, 0x11, 0x13, 0x11, 0x31, 0x11,
    0x11, 0x11, 0x21, 0x11, 0x11, 0x21, 0x11, 0x12, 0x16, 0x15, 0x15, 0x51, 0x55, 0x15, 0x51, 0x51,
    0x11, 0x11, 0x11, 0x11, 0x11, 0x11, 0x13, 0x13, 0x11, 0x12, 0x11, 0x11, 0x13, 0x11, 0x21, 0x11,
    0x31, 0x31, 0x31, 0x13, 0x11, 0x12, 0x11, 0x31, 0x31, 0x11, 0x13, 0x11, 0x21, 0x11, 0x13, 0x11,
    0x51, 0x56, 0x15, 0x16, 0x15, 0x16, 0x15, 0x11, 0x11, 0x11, 0x11, 0x11, 0x11, 0x31, 0x31, 0x11,
    0x21, 0x13, 0x13, 0x12, 0x11, 0x11, 0x13, 0x11, 0x11, 0x11, 0x12, 0x11, 0x12, 0x11, 0x11, 0x11,
    0x11, 0x31, 0x11, 0x11, 0x13, 0x13, 0x11, 0x11, 0x21, 0x51, 0x56, 0x15, 0x51, 0x65, 0x11, 0x11,
    0x11, 0x11, 0x11, 0x11, 0x13, 0x11, 0x12, 0x11, 0x31, 0x11, 0x11, 0x11, 0x31, 0x21, 0x11, 0x13,
    0x12, 0x11, 0x11, 0x13, 0x11, 0x13, 0x11, 0x21, 0x12, 0x11, 0x21, 0x31, 0x11, 0x11, 0x11, 0x31,
    0x51, 0x65, 0x15, 0x51, 0x65, 0x15, 0x51, 0x11, 0x11, 0x11, 0x11, 0x13, 0x11, 0x21, 0x31, 0x31,
    0x11, 0x31, 0x21, 0x31, 0x11, 0x13, 0x13, 0x11, 0x11, 0x31, 0x31, 0x11, 0x13, 0x11, 0x13, 0x11,
    0x31, 0x11, 0x11, 0x11, 0x12, 0x11, 0x21, 0x11, 0x25, 0x15, 0x16, 0x15, 0x15, 0x15, 0x11, 0x11,
    0x11, 0x11, 0x11, 0x11, 0x21, 0x11, 0x11, 0x11, 0x31, 0x11, 0x11, 0x11, 0x31, 0x11, 0x11, 0x21,
    0x31, 0x11, 0x11, 0x21, 0x11, 0x12, 0x11, 0x11, 0x11, 0x31, 0x31, 0x13, 0x11, 0x13, 0x11, 0x11,
    0x11, 0x61, 0x55, 0x16, 0x51, 0x61, 0x11, 0x11, 0x11, 0x11, 0x13, 0x13, 0x13, 0x13, 0x12, 0x11,
    0x12, 0x13, 0x13, 0x12, 0x11, 0x31, 0x21, 0x11, 0x11, 0x21, 0x31, 0x13, 0x12, 0x11, 0x13, 0x11,
    0x31, 0x11, 0x11, 0x11, 0x13, 0x11, 0x13, 0x13, 0x11, 0x12, 0x16, 0x15, 0x15, 0x11, 0x11, 0x11,
    0x11, 0x11, 0x11, 0x21, 0x11, 0x11, 0x13, 0x13, 0x11, 0x11, 0x11, 0x11, 0x31, 0x11, 0x13, 0x11,
    0x31, 0x11, 0x11, 0x11, 0x11, 0x31, 0x11, 0x12, 0x11, 0x21, 0x12, 0x13, 0x11, 0x11, 0x11, 0x11,
    0x12, 0x11, 0x11, 0x16, 0x11, 0x11, 0x11, 0x11, 0x11, 0x11, 0x31, 0x13, 0x12, 0x13, 0x11, 0x11,
    0x21, 0x31, 0x21, 0x31, 0x12, 0x13, 0x11, 0x12, 0x11, 0x31, 0x21, 0x31, 0x31, 0x11, 0x31, 0x11,
    0x13, 0x11, 0x31, 0x11, 0x12, 0x13, 0x12, 0x11, 0x11, 0x13, 0x11, 0x11, 0x11, 0x11, 0x11, 0x11,
    0x11, 0x13, 0x12, 0x11, 0x13, 0x11, 0x21, 0x31, 0x11, 0x11, 0x31, 0x11, 0x11, 0x11, 0x13, 0x11,
    0x31, 0x11, 0x11, 0x11, 0x11, 0x21, 0x11, 0x31, 0x11, 0x11, 0x11, 0x13, 0x11, 0x11, 0x11, 0x13,
    0x13, 0x11, 0x13, 0x11, 0x11, 0x11, 0x11, 0x11, 0x11, 0x11, 0x13, 0x13, 0x11, 0x13, 0x11, 0x11,
    0x31, 0x31, 0x11, 0x31, 0x31, 0x31, 0x21, 0x11, 0x11, 0x21, 0x31, 0x21, 0x21, 0x11, 0x31, 0x12,
    0x11, 0x31, 0x13, 0x11, 0x13, 0x11, 0x31, 0x11, 0x11, 0x11, 0x11, 0x21, 0x11, 0x11, 0x11, 0x11,
    0x11, 0x13, 0x11, 0x11, 0x21, 0x11, 0x31, 0x21, 0x11, 0x12, 0x11, 0x12, 0x11, 0x11, 0x13, 0x13,
    0x11, 0x31, 0x11, 0x11, 0x13, 0x11, 0x12, 0x11, 0x31, 0x12, 0x11, 0x12, 0x11, 0x11, 0x11, 0x21,
    0x12, 0x13, 0x11, 0x11, 0x31, 0x11, 0x11, 0x11, 0x11, 0x31, 0x21, 0x31, 0x13, 0x12, 0x11, 0x31,
    0x31, 0x13, 0x13, 0x11, 0x13, 0x12, 0x11, 0x11, 0x21, 0x11, 0x31, 0x31, 0x11, 0x13, 0x11, 0x11,
    0x11, 0x11, 0x13, 0x11, 0x13, 0x12, 0x11, 0x13, 0x11, 0x11, 0x11, 0x31, 0x11, 0x11, 0x11, 0x11,
    0x11, 0x11, 0x31, 0x12, 0x11, 0x11, 0x31, 0x11, 0x12, 0x11, 0x11, 0x21, 0x31, 0x11, 0x31, 0x21,
    0x11, 0x31, 0x11, 0x11, 0x31, 0x11, 0x13, 0x11, 0x31, 0x31, 0x11, 0x13, 0x11, 0x11, 0x13, 0x11,
    0x13, 0x11, 0x21, 0x11, 0x13, 0x11, 0x11, 0x11, 0x13, 0x12, 0x11, 0x31, 0x31, 0x31, 0x11, 0x31,
    0x11, 0x31, 0x21, 0x11, 0x12, 0x11, 0x11, 0x13, 0x11, 0x12, 0x11, 0x21, 0x12, 0x13, 0x11, 0x21,
    0x11, 0x12, 0x11, 0x11, 0x12, 0x13, 0x11, 0x11, 0x11, 0x11, 0x11, 0x31, 0x11, 0x21, 0x11, 0x11,
    0x11, 0x13, 0x11, 0x11, 0x11, 0x12, 0x13, 0x12, 0x13, 0x11, 0x13, 0x13, 0x11, 0x31, 0x31, 0x11,
    0x13, 0x11, 0x31, 0x13, 0x11, 0x11, 0x21, 0x11, 0x31, 0x11, 0x31, 0x21, 0x11, 0x11, 0x11, 0x31,
    0x21, 0x31, 0x31, 0x11, 0x21, 0x11, 0x11, 0x11, 0x11, 0x31, 0x21, 0x31, 0x21, 0x31, 0x11, 0x13,
    0x11, 0x13, 0x11, 0x11, 0x13, 0x11, 0x12, 0x13, 0x11, 0x11, 0x11, 0x11, 0x13, 0x11, 0x11, 0x31,
    0x12, 0x11, 0x11, 0x13, 0x13, 0x11, 0x31, 0x11, 0x11, 0x11, 0x11, 0x21, 0x11, 0x31, 0x11, 0x11,
    0x13, 0x11, 0x31, 0x11, 0x31, 0x13, 0x12, 0x11, 0x13, 0x11, 0x21, 0x31, 0x21, 0x12, 0x11, 0x11,
    0x21, 0x31, 0x21, 0x31, 0x11, 0x21, 0x31, 0x11, 0x11, 0x31, 0x13, 0x11, 0x11, 0x11, 0x12, 0x11,
    0x31, 0x12, 0x11, 0x11, 0x31, 0x11, 0x31, 0x11, 0x11, 0x21, 0x13, 0x12, 0x11, 0x11, 0x13, 0x13,
    0x11, 0x21, 0x11, 0x11, 0x13, 0x11, 0x31, 0x31, 0x11, 0x11, 0x31, 0x12, 0x11, 0x11, 0x11, 0x21,
    0x31, 0x11, 0x11, 0x12, 0x11, 0x31, 0x11, 0x11, 0x11, 0x11, 0x31, 0x11, 0x11, 0x11, 0x11, 0x11,
    0x11, 0x31, 0x11, 0x13, 0x13, 0x12, 0x11, 0x11, 0x21, 0x13, 0x13, 0x13, 0x11, 0x13, 0x11, 0x11,
    0x31, 0x31, 0x11, 0x11, 0x31, 0x31, 0x31, 0x11, 0x11, 0x31, 0x21, 0x11, 0x31, 0x12, 0x13, 0x13,
    0x12, 0x11, 0x11, 0x31, 0x13, 0x12, 0x11, 0x11, 0x11, 0x13, 0x12, 0x11, 0x11, 0x31, 0x31, 0x21,
    0x13, 0x11, 0x11, 0x21, 0x13, 0x11, 0x21, 0x31, 0x11, 0x12, 0x13, 0x11, 0x11, 0x11, 0x11, 0x31,
    0x21, 0x11, 0x13, 0x11, 0x11, 0x11, 0x11, 0x11, 0x11, 0x31, 0x11, 0x11, 0x11, 0x11, 0x13, 0x11,
    0x13, 0x11, 0x13, 0x13, 0x12, 0x11, 0x11, 0x31, 0x11, 0x31, 0x21, 0x13, 0x11, 0x21, 0x11, 0x12,
    0x12, 0x11, 0x11, 0x21, 0x31, 0x21, 0x31, 0x11, 0x13, 0x13, 0x11, 0x13, 0x12, 0x13, 0x11, 0x21,
    0x11, 0x11, 0x31, 0x21, 0x21, 0x13, 0x11, 0x11, 0x11, 0x21, 0x31, 0x11, 0x11, 0x31, 0x31, 0x13,
    0x12, 0x11, 0x31, 0x11, 0x21, 0x13, 0x13, 0x11, 0x31, 0x31, 0x31, 0x11, 0x11, 0x11, 0x12, 0x13,
    0x11, 0x11, 0x12, 0x11, 0x11, 0x11, 0x13, 0x11, 0x31, 0x11, 0x11, 0x11, 0x13, 0x11, 0x11, 0x11,
    0x11, 0x31, 0x12, 0x13, 0x13, 0x11, 0x12, 0x11, 0x11, 0x31, 0x11, 0x31, 0x13, 0x11, 0x11, 0x11,
    0x11, 0x11, 0x11, 0x31, 0x31, 0x31, 0x11, 0x11, 0x12, 0x12, 0x11, 0x13, 0x13, 0x11, 0x11, 0x11,
    0x12, 0x13, 0x11, 0x31, 0x11, 0x12, 0x13, 0x11, 0x11, 0x13, 0x11, 0x31, 0x21, 0x21, 0x31, 0x13,
    0x11, 0x12, 0x13, 0x12, 0x11, 0x13, 0x12, 0x31, 0x21, 0x31, 0x21, 0x11, 0x11, 0x12, 0x13, 0x12,
    0x11, 0x11, 0x31, 0x11, 0x11, 0x21, 0x31, 0x21, 0x11, 0x11, 0x21, 0x11, 0x13, 0x11, 0x11, 0x11,
    0x11, 0x11, 0x31, 0x11, 0x13, 0x11, 0x13, 0x11, 0x23, 0x11, 0x31, 0x11, 0x31, 0x21, 0x11, 0x11,
    0x31, 0x11, 0x13, 0x12, 0x12, 0x11, 0x11, 0x11, 0x31, 0x31, 0x11, 0x31, 0x21, 0x11, 0x11, 0x13,
    0x13, 0x11, 0x11, 0x31, 0x11, 0x11, 0x13, 0x11, 0x11, 0x31, 0x21, 0x31, 0x11, 0x31, 0x21, 0x21,
    0x11, 0x31, 0x12, 0x13, 0x11, 0x13, 0x13, 0x11, 0x11, 0x31, 0x11, 0x11, 0x31, 0x13, 0x13, 0x11,
    0x11, 0x11, 0x21, 0x11, 0x11, 0x31, 0x13, 0x11, 0x11, 0x13, 0x11, 0x11, 0x21, 0x31, 0x11, 0x11,
    0x11, 0x11, 0x11, 0x12, 0x31, 0x11, 0x31, 0x13, 0x11, 0x12, 0x11, 0x31, 0x13, 0x11, 0x11, 0x21,
    0x31, 0x12, 0x13, 0x11, 0x13, 0x11, 0x11, 0x21, 0x31, 0x21, 0x13, 0x11, 0x31, 0x11, 0x21, 0x11,
    0x21, 0x11, 0x12, 0x11, 0x11, 0x11, 0x21, 0x11, 0x11, 0x11, 0x31, 0x31, 0x12, 0x13, 0x13, 0x11,
    0x31, 0x13, 0x11, 0x12, 0x11, 0x21, 0x31, 0x11, 0x12, 0x11, 0x11, 0x21, 0x11, 0x21, 0x31, 0x11,
    0x11, 0x13, 0x11, 0x12, 0x11, 0x21, 0x13, 0x11, 0x13, 0x12, 0x11, 0x31, 0x31, 0x11, 0x11, 0x11,
    0x11, 0x11, 0x11, 0x13, 0x11, 0x31, 0x11, 0x21, 0x12, 0x11, 0x31, 0x31, 0x31, 0x11, 0x13, 0x13,
    0x11, 0x31, 0x31, 0x13, 0x11, 0x11, 0x11, 0x31, 0x21, 0x11, 0x13, 0x11, 0x31, 0x13, 0x11, 0x13,
    0x11, 0x11, 0x31, 0x11, 0x11, 0x31, 0x11, 0x11, 0x11, 0x11, 0x13, 0x11, 0x21, 0x12, 0x13, 0x13,
    0x11, 0x31, 0x11, 0x11, 0x13, 0x13, 0x11, 0x11, 0x21, 0x11, 0x13, 0x11, 0x21, 0x31, 0x31, 0x11,
    0x13, 0x13, 0x11, 0x11, 0x11, 0x11, 0x13, 0x11, 0x12, 0x11, 0x11, 0x13, 0x11, 0x11, 0x11, 0x11,
    0x11, 0x11, 0x11, 0x21, 0x31, 0x31, 0x11, 0x11, 0x31, 0x12, 0x13, 0x12, 0x11, 0x11, 0x21, 0x31,
    0x13, 0x12, 0x11, 0x21, 0x13, 0x11, 0x12, 0x13, 0x11, 0x11, 0x21, 0x31, 0x21, 0x31, 0x11, 0x21,
    0x11, 0x31, 0x13, 0x11, 0x12, 0x11, 0x11, 0x11, 0x11, 0x11, 0x11, 0x13, 0x11, 0x13, 0x13, 0x12,
    0x11, 0x31, 0x11, 0x13, 0x13, 0x11, 0x31, 0x12, 0x11, 0x11, 0x31, 0x13, 0x11, 0x12, 0x11, 0x11,
    0x12, 0x11, 0x11, 0x11, 0x11, 0x12, 0x11, 0x13, 0x11, 0x11, 0x21, 0x12, 0x11, 0x11, 0x11, 0x11,
    0x11, 0x11, 0x11, 0x11, 0x13, 0x11, 0x21, 0x13, 0x11, 0x13, 0x12, 0x11, 0x11, 0x21, 0x11, 0x31,
    0x13, 0x11, 0x13, 0x11, 0x13, 0x11, 0x31, 0x31, 0x31, 0x31, 0x31, 0x21, 0x31, 0x11, 0x31, 0x11,
    0x13, 0x11, 0x11, 0x11, 0x11, 0x11, 0x11, 0x11, 0x11, 0x11, 0x11, 0x11, 0x11, 0x21, 0x13, 0x11,
    0x31, 0x21, 0x13, 0x13, 0x11, 0x31, 0x31, 0x13, 0x11, 0x21, 0x31, 0x21, 0x11, 0x21, 0x11, 0x11,
    0x11, 0x11, 0x11, 0x11, 0x13, 0x11, 0x11, 0x31, 0x11, 0x21, 0x31, 0x11, 0x11, 0x11, 0x11, 0x11,
    0x11, 0x11, 0x11, 0x11, 0x11, 0x11, 0x11, 0x21, 0x11, 0x13, 0x11, 0x11, 0x11, 0x11, 0x11, 0x11,
    0x11, 0x31, 0x11, 0x13, 0x11, 0x13, 0x11, 0x31, 0x12, 0x11, 0x31, 0x31, 0x11, 0x13, 0x11, 0x11,
    0x21, 0x11, 0x11, 0x11, 0x11, 0x11, 0x11, 0x11, 0x11, 0x11, 0x11, 0x11, 0x11, 0x11, 0x11, 0x11,
    0x11, 0x11, 0x11, 0x11, 0x11, 0x11, 0x11, 0x11, 0x11, 0x11, 0x11, 0x11, 0x11, 0x11, 0x11, 0x11,
    0x11, 0x11, 0x11, 0x11, 0x11, 0x11, 0x11, 0x11, 0x11, 0x11, 0x11, 0x11, 0x11, 0x11, 0x11, 0x11,
    0x11, 0x11, 0x11, 0x11, 0x11, 0x11, 0x11, 0x11, 0x11, 0x11, 0x11, 0x11, 0x11, 0x11, 0x11, 0x11,
    0x11, 0x11, 0x11, 0x11, 0x11, 0x11, 0x11, 0x11, 0x11, 0x11, 0x11, 0x11, 0x11, 0x11, 0x11, 0x11,
    0x11, 0x11, 0x11, 0x11, 0x11, 0x11, 0x11, 0x11, 0x11, 0x11, 0x11, 0x11, 0x11, 0x11, 0x11, 0x11,
    0x11, 0x11, 0x11, 0x11, 0x11, 0x11, 0x11, 0x11, 0x11, 0x11, 0x11, 0x11, 0x11, 0x11, 0x11, 0x11,
    0x11, 0x11, 0x11, 0x11, 0x11, 0x11, 0x11, 0x11, 0x11, 0x11, 0x11, 0x11, 0x11, 0x11, 0x11, 0x11,
    0x11, 0x11, 0x11, 0x11, 0x11, 0x11, 0x11, 0x11, 0x11, 0x11, 0x13, 0x11, 0x11, 0x11, 0x11, 0x11,
    0x11, 0x31, 0x11, 0x11, 0x11, 0x11, 0x13, 0x11, 0x11, 0x11, 0x11, 0x11, 0x13, 0x11, 0x11, 0x11,
    0x11, 0x11, 0x11, 0x11, 0x11, 0x11, 0x11, 0x11, 0x11, 0x11, 0x11, 0x11, 0x11, 0x11, 0x11, 0x11,
    0x11, 0x11, 0x11, 0x11, 0x11, 0x11, 0x11, 0x11, 0x13, 0x11, 0x11, 0x11, 0x11, 0x13, 0x11, 0x11,
    0x11, 0x11, 0x11, 0x11, 0x11, 0x11, 0x11, 0x11, 0x11, 0x11, 0x11, 0x11, 0x11, 0x11, 0x11, 0x11,
    0x11, 0x11, 0x11, 0x11, 0x11, 0x11, 0x11, 0x11, 0x11, 0x11, 0x13, 0x11, 0x11, 0x11, 0x11, 0x11,
    0x11, 0x21, 0x11, 0x11, 0x11, 0x11, 0x13, 0x11, 0x11, 0x11, 0x11, 0x11, 0x13, 0x11, 0x11, 0x11,
    0x11, 0x11, 0x11, 0x11, 0x11, 0x11, 0x11, 0x11, 0x11, 0x11, 0x11, 0x11, 0x11, 0x11, 0x11, 0x11,
    0x11, 0x11, 0x11, 0x11, 0x11, 0x11, 0x11, 0x13, 0x13, 0x13, 0x11, 0x11, 0x11, 0x11, 0x11, 0x11,
    0x11, 0x11, 0x11, 0x11, 0x11, 0x11, 0x11, 0x11, 0x11, 0x11, 0x11, 0x11, 0x11, 0x11, 0x11, 0x11,
    0x11, 0x11, 0x11, 0x11, 0x11, 0x11, 0x11, 0x11, 0x11, 0x11, 0x11, 0x11, 0x11, 0x11, 0x11, 0x11,
    0x11, 0x11, 0x11, 0x11, 0x11, 0x11, 0x11, 0x11, 0x11, 0x11, 0x11, 0x11, 0x11, 0x11, 0x11, 0x11,
    0x11, 0x11, 0x11, 0x11, 0x11, 0x11, 0x11, 0x11, 0x11, 0x11, 0x11, 0x11, 0x11, 0x11, 0x11, 0x11,
    0x11, 0x11, 0x11, 0x11, 0x11, 0x11, 0x11, 0x11, 0x13, 0x11, 0x31, 0x11, 0x11, 0x11, 0x11, 0x11,
    0x11, 0x11, 0x11, 0x11, 0x11, 0x11, 0x11, 0x11, 0x11, 0x11, 0x11, 0x11, 0x11, 0x11, 0x11, 0x11,
    0x11, 0x11, 0x11, 0x11, 0x11, 0x11, 0x11, 0x11, 0x11, 0x11, 0x11, 0x11, 0x11, 0x11, 0x11, 0x11,
    0x11, 0x11, 0x11, 0x11, 0x11, 0x11, 0x11, 0x11, 0x11, 0x13, 0x11, 0x11, 0x11, 0x11, 0x11, 0x11,
    0x11, 0x11, 0x11, 0x11, 0x11, 0x11, 0x11, 0x11, 0x11, 0x11, 0x11, 0x11, 0x11, 0x11, 0x11, 0x11,
    0x11, 0x11, 0x11, 0x11, 0x11, 0x11, 0x11, 0x11, 0x11, 0x11, 0x11, 0x11, 0x11, 0x11, 0x11, 0x11,
    0x11, 0x11, 0x11, 0x11, 0x11, 0x11, 0x11, 0x11, 0x11, 0x11, 0x11, 0x11, 0x11, 0x11, 0x11, 0x11,
    0x11, 0x11, 0x11, 0x11, 0x11, 0x11, 0x11, 0x11, 0x11, 0x11, 0x11, 0x11, 0x11, 0x11, 0x11, 0x11,
    0x11, 0x11, 0x11, 0x11, 0x11, 0x11, 0x11, 0x11, 0x13, 0x13, 0x11, 0x11, 0x11, 0x11, 0x11, 0x11,
    0x11, 0x11, 0x11, 0x11, 0x11, 0x11, 0x11, 0x11, 0x11, 0x11, 0x11, 0x11, 0x11, 0x11, 0x11, 0x11,
    0x11, 0x11, 0x11, 0x11, 0x11, 0x11, 0x11, 0x11, 0x11, 0x11, 0x11, 0x11, 0x11, 0x11, 0x11, 0x11,
    0x11, 0x11, 0x21, 0x11, 0x11, 0x11, 0x11, 0x11, 0x11, 0x11, 0x11, 0x11, 0x11, 0x11, 0x11, 0x11,
    0x11, 0x11, 0x11, 0x11, 0x11, 0x11, 0x11, 0x11, 0x11, 0x11, 0x11, 0x11, 0x13, 0x13, 0x11, 0x11,
    0x11, 0x11, 0x11, 0x11, 0x11, 0x11, 0x11, 0x11, 0x31, 0x21, 0x13, 0x11, 0x11, 0x11, 0x11, 0x11,
    0x11, 0x11, 0x11, 0x11, 0x11, 0x11, 0x11, 0x11, 0x11, 0x11, 0x11, 0x11, 0x11, 0x11, 0x11, 0x11,
    0x11, 0x11, 0x11, 0x11, 0x11, 0x11, 0x11, 0x11, 0x11, 0x11, 0x11, 0x11, 0x11, 0x11, 0x11, 0x11,
    0x11, 0x13, 0x11, 0x11, 0x11, 0x11, 0x11, 0x11, 0x11, 0x11, 0x11, 0x11, 0x11, 0x11, 0x11, 0x11,
    0x11, 0x11, 0x11, 0x11, 0x11, 0x11, 0x11, 0x11, 0x11, 0x11, 0x11, 0x11, 0x13, 0x12, 0x11, 0x11,
    0x11, 0x11, 0x11, 0x11, 0x11, 0x11, 0x11, 0x11, 0x11, 0x11, 0x11, 0x11, 0x11, 0x11, 0x11, 0x11,
    0x11, 0x11, 0x11, 0x11, 0x11, 0x11, 0x11, 0x11, 0x11, 0x11, 0x11, 0x11, 0x11, 0x11, 0x11, 0x11,
    0x11, 0x11, 0x11, 0x11, 0x11, 0x13, 0x13, 0x11, 0x11, 0x11, 0x11, 0x11, 0x31, 0x31, 0x11, 0x11,
    0x11, 0x11, 0x11, 0x11, 0x11, 0x11, 0x11, 0x11, 0x11, 0x11, 0x11, 0x11, 0x11, 0x11, 0x11, 0x11,
    0x11, 0x11, 0x11, 0x11, 0x11, 0x11, 0x11, 0x11, 0x11, 0x11, 0x11, 0x11, 0x31, 0x11, 0x11, 0x11,
    0x11, 0x11, 0x11, 0x11, 0x11, 0x11, 0x11, 0x11, 0x11, 0x11, 0x11, 0x11, 0x11, 0x11, 0x11, 0x11,
    0x11, 0x11, 0x11, 0x11, 0x11, 0x11, 0x11, 0x11, 0x11, 0x11, 0x11, 0x11, 0x11, 0x11, 0x11, 0x11,
    0x11, 0x11, 0x11, 0x11, 0x11, 0x31, 0x11, 0x11, 0x11, 0x11, 0x11, 0x11, 0x13, 0x11, 0x11, 0x11,
    0x11, 0x11, 0x11, 0x11, 0x11, 0x11, 0x11, 0x11, 0x11, 0x11, 0x11, 0x11, 0x11, 0x11, 0x11, 0x11,
};

// Auto-generated icon: wx_11d (80x80)
// Each byte holds 2 pixels (high nibble first)
#define ICON_WX_11D_W 80
#define ICON_WX_11D_H 80
static const uint8_t PROGMEM icon_wx_11d[] = {
    0x11, 0x11, 0x11, 0x11, 0x11, 0x11, 0x11, 0x11, 0x11, 0x11, 0x11, 0x11, 0x11, 0x11, 0x11, 0x31,
    0x31, 0x31, 0x31, 0x11, 0x11, 0x11, 0x11, 0x11, 0x11, 0x11, 0x11, 0x11, 0x11, 0x11, 0x11, 0x11,
    0x11, 0x11, 0x11, 0x11, 0x11, 0x11, 0x11, 0x11, 0x11, 0x11, 0x11, 0x11, 0x11, 0x11, 0x11, 0x11,
    0x11, 0x11, 0x11, 0x11, 0x11, 0x11, 0x32, 0x12, 0x12, 0x12, 0x13, 0x13, 0x11, 0x11, 0x11, 0x11,
    0x11, 0x11, 0x11, 0x11, 0x11, 0x11, 0x11, 0x11, 0x11, 0x11, 0x11, 0x11, 0x11, 0x11, 0x11, 0x11,
    0x11, 0x11, 0x11, 0x11, 0x11, 0x11, 0x11, 0x11, 0x11, 0x11, 0x11, 0x11, 0x11, 0x32, 0x13, 0x13,
    0x13, 0x13, 0x12, 0x12, 0x13, 0x11, 0x11, 0x11, 0x11, 0x11, 0x11, 0x11, 0x11, 0x11, 0x11, 0x11,
    0x11, 0x11, 0x11, 0x11, 0x11, 0x11, 0x11, 0x11, 0x11, 0x11, 0x11, 0x11, 0x11, 0x11, 0x11, 0x11,
    0x11, 0x11, 0x11, 0x11, 0x32, 0x13, 0x12, 0x13, 0x12, 0x13, 0x13, 0x13, 0x12, 0x13, 0x11, 0x11,
    0x11, 0x11, 0x11, 0x11, 0x11, 0x11, 0x11, 0x11, 0x11, 0x11, 0x11, 0x11, 0x11, 0x11, 0x11, 0x11,
    0x11, 0x11, 0x11, 0x11, 0x11, 0x11, 0x11, 0x11, 0x11, 0x11, 0x11, 0x31, 0x31, 0x31, 0x31, 0x31,
    0x31, 0x31, 0x21, 0x12, 0x13, 0x11, 0x31, 0x11, 0x11, 0x11, 0x11, 0x11, 0x11, 0x11, 0x11, 0x11,
    0x11, 0x11, 0x11, 0x11, 0x11, 0x11, 0x11, 0x11, 0x11, 0x11, 0x11, 0x11, 0x11, 0x11, 0x11, 0x11,
    0x11, 0x11, 0x11, 0x23, 0x12, 0x12, 0x12, 0x12, 0x12, 0x13, 0x13, 0x13, 0x11, 0x32, 0x13, 0x11,
    0x11, 0x11, 0x11, 0x11, 0x11, 0x11, 0x11, 0x11, 0x11, 0x11, 0x11, 0x11, 0x11, 0x11, 0x11, 0x11,
    0x11, 0x11, 0x11, 0x11, 0x11, 0x11, 0x11, 0x11, 0x11, 0x11, 0x31, 0x31, 0x23, 0x13, 0x13, 0x13,
    0x13, 0x11, 0x21, 0x31, 0x23, 0x11, 0x31, 0x21, 0x11, 0x11, 0x11, 0x11, 0x11, 0x11, 0x11, 0x11,
    0x11, 0x11, 0x11, 0x11, 0x11, 0x11, 0x11, 0x11, 0x11, 0x11, 0x11, 0x11, 0x11, 0x11, 0x11, 0x11,
    0x11, 0x11, 0x23, 0x13, 0x11, 0x31, 0x21, 0x31, 0x21, 0x31, 0x31, 0x21, 0x31, 0x31, 0x21, 0x31,
    0x11, 0x11, 0x11, 0x11, 0x11, 0x11, 0x11, 0x11, 0x11, 0x11, 0x11, 0x11, 0x11, 0x11, 0x11, 0x11,
    0x11, 0x11, 0x11, 0x11, 0x11, 0x11, 0x11, 0x11, 0x11, 0x13, 0x12, 0x12, 0x31, 0x21, 0x31, 0x21,
    0x31, 0x21, 0x31, 0x31, 0x12, 0x13, 0x13, 0x13, 0x11, 0x11, 0x11, 0x11, 0x11, 0x11, 0x11, 0x11,
    0x11, 0x11, 0x11, 0x11, 0x11, 0x11, 0x11, 0x11, 0x11, 0x11, 0x11, 0x11, 0x11, 0x11, 0x11, 0x11,
    0x11, 0x12, 0x31, 0x31, 0x13, 0x13, 0x13, 0x13, 0x13, 0x13, 0x12, 0x13, 0x13, 0x11, 0x21, 0x12,
    0x11, 0x11, 0x11, 0x11, 0x11, 0x11, 0x11, 0x11, 0x11, 0x11, 0x11, 0x11, 0x11, 0x11, 0x11, 0x11,
    0x11, 0x11, 0x11, 0x11, 0x11, 0x11, 0x11, 0x11, 0x11, 0x31, 0x31, 0x23, 0x21, 0x21, 0x21, 0x31,
    0x21, 0x21, 0x31, 0x31, 0x21, 0x31, 0x31, 0x31, 0x31, 0x11, 0x11, 0x11, 0x11, 0x11, 0x11, 0x11,
    0x11, 0x11, 0x11, 0x11, 0x11, 0x11, 0x11, 0x11, 0x11, 0x11, 0x11, 0x11, 0x11, 0x11, 0x11, 0x11,
    0x11, 0x23, 0x12, 0x11, 0x31, 0x31, 0x31, 0x21, 0x31, 0x31, 0x21, 0x21, 0x31, 0x21, 0x12, 0x13,
    0x12, 0x11, 0x11, 0x11, 0x11, 0x11, 0x11, 0x11, 0x11, 0x11, 0x11, 0x11, 0x11, 0x11, 0x11, 0x11,
    0x11, 0x11, 0x11, 0x11, 0x11, 0x11, 0x11, 0x31, 0x13, 0x12, 0x31, 0x32, 0x13, 0x12, 0x31, 0x31,
    0x21, 0x31, 0x31, 0x31, 0x21, 0x31, 0x31, 0x31, 0x13, 0x11, 0x11, 0x11, 0x11, 0x11, 0x11, 0x11,
    0x11, 0x11, 0x11, 0x11, 0x11, 0x11, 0x11, 0x11, 0x11, 0x11, 0x11, 0x11, 0x11, 0x31, 0x31, 0x21,
    0x32, 0x13, 0x12, 0x13, 0x12, 0x31, 0x12, 0x13, 0x13, 0x12, 0x13, 0x13, 0x13, 0x12, 0x11, 0x12,
    0x11, 0x11, 0x11, 0x11, 0x11, 0x11, 0x11, 0x11, 0x11, 0x11, 0x11, 0x11, 0x11, 0x11, 0x11, 0x11,
    0x11, 0x11, 0x11, 0x13, 0x12, 0x12, 0x32, 0x31, 0x21, 0x32, 0x13, 0x12, 0x31, 0x13, 0x23, 0x12,
    0x31, 0x23, 0x12, 0x12, 0x12, 0x13, 0x11, 0x11, 0x13, 0x13, 0x11, 0x31, 0x11, 0x11, 0x11, 0x11,
    0x11, 0x11, 0x11, 0x11, 0x11, 0x11, 0x11, 0x11, 0x11, 0x11, 0x11, 0x21, 0x33, 0x31, 0x31, 0x23,
    0x13, 0x13, 0x12, 0x31, 0x13, 0x21, 0x13, 0x13, 0x13, 0x11, 0x31, 0x31, 0x31, 0x11, 0x13, 0x13,
    0x11, 0x11, 0x11, 0x11, 0x31, 0x11, 0x11, 0x11, 0x11, 0x11, 0x11, 0x11, 0x11, 0x11, 0x11, 0x11,
    0x11, 0x11, 0x13, 0x13, 0x21, 0x21, 0x23, 0x13, 0x21, 0x21, 0x31, 0x32, 0x31, 0x32, 0x31, 0x21,
    0x21, 0x32, 0x13, 0x12, 0x11, 0x13, 0x11, 0x11, 0x12, 0x11, 0x21, 0x11, 0x11, 0x31, 0x11, 0x11,
    0x11, 0x11, 0x11, 0x11, 0x11, 0x11, 0x11, 0x11, 0x11, 0x11, 0x31, 0x21, 0x31, 0x33, 0x12, 0x13,
    0x13, 0x13, 0x21, 0x31, 0x21, 0x13, 0x12, 0x31, 0x31, 0x21, 0x32, 0x11, 0x13, 0x11, 0x12, 0x11,
    0x11, 0x13, 0x11, 0x31, 0x21, 0x11, 0x11, 0x11, 0x11, 0x11, 0x11, 0x11, 0x11, 0x11, 0x11, 0x11,
    0x11, 0x12, 0x13, 0x32, 0x32, 0x12, 0x31, 0x32, 0x12, 0x31, 0x31, 0x21, 0x33, 0x21, 0x31, 0x13,
    0x21, 0x31, 0x13, 0x13, 0x11, 0x12, 0x11, 0x13, 0x13, 0x11, 0x11, 0x11, 0x11, 0x13, 0x13, 0x11,
    0x11, 0x11, 0x11, 0x11, 0x11, 0x11, 0x11, 0x11, 0x11, 0x31, 0x32, 0x13, 0x13, 0x13, 0x12, 0x13,
    0x13, 0x12, 0x13, 0x13, 0x12, 0x13, 0x12, 0x31, 0x31, 0x23, 0x11, 0x11, 0x12, 0x11, 0x13, 0x11,
    0x11, 0x11, 0x31, 0x13, 0x11, 0x11, 0x11, 0x11, 0x11, 0x11, 0x11, 0x11, 0x11, 0x11, 0x11, 0x11,
    0x11, 0x23, 0x13, 0x21, 0x23, 0x21, 0x33, 0x21, 0x32, 0x13, 0x21, 0x32, 0x13, 0x12, 0x31, 0x21,
    0x23, 0x12, 0x13, 0x12, 0x11, 0x31, 0x11, 0x12, 0x11, 0x31, 0x12, 0x11, 0x13, 0x12, 0x11, 0x21,
    0x11, 0x11, 0x11, 0x11, 0x11, 0x11, 0x11, 0x11, 0x13, 0x12, 0x31, 0x32, 0x13, 0x12, 0x11, 0x32,
    0x13, 0x21, 0x32, 0x13, 0x12, 0x31, 0x13, 0x13, 0x11, 0x31, 0x11, 0x11, 0x31, 0x11, 0x31, 0x11,
    0x31, 0x12, 0x11, 0x11, 0x11, 0x11, 0x11, 0x13, 0x11, 0x11, 0x11, 0x11, 0x11, 0x11, 0x11, 0x11,
    0x12, 0x31, 0x23, 0x13, 0x21, 0x33, 0x23, 0x13, 0x12, 0x31, 0x31, 0x32, 0x13, 0x12, 0x31, 0x21,
    0x32, 0x13, 0x12, 0x11, 0x11, 0x31, 0x11, 0x31, 0x11, 0x11, 0x13, 0x13, 0x12, 0x11, 0x31, 0x11,
    0x13, 0x11, 0x11, 0x11, 0x11, 0x11, 0x11, 0x11, 0x31, 0x23, 0x12, 0x31, 0x32, 0x13, 0x12, 0x12,
    0x31, 0x21, 0x23, 0x13, 0x12, 0x31, 0x23, 0x13, 0x13, 0x11, 0x11, 0x31, 0x11, 0x12, 0x11, 0x11,
    0x21, 0x31, 0x11, 0x11, 0x11, 0x11, 0x11, 0x13, 0x11, 0x11, 0x11, 0x11, 0x11, 0x11, 0x11, 0x11,
    0x23, 0x13, 0x21, 0x23, 0x13, 0x21, 0x31, 0x31, 0x31, 0x33, 0x12, 0x12, 0x31, 0x23, 0x13, 0x21,
    0x21, 0x31, 0x21, 0x11, 0x31, 0x11, 0x31, 0x21, 0x11, 0x11, 0x31, 0x12, 0x11, 0x31, 0x13, 0x11,
    0x12, 0x11, 0x11, 0x11, 0x11, 0x11, 0x11, 0x11, 0x32, 0x31, 0x33, 0x12, 0x31, 0x32, 0x13, 0x23,
    0x21, 0x21, 0x31, 0x31, 0x31, 0x31, 0x21, 0x11, 0x31, 0x11, 0x13, 0x11, 0x12, 0x11, 0x11, 0x13,
    0x11, 0x31, 0x12, 0x11, 0x31, 0x11, 0x11, 0x12, 0x11, 0x11, 0x11, 0x11, 0x11, 0x11, 0x11, 0x11,
    0x13, 0x21, 0x23, 0x21, 0x23, 0x13, 0x21, 0x31, 0x31, 0x32, 0x13, 0x21, 0x21, 0x11, 0x13, 0x11,
    0x11, 0x21, 0x11, 0x12, 0x11, 0x31, 0x13, 0x11, 0x11, 0x12, 0x11, 0x11, 0x11, 0x12, 0x12, 0x11,
    0x13, 0x11, 0x11, 0x11, 0x11, 0x11, 0x11, 0x11, 0x23, 0x13, 0x12, 0x33, 0x12, 0x31, 0x32, 0x12,
    0x32, 0x13, 0x21, 0x33, 0x13, 0x13, 0x11, 0x13, 0x11, 0x31, 0x31, 0x13, 0x11, 0x11, 0x21, 0x13,
    0x12, 0x11, 0x13, 0x11, 0x31, 0x11, 0x11, 0x13, 0x11, 0x11, 0x11, 0x11, 0x11, 0x11, 0x11, 0x11,
    0x32, 0x32, 0x31, 0x21, 0x31, 0x23, 0x13, 0x31, 0x13, 0x21, 0x32, 0x11, 0x11, 0x11, 0x21, 0x11,
    0x21, 0x11, 0x12, 0x11, 0x13, 0x11, 0x13, 0x11, 0x11, 0x13, 0x11, 0x11, 0x11, 0x31, 0x31, 0x11,
    0x11, 0x31, 0x11, 0x11, 0x11, 0x11, 0x11, 0x11, 0x13, 0x12, 0x13, 0x32, 0x32, 0x12, 0x31, 0x23,
    0x21, 0x32, 0x13, 0x11, 0x31, 0x21, 0x13, 0x11, 0x31, 0x13, 0x11, 0x13, 0x11, 0x21, 0x11, 0x12,
    0x13, 0x11, 0x12, 0x13, 0x11, 0x11, 0x11, 0x13, 0x11, 0x11, 0x31, 0x11, 0x11, 0x11, 0x11, 0x11,
    0x23, 0x23, 0x21, 0x21, 0x31, 0x31, 0x23, 0x12, 0x31, 0x31, 0x31, 0x21, 0x11, 0x13, 0x11, 0x21,
    0x11, 0x21, 0x13, 0x11, 0x11, 0x13, 0x12, 0x11, 0x11, 0x12, 0x11, 0x11, 0x21, 0x12, 0x13, 0x11,
    0x21, 0x11, 0x11, 0x11, 0x11, 0x11, 0x11, 0x11, 0x31, 0x31, 0x33, 0x13, 0x23, 0x23, 0x12, 0x31,
    0x23, 0x21, 0x21, 0x13, 0x13, 0x11, 0x13, 0x11, 0x31, 0x13, 0x11, 0x12, 0x13, 0x11, 0x11, 0x31,
    0x31, 0x11, 0x31, 0x11, 0x13, 0x11, 0x11, 0x11, 0x11, 0x31, 0x21, 0x11, 0x11, 0x11, 0x11, 0x11,
    0x12, 0x32, 0x12, 0x32, 0x12, 0x13, 0x21, 0x32, 0x13, 0x13, 0x13, 0x11, 0x11, 0x21, 0x11, 0x31,
    0x11, 0x11, 0x12, 0x11, 0x31, 0x13, 0x11, 0x11, 0x11, 0x31, 0x11, 0x31, 0x11, 0x13, 0x11, 0x21,
    0x31, 0x11, 0x11, 0x31, 0x11, 0x11, 0x11, 0x11, 0x13, 0x12, 0x31, 0x23, 0x13, 0x21, 0x32, 0x13,
    0x21, 0x21, 0x11, 0x13, 0x11, 0x31, 0x31, 0x12, 0x13, 0x12, 0x13, 0x11, 0x11, 0x21, 0x13, 0x12,
    0x11, 0x11, 0x21, 0x11, 0x21, 0x11, 0x13, 0x11, 0x11, 0x13, 0x11, 0x11, 0x31, 0x11, 0x11, 0x11,
    0x11, 0x31, 0x23, 0x13, 0x21, 0x32, 0x13, 0x21, 0x33, 0x13, 0x12, 0x11, 0x21, 0x11, 0x12, 0x11,
    0x11, 0x13, 0x11, 0x13, 0x11, 0x13, 0x11, 0x11, 0x31, 0x21, 0x11, 0x31, 0x13, 0x11, 0x11, 0x11,
    0x31, 0x11, 0x12, 0x11, 0x11, 0x31, 0x11, 0x11, 0x11, 0x23, 0x32, 0x31, 0x32, 0x31, 0x32, 0x32,
    0x12, 0x11, 0x13, 0x11, 0x31, 0x31, 0x11, 0x31, 0x31, 0x11, 0x13, 0x11, 0x21, 0x11, 0x21, 0x31,
    0x11, 0x13, 0x11, 0x11, 0x11, 0x12, 0x13, 0x11, 0x12, 0x11, 0x11, 0x13, 0x11, 0x11, 0x11, 0x11,
    0x11, 0x12, 0x13, 0x22, 0x13, 0x23, 0x13, 0x13, 0x31, 0x31, 0x11, 0x31, 0x11, 0x12, 0x13, 0x11,
    0x12, 0x13, 0x11, 0x21, 0x13, 0x11, 0x11, 0x11, 0x31, 0x11, 0x13, 0x12, 0x13, 0x11, 0x11, 0x12,
    0x11, 0x13, 0x13, 0x11, 0x12, 0x11, 0x31, 0x11, 0x11, 0x11, 0x31, 0x31, 0x32, 0x12, 0x32, 0x12,
    0x12, 0x13, 0x12, 0x11, 0x31, 0x13, 0x11, 0x21, 0x31, 0x11, 0x21, 0x13, 0x11, 0x13, 0x13, 0x11,
    0x12, 0x13, 0x11, 0x11, 0x11, 0x13, 0x11, 0x31, 0x13, 0x11, 0x11, 0x12, 0x11, 0x11, 0x11, 0x11,
    0x11, 0x11, 0x12, 0x32, 0x13, 0x31, 0x23, 0x13, 0x31, 0x11, 0x13, 0x11, 0x21, 0x11, 0x31, 0x11,
    0x11, 0x31, 0x13, 0x11, 0x13, 0x11, 0x11, 0x21, 0x11, 0x11, 0x21, 0x31, 0x13, 0x11, 0x21, 0x11,
    0x11, 0x12, 0x11, 0x11, 0x13, 0x11, 0x21, 0x11, 0x11, 0x11, 0x11, 0x13, 0x21, 0x23, 0x12, 0x32,
    0x13, 0x21, 0x31, 0x21, 0x13, 0x12, 0x11, 0x31, 0x31, 0x12, 0x11, 0x13, 0x11, 0x21, 0x21, 0x13,
    0x13, 0x11, 0x11, 0x11, 0x21, 0x11, 0x11, 0x31, 0x13, 0x11, 0x13, 0x13, 0x11, 0x11, 0x13, 0x11,
    0x11, 0x11, 0x11, 0x12, 0x33, 0x12, 0x31, 0x31, 0x21, 0x31, 0x11, 0x31, 0x11, 0x31, 0x31, 0x11,
    0x21, 0x11, 0x31, 0x11, 0x21, 0x13, 0x11, 0x11, 0x11, 0x13, 0x11, 0x31, 0x11, 0x31, 0x31, 0x11,
    0x21, 0x13, 0x11, 0x11, 0x12, 0x13, 0x11, 0x11, 0x11, 0x11, 0x11, 0x11, 0x11, 0x32, 0x32, 0x13,
    0x31, 0x12, 0x13, 0x13, 0x12, 0x11, 0x12, 0x13, 0x13, 0x11, 0x12, 0x13, 0x11, 0x11, 0x31, 0x31,
    0x21, 0x11, 0x21, 0x11, 0x31, 0x11, 0x11, 0x21, 0x11, 0x11, 0x12, 0x11, 0x11, 0x11, 0x11, 0x31,
    0x11, 0x11, 0x11, 0x11, 0x11, 0x11, 0x11, 0x12, 0x32, 0x13, 0x11, 0x11, 0x11, 0x31, 0x13, 0x11,
    0x11, 0x21, 0x31, 0x11, 0x31, 0x31, 0x11, 0x11, 0x13, 0x11, 0x13, 0x11, 0x12, 0x11, 0x21, 0x13,
    0x13, 0x12, 0x11, 0x13, 0x13, 0x11, 0x31, 0x11, 0x11, 0x11, 0x11, 0x11, 0x11, 0x11, 0x11, 0x11,
    0x11, 0x11, 0x31, 0x21, 0x31, 0x12, 0x11, 0x13, 0x11, 0x31, 0x11, 0x31, 0x11, 0x12, 0x12, 0x13,
    0x11, 0x13, 0x11, 0x12, 0x11, 0x31, 0x13, 0x11, 0x11, 0x11, 0x13, 0x11, 0x11, 0x11, 0x11, 0x21,
    0x11, 0x11, 0x11, 0x11, 0x11, 0x11, 0x11, 0x11, 0x11, 0x31, 0x11, 0x31, 0x12, 0x13, 0x13, 0x11,
    0x21, 0x11, 0x31, 0x12, 0x12, 0x11, 0x31, 0x11, 0x12, 0x11, 0x21, 0x31, 0x11, 0x11, 0x11, 0x13,
    0x11, 0x31, 0x11, 0x12, 0x11, 0x31, 0x21, 0x11, 0x11, 0x11, 0x11, 0x11, 0x11, 0x11, 0x11, 0x11,
    0x11, 0x12, 0x13, 0x12, 0x13, 0x11, 0x11, 0x21, 0x13, 0x11, 0x21, 0x13, 0x11, 0x31, 0x11, 0x31,
    0x31, 0x13, 0x11, 0x11, 0x31, 0x31, 0x21, 0x11, 0x21, 0x11, 0x31, 0x11, 0x31, 0x11, 0x11, 0x31,
    0x11, 0x11, 0x11, 0x11, 0x11, 0x11, 0x11, 0x11, 0x11, 0x11, 0x31, 0x13, 0x11, 0x13, 0x13, 0x13,
    0x11, 0x21, 0x13, 0x11, 0x13, 0x11, 0x31, 0x11, 0x11, 0x11, 0x13, 0x11, 0x11, 0x11, 0x13, 0x11,
    0x11, 0x31, 0x12, 0x11, 0x11, 0x21, 0x31, 0x11, 0x11, 0x11, 0x11, 0x11, 0x11, 0x11, 0x11, 0x11,
    0x11, 0x11, 0x13, 0x11, 0x21, 0x31, 0x21, 0x11, 0x21, 0x31, 0x11, 0x31, 0x11, 0x21, 0x12, 0x12,
    0x13, 0x12, 0x11, 0x21, 0x31, 0x21, 0x11, 0x13, 0x11, 0x12, 0x11, 0x13, 0x11, 0x11, 0x11, 0x11,
    0x11, 0x11, 0x11, 0x11, 0x11, 0x11, 0x11, 0x11, 0x11, 0x11, 0x11, 0x21, 0x31, 0x11, 0x13, 0x11,
    0x31, 0x11, 0x31, 0x12, 0x13, 0x11, 0x31, 0x13, 0x11, 0x13, 0x11, 0x11, 0x11, 0x13, 0x13, 0x11,
    0x21, 0x11, 0x13, 0x11, 0x13, 0x11, 0x31, 0x11, 0x11, 0x11, 0x11, 0x11, 0x11, 0x11, 0x11, 0x11,
    0x11, 0x11, 0x11, 0x31, 0x12, 0x13, 0x11, 0x21, 0x13, 0x12, 0x12, 0x11, 0x11, 0x31, 0x11, 0x11,
    0x13, 0x11, 0x13, 0x13, 0x13, 0x11, 0x11, 0x21, 0x13, 0x13, 0x11, 0x12, 0x11, 0x11, 0x11, 0x11,
    0x11, 0x11, 0x11, 0x11, 0x11, 0x11, 0x11, 0x11, 0x11, 0x11, 0x11, 0x13, 0x11, 0x31, 0x21, 0x31,
    0x11, 0x11, 0x31, 0x31, 0x31, 0x12, 0x13, 0x13, 0x11, 0x21, 0x11, 0x11, 0x11, 0x21, 0x11, 0x13,
    0x11, 0x11, 0x12, 0x11, 0x13, 0x12, 0x11, 0x11, 0x11, 0x11, 0x11, 0x11, 0x11, 0x11, 0x11, 0x11,
    0x11, 0x11, 0x11, 0x11, 0x13, 0x11, 0x31, 0x13, 0x12, 0x31, 0x11, 0x11, 0x12, 0x11, 0x11, 0x21,
    0x21, 0x13, 0x12, 0x13, 0x11, 0x13, 0x13, 0x11, 0x12, 0x11, 0x31, 0x13, 0x11, 0x11, 0x11, 0x11,
    0x11, 0x11, 0x11, 0x11, 0x11, 0x11, 0x11, 0x11, 0x11, 0x11, 0x11, 0x11, 0x11, 0x31, 0x12, 0x11,
    0x11, 0x13, 0x12, 0x13, 0x11, 0x31, 0x31, 0x11, 0x13, 0x11, 0x13, 0x11, 0x21, 0x11, 0x11, 0x21,
    0x11, 0x31, 0x11, 0x11, 0x11, 0x31, 0x11, 0x11, 0x11, 0x11, 0x11, 0x11, 0x11, 0x11, 0x11, 0x11,
    0x11, 0x11, 0x11, 0x11, 0x11, 0x12, 0x11, 0x31, 0x31, 0x11, 0x13, 0x11, 0x31, 0x11, 0x13, 0x13,
    0x11, 0x13, 0x11, 0x11, 0x13, 0x12, 0x11, 0x13, 0x11, 0x11, 0x31, 0x13, 0x11, 0x11, 0x11, 0x11,
    0x11, 0x11, 0x11, 0x11, 0x11, 0x11, 0x11, 0x11, 0x11, 0x11, 0x11, 0x11, 0x11, 0x11, 0x31, 0x11,
    0x21, 0x31, 0x21, 0x12, 0x11, 0x21, 0x21, 0x11, 0x21, 0x21, 0x12, 0x13, 0x11, 0x11, 0x31, 0x11,
    0x13, 0x11, 0x12, 0x11, 0x11, 0x11, 0x11, 0x11, 0x11, 0x11, 0x11, 0x11, 0x11, 0x11, 0x11, 0x11,
    0x11, 0x11, 0x11, 0x11, 0x11, 0x11, 0x11, 0x11, 0x11, 0x11, 0x11, 0x21, 0x61, 0x21, 0x12, 0x12,
    0x11, 0x12, 0x11, 0x61, 0x11, 0x11, 0x11, 0x11, 0x11, 0x11, 0x11, 0x11, 0x11, 0x11, 0x11, 0x11,
    0x11, 0x11, 0x11, 0x11, 0x11, 0x11, 0x11, 0x11, 0x11, 0x11, 0x11, 0x11, 0x11, 0x11, 0x11, 0x11,
    0x11, 0x11, 0x65, 0x16, 0x16, 0x16, 0x16, 0x51, 0x66, 0x16, 0x61, 0x51, 0x11, 0x11, 0x11, 0x11,
    0x11, 0x11, 0x11, 0x11, 0x11, 0x11, 0x11, 0x11, 0x11, 0x11, 0x11, 0x11, 0x11, 0x11, 0x11, 0x11,
    0x11, 0x11, 0x11, 0x11, 0x11, 0x11, 0x11, 0x11, 0x11, 0x11, 0x16, 0x16, 0x51, 0x61, 0x61, 0x61,
    0x61, 0x61, 0x51, 0x11, 0x11, 0x11, 0x11, 0x11, 0x11, 0x11, 0x11, 0x11, 0x11, 0x11, 0x11, 0x11,
    0x11, 0x11, 0x11, 0x11, 0x11, 0x11, 0x13, 0x11, 0x11, 0x11, 0x11, 0x11, 0x11, 0x11, 0x11, 0x11,
    0x11, 0x16, 0x16, 0x61, 0x61, 0x66, 0x16, 0x16, 0x16, 0x16, 0x16, 0x16, 0x11, 0x11, 0x11, 0x11,
    0x11, 0x11, 0x11, 0x11, 0x11, 0x11, 0x11, 0x11, 0x11, 0x11, 0x11, 0x11, 0x11, 0x13, 0x11, 0x11,
    0x11, 0x11, 0x11, 0x11, 0x11, 0x11, 0x11, 0x11, 0x11, 0x15, 0x61, 0x61, 0x66, 0x16, 0x16, 0x51,
    0x61, 0x61, 0x61, 0x61, 0x51, 0x11, 0x11, 0x11, 0x11, 0x11, 0x11, 0x11, 0x11, 0x11, 0x11, 0x11,
    0x11, 0x11, 0x11, 0x11, 0x11, 0x11, 0x21, 0x11, 0x11, 0x11, 0x11, 0x31, 0x31, 0x11, 0x11, 0x11,
    0x11, 0x11, 0x61, 0x65, 0x16, 0x16, 0x51, 0x61, 0x65, 0x16, 0x16, 0x16, 0x16, 0x11, 0x11, 0x11,
    0x11, 0x31, 0x31, 0x13, 0x11, 0x11, 0x11, 0x11, 0x11, 0x11, 0x11, 0x11, 0x11, 0x11, 0x13, 0x11,
    0x11, 0x11, 0x11, 0x11, 0x11, 0x11, 0x11, 0x11, 0x11, 0x16, 0x16, 0x16, 0x16, 0x16, 0x16, 0x16,
    0x16, 0x16, 0x51, 0x61, 0x61, 0x51, 0x11, 0x11, 0x31, 0x11, 0x11, 0x11, 0x11, 0x11, 0x11, 0x11,
    0x11, 0x11, 0x11, 0x11, 0x11, 0x11, 0x11, 0x11, 0x11, 0x11, 0x11, 0x13, 0x12, 0x11, 0x11, 0x11,
    0x11, 0x11, 0x61, 0x65, 0x61, 0x61, 0x61, 0x66, 0x16, 0x16, 0x16, 0x16, 0x16, 0x11, 0x11, 0x11,
    0x12, 0x13, 0x12, 0x11, 0x11, 0x11, 0x11, 0x11, 0x11, 0x11, 0x11, 0x11, 0x11, 0x11, 0x11, 0x11,
    0x11, 0x11, 0x11, 0x11, 0x11, 0x11, 0x11, 0x11, 0x11, 0x11, 0x15, 0x16, 0x16, 0x56, 0x16, 0x16,
    0x16, 0x51, 0x61, 0x65, 0x16, 0x11, 0x11, 0x11, 0x31, 0x11, 0x11, 0x31, 0x11, 0x11, 0x11, 0x11,
    0x11, 0x11, 0x11, 0x11, 0x11, 0x11, 0x11, 0x11, 0x11, 0x11, 0x11, 0x11, 0x11, 0x11, 0x11, 0x11,
    0x11, 0x11, 0x11, 0x61, 0x61, 0x61, 0x65, 0x16, 0x51, 0x61, 0x66, 0x16, 0x16, 0x11, 0x11, 0x11,
    0x13, 0x12, 0x11, 0x11, 0x11, 0x11, 0x11, 0x11, 0x11, 0x11, 0x11, 0x11, 0x11, 0x11, 0x11, 0x11,
    0x11, 0x11, 0x11, 0x11, 0x11, 0x11, 0x11, 0x11, 0x11, 0x11, 0x11, 0x11, 0x61, 0x61, 0x61, 0x61,
    0x61, 0x66, 0x16, 0x16, 0x11, 0x11, 0x11, 0x13, 0x11, 0x13, 0x13, 0x11, 0x11, 0x11, 0x11, 0x11,
    0x11, 0x11, 0x11, 0x11, 0x11, 0x11, 0x11, 0x11, 0x11, 0x11, 0x11, 0x11, 0x11, 0x11, 0x11, 0x11,
    0x11, 0x11, 0x11, 0x11, 0x51, 0x66, 0x16, 0x61, 0x66, 0x16, 0x16, 0x16, 0x11, 0x11, 0x11, 0x11,
    0x13, 0x11, 0x11, 0x11, 0x11, 0x11, 0x11, 0x11, 0x11, 0x11, 0x11, 0x11, 0x11, 0x11, 0x11, 0x11,
    0x11, 0x11, 0x11, 0x11, 0x11, 0x11, 0x11, 0x11, 0x11, 0x11, 0x11, 0x11, 0x66, 0x16, 0x16, 0x16,
    0x16, 0x16, 0x15, 0x11, 0x11, 0x11, 0x11, 0x11, 0x11, 0x11, 0x11, 0x11, 0x11, 0x11, 0x11, 0x11,
    0x11, 0x11, 0x11, 0x11, 0x11, 0x11, 0x11, 0x11, 0x11, 0x11, 0x11, 0x11, 0x11, 0x11, 0x11, 0x13,
    0x11, 0x11, 0x11, 0x16, 0x16, 0x16, 0x51, 0x61, 0x61, 0x61, 0x61, 0x11, 0x11, 0x11, 0x11, 0x11,
    0x11, 0x11, 0x11, 0x11, 0x11, 0x11, 0x11, 0x11, 0x11, 0x11, 0x11, 0x11, 0x11, 0x11, 0x11, 0x11,
    0x11, 0x11, 0x11, 0x11, 0x11, 0x11, 0x13, 0x11, 0x11, 0x11, 0x11, 0x15, 0x16, 0x51, 0x66, 0x16,
    0x56, 0x16, 0x11, 0x11, 0x11, 0x11, 0x11, 0x11, 0x11, 0x11, 0x11, 0x11, 0x11, 0x11, 0x11, 0x11,
    0x11, 0x11, 0x11, 0x11, 0x11, 0x11, 0x11, 0x11, 0x11, 0x11, 0x11, 0x11, 0x11, 0x13, 0x11, 0x12,
    0x13, 0x11, 0x11, 0x61, 0x61, 0x66, 0x16, 0x16, 0x16, 0x16, 0x11, 0x11, 0x11, 0x11, 0x11, 0x11,
    0x11, 0x11, 0x11, 0x11, 0x11, 0x11, 0x11, 0x11, 0x11, 0x11, 0x11, 0x11, 0x11, 0x11, 0x11, 0x11,
    0x11, 0x11, 0x11, 0x11, 0x11, 0x11, 0x21, 0x31, 0x11, 0x11, 0x11, 0x61, 0x66, 0x16, 0x16, 0x51,
    0x61, 0x61, 0x11, 0x11, 0x11, 0x11, 0x11, 0x11, 0x11, 0x11, 0x11, 0x11, 0x11, 0x11, 0x11, 0x11,
    0x11, 0x11, 0x11, 0x11, 0x11, 0x11, 0x11, 0x11, 0x11, 0x11, 0x11, 0x11, 0x13, 0x13, 0x11, 0x11,
    0x11, 0x11, 0x11, 0x56, 0x16, 0x16, 0x51, 0x66, 0x16, 0x11, 0x11, 0x11, 0x11, 0x11, 0x11, 0x11,
    0x11, 0x11, 0x11, 0x11, 0x11, 0x11, 0x11, 0x11, 0x11, 0x11, 0x11, 0x11, 0x11, 0x11, 0x11, 0x11,
    0x11, 0x11, 0x11, 0x11, 0x11, 0x11, 0x31, 0x31, 0x31, 0x11, 0x16, 0x16, 0x16, 0x51, 0x66, 0x16,
    0x11, 0x11, 0x11, 0x11, 0x13, 0x11, 0x11, 0x11, 0x11, 0x11, 0x11, 0x11, 0x11, 0x11, 0x11, 0x11,
    0x11, 0x11, 0x11, 0x11, 0x11, 0x11, 0x11, 0x11, 0x11, 0x11, 0x11, 0x11, 0x11, 0x31, 0x11, 0x11,
    0x11, 0x11, 0x15, 0x61, 0x66, 0x16, 0x16, 0x11, 0x11, 0x11, 0x11, 0x13, 0x11, 0x11, 0x11, 0x11,
    0x11, 0x11, 0x11, 0x11, 0x11, 0x11, 0x11, 0x11, 0x11, 0x11, 0x11, 0x11, 0x11, 0x11, 0x11, 0x11,
    0x11, 0x11, 0x11, 0x11, 0x11, 0x11, 0x21, 0x31, 0x11, 0x11, 0x61, 0x66, 0x16, 0x61, 0x66, 0x11,
    0x11, 0x11, 0x11, 0x11, 0x21, 0x11, 0x11, 0x11, 0x11, 0x11, 0x11, 0x11, 0x11, 0x11, 0x11, 0x11,
    0x11, 0x11, 0x11, 0x11, 0x11, 0x11, 0x11, 0x11, 0x11, 0x11, 0x11, 0x11, 0x11, 0x11, 0x11, 0x11,
    0x11, 0x11, 0x61, 0x61, 0x61, 0x65, 0x11, 0x11, 0x11, 0x11, 0x11, 0x31, 0x13, 0x11, 0x11, 0x11,
    0x11, 0x11, 0x11, 0x11, 0x11, 0x11, 0x11, 0x11, 0x11, 0x11, 0x11, 0x11, 0x11, 0x11, 0x11, 0x11,
    0x11, 0x11, 0x11, 0x11, 0x11, 0x11, 0x11, 0x11, 0x11, 0x11, 0x61, 0x65, 0x65, 0x16, 0x11, 0x11,
    0x11, 0x11, 0x11, 0x11, 0x11, 0x11, 0x11, 0x11, 0x11, 0x11, 0x11, 0x11, 0x11, 0x11, 0x11, 0x11,
    0x11, 0x11, 0x11, 0x11, 0x11, 0x11, 0x11, 0x11, 0x11, 0x11, 0x11, 0x11, 0x11, 0x11, 0x11, 0x11,
    0x11, 0x11, 0x16, 0x16, 0x16, 0x61, 0x11, 0x11, 0x11, 0x11, 0x11, 0x11, 0x11, 0x11, 0x11, 0x11,
    0x11, 0x11, 0x11, 0x11, 0x11, 0x11, 0x11, 0x11, 0x11, 0x11, 0x11, 0x11, 0x11, 0x11, 0x11, 0x11,
    0x11, 0x11, 0x11, 0x11, 0x11, 0x11, 0x11, 0x11, 0x11, 0x11, 0x11, 0x65, 0x61, 0x11, 0x11, 0x11,
    0x11, 0x11, 0x11, 0x11, 0x11, 0x11, 0x11, 0x11, 0x11, 0x11, 0x11, 0x11, 0x11, 0x11, 0x11, 0x11,
};

// Auto-generated icon: wx_13d (80x80)
// Each byte holds 2 pixels (high nibble first)
#define ICON_WX_13D_W 80
#define ICON_WX_13D_H 80
static const uint8_t PROGMEM icon_wx_13d[] = {
    0x11, 0x11, 0x11, 0x11, 0x11, 0x11, 0x11, 0x11, 0x11, 0x11, 0x11, 0x11, 0x11, 0x11, 0x11, 0x13,
    0x13, 0x13, 0x13, 0x11, 0x11, 0x11, 0x11, 0x11, 0x11, 0x11, 0x11, 0x11, 0x11, 0x11, 0x11, 0x11,
    0x11, 0x11, 0x11, 0x11, 0x11, 0x11, 0x11, 0x11, 0x11, 0x11, 0x11, 0x11, 0x11, 0x11, 0x11, 0x11,
    0x11, 0x11, 0x11, 0x11, 0x11, 0x11, 0x31, 0x31, 0x21, 0x21, 0x21, 0x31, 0x31, 0x11, 0x11, 0x11,
    0x11, 0x11, 0x11, 0x11, 0x11, 0x11, 0x11, 0x11, 0x11, 0x11, 0x11, 0x11, 0x11, 0x11, 0x11, 0x11,
    0x11, 0x11, 0x11, 0x11, 0x11, 0x11, 0x11, 0x11, 0x11, 0x11, 0x11, 0x11, 0x11, 0x32, 0x13, 0x21,
    0x31, 0x31, 0x31, 0x21, 0x13, 0x11, 0x11, 0x11, 0x11, 0x11, 0x11, 0x11, 0x11, 0x11, 0x11, 0x11,
    0x11, 0x11, 0x11, 0x11, 0x11, 0x11, 0x11, 0x11, 0x11, 0x11, 0x11, 0x11, 0x11, 0x11, 0x11, 0x11,
    0x11, 0x11, 0x11, 0x13, 0x13, 0x13, 0x11, 0x31, 0x21, 0x31, 0x21, 0x31, 0x21, 0x31, 0x11, 0x11,
    0x11, 0x11, 0x11, 0x11, 0x11, 0x11, 0x11, 0x11, 0x11, 0x11, 0x11, 0x11, 0x11, 0x11, 0x11, 0x11,
    0x11, 0x11, 0x11, 0x11, 0x11, 0x11, 0x11, 0x11, 0x11, 0x11, 0x11, 0x12, 0x12, 0x12, 0x31, 0x21,
    0x31, 0x21, 0x31, 0x13, 0x13, 0x12, 0x11, 0x11, 0x11, 0x11, 0x11, 0x11, 0x11, 0x11, 0x11, 0x11,
    0x11, 0x11, 0x11, 0x11, 0x11, 0x11, 0x11, 0x11, 0x11, 0x11, 0x11, 0x11, 0x11, 0x11, 0x11, 0x11,
    0x11, 0x11, 0x13, 0x13, 0x31, 0x31, 0x13, 0x13, 0x13, 0x13, 0x12, 0x31, 0x21, 0x31, 0x31, 0x11,
    0x11, 0x11, 0x11, 0x11, 0x11, 0x11, 0x11, 0x11, 0x11, 0x11, 0x11, 0x11, 0x11, 0x11, 0x11, 0x11,
    0x11, 0x11, 0x11, 0x11, 0x11, 0x11, 0x11, 0x11, 0x11, 0x11, 0x12, 0x31, 0x21, 0x32, 0x12, 0x12,
    0x12, 0x12, 0x13, 0x13, 0x11, 0x21, 0x13, 0x11, 0x11, 0x11, 0x11, 0x11, 0x11, 0x11, 0x11, 0x11,
    0x11, 0x11, 0x11, 0x11, 0x11, 0x11, 0x11, 0x11, 0x11, 0x11, 0x11, 0x11, 0x11, 0x11, 0x11, 0x11,
    0x11, 0x13, 0x13, 0x13, 0x13, 0x13, 0x13, 0x13, 0x13, 0x13, 0x11, 0x21, 0x31, 0x31, 0x31, 0x21,
    0x11, 0x11, 0x11, 0x11, 0x11, 0x11, 0x11, 0x11, 0x11, 0x11, 0x11, 0x11, 0x11, 0x11, 0x11, 0x11,
    0x11, 0x11, 0x11, 0x11, 0x11, 0x11, 0x11, 0x11, 0x11, 0x12, 0x31, 0x21, 0x21, 0x21, 0x31, 0x21,
    0x31, 0x21, 0x31, 0x31, 0x21, 0x31, 0x21, 0x31, 0x31, 0x11, 0x11, 0x11, 0x11, 0x11, 0x11, 0x11,
    0x11, 0x11, 0x11, 0x11, 0x11, 0x11, 0x11, 0x11, 0x11, 0x11, 0x11, 0x11, 0x11, 0x11, 0x11, 0x11,
    0x11, 0x31, 0x13, 0x13, 0x13, 0x13, 0x12, 0x31, 0x21, 0x31, 0x21, 0x31, 0x31, 0x21, 0x31, 0x13,
    0x11, 0x11, 0x11, 0x11, 0x11, 0x11, 0x11, 0x11, 0x11, 0x11, 0x11, 0x11, 0x11, 0x11, 0x11, 0x11,
    0x11, 0x11, 0x11, 0x11, 0x11, 0x11, 0x11, 0x11, 0x11, 0x13, 0x21, 0x32, 0x13, 0x12, 0x13, 0x13,
    0x13, 0x13, 0x13, 0x12, 0x13, 0x13, 0x12, 0x31, 0x21, 0x11, 0x11, 0x11, 0x11, 0x11, 0x11, 0x11,
    0x11, 0x11, 0x11, 0x11, 0x11, 0x11, 0x11, 0x11, 0x11, 0x11, 0x11, 0x11, 0x11, 0x11, 0x11, 0x11,
    0x13, 0x21, 0x31, 0x21, 0x32, 0x13, 0x12, 0x12, 0x12, 0x12, 0x12, 0x13, 0x11, 0x21, 0x31, 0x13,
    0x13, 0x11, 0x11, 0x11, 0x11, 0x11, 0x11, 0x11, 0x11, 0x11, 0x11, 0x11, 0x11, 0x11, 0x11, 0x11,
    0x11, 0x11, 0x11, 0x11, 0x11, 0x11, 0x11, 0x11, 0x11, 0x31, 0x23, 0x13, 0x13, 0x12, 0x31, 0x31,
    0x31, 0x31, 0x31, 0x31, 0x23, 0x13, 0x12, 0x13, 0x11, 0x11, 0x11, 0x11, 0x11, 0x11, 0x11, 0x11,
    0x11, 0x11, 0x11, 0x11, 0x11, 0x11, 0x11, 0x11, 0x11, 0x11, 0x11, 0x11, 0x11, 0x31, 0x31, 0x31,
    0x32, 0x13, 0x12, 0x12, 0x12, 0x31, 0x13, 0x12, 0x13, 0x12, 0x13, 0x12, 0x11, 0x31, 0x21, 0x11,
    0x12, 0x11, 0x11, 0x11, 0x11, 0x11, 0x11, 0x11, 0x11, 0x11, 0x11, 0x11, 0x11, 0x11, 0x11, 0x11,
    0x11, 0x11, 0x11, 0x11, 0x31, 0x23, 0x23, 0x21, 0x23, 0x12, 0x31, 0x31, 0x31, 0x13, 0x21, 0x31,
    0x31, 0x23, 0x12, 0x13, 0x13, 0x11, 0x13, 0x11, 0x11, 0x31, 0x13, 0x11, 0x11, 0x11, 0x11, 0x11,
    0x11, 0x11, 0x11, 0x11, 0x11, 0x11, 0x11, 0x11, 0x11, 0x11, 0x11, 0x31, 0x23, 0x12, 0x11, 0x31,
    0x31, 0x31, 0x23, 0x12, 0x31, 0x21, 0x31, 0x21, 0x23, 0x11, 0x31, 0x31, 0x21, 0x21, 0x11, 0x13,
    0x11, 0x11, 0x11, 0x13, 0x11, 0x11, 0x11, 0x11, 0x11, 0x11, 0x11, 0x11, 0x11, 0x11, 0x11, 0x11,
    0x11, 0x11, 0x12, 0x13, 0x12, 0x31, 0x32, 0x13, 0x21, 0x23, 0x12, 0x31, 0x23, 0x13, 0x13, 0x13,
    0x11, 0x32, 0x13, 0x12, 0x11, 0x13, 0x11, 0x11, 0x12, 0x13, 0x11, 0x11, 0x13, 0x11, 0x11, 0x11,
    0x11, 0x11, 0x11, 0x11, 0x11, 0x11, 0x11, 0x11, 0x11, 0x11, 0x31, 0x32, 0x31, 0x32, 0x13, 0x21,
    0x31, 0x31, 0x31, 0x13, 0x13, 0x12, 0x12, 0x31, 0x32, 0x13, 0x12, 0x13, 0x13, 0x11, 0x13, 0x12,
    0x11, 0x11, 0x12, 0x11, 0x21, 0x13, 0x11, 0x11, 0x11, 0x11, 0x11, 0x11, 0x11, 0x11, 0x11, 0x11,
    0x11, 0x13, 0x23, 0x12, 0x13, 0x13, 0x21, 0x31, 0x23, 0x12, 0x13, 0x21, 0x21, 0x31, 0x31, 0x21,
    0x21, 0x31, 0x23, 0x11, 0x11, 0x13, 0x11, 0x11, 0x13, 0x11, 0x11, 0x31, 0x11, 0x11, 0x13, 0x11,
    0x11, 0x11, 0x11, 0x11, 0x11, 0x11, 0x11, 0x11, 0x11, 0x21, 0x31, 0x23, 0x21, 0x21, 0x31, 0x23,
    0x12, 0x31, 0x31, 0x31, 0x31, 0x23, 0x13, 0x13, 0x13, 0x12, 0x11, 0x13, 0x11, 0x11, 0x21, 0x13,
    0x11, 0x13, 0x11, 0x11, 0x13, 0x11, 0x11, 0x11, 0x11, 0x11, 0x11, 0x11, 0x11, 0x11, 0x11, 0x11,
    0x11, 0x32, 0x13, 0x13, 0x13, 0x32, 0x13, 0x12, 0x31, 0x23, 0x21, 0x23, 0x13, 0x12, 0x12, 0x31,
    0x21, 0x31, 0x31, 0x11, 0x21, 0x31, 0x11, 0x11, 0x12, 0x11, 0x12, 0x13, 0x11, 0x12, 0x11, 0x21,
    0x11, 0x11, 0x11, 0x11, 0x11, 0x11, 0x11, 0x11, 0x13, 0x13, 0x23, 0x21, 0x21, 0x31, 0x32, 0x31,
    0x31, 0x31, 0x31, 0x31, 0x21, 0x31, 0x31, 0x23, 0x13, 0x21, 0x11, 0x21, 0x11, 0x11, 0x31, 0x31,
    0x11, 0x13, 0x11, 0x11, 0x12, 0x11, 0x13, 0x11, 0x31, 0x11, 0x11, 0x11, 0x11, 0x11, 0x11, 0x11,
    0x12, 0x31, 0x21, 0x33, 0x32, 0x12, 0x13, 0x12, 0x12, 0x13, 0x21, 0x23, 0x13, 0x21, 0x31, 0x31,
    0x21, 0x31, 0x31, 0x13, 0x11, 0x31, 0x11, 0x12, 0x13, 0x11, 0x13, 0x11, 0x11, 0x13, 0x11, 0x11,
    0x11, 0x11, 0x11, 0x11, 0x11, 0x11, 0x11, 0x11, 0x13, 0x21, 0x32, 0x12, 0x13, 0x31, 0x32, 0x31,
    0x33, 0x21, 0x31, 0x31, 0x21, 0x32, 0x13, 0x21, 0x31, 0x21, 0x11, 0x11, 0x11, 0x12, 0x11, 0x11,
    0x11, 0x12, 0x11, 0x13, 0x13, 0x11, 0x11, 0x31, 0x13, 0x11, 0x11, 0x11, 0x11, 0x11, 0x11, 0x11,
    0x21, 0x32, 0x13, 0x31, 0x32, 0x12, 0x13, 0x12, 0x13, 0x13, 0x21, 0x23, 0x13, 0x13, 0x12, 0x13,
    0x13, 0x11, 0x31, 0x21, 0x31, 0x11, 0x31, 0x31, 0x13, 0x11, 0x13, 0x11, 0x11, 0x11, 0x31, 0x11,
    0x11, 0x11, 0x11, 0x11, 0x11, 0x11, 0x11, 0x11, 0x32, 0x13, 0x21, 0x23, 0x12, 0x33, 0x21, 0x33,
    0x21, 0x21, 0x31, 0x31, 0x23, 0x12, 0x13, 0x11, 0x21, 0x11, 0x11, 0x11, 0x12, 0x11, 0x11, 0x11,
    0x21, 0x13, 0x11, 0x12, 0x11, 0x21, 0x11, 0x21, 0x12, 0x11, 0x11, 0x11, 0x11, 0x11, 0x11, 0x11,
    0x31, 0x32, 0x33, 0x12, 0x31, 0x21, 0x32, 0x12, 0x13, 0x31, 0x23, 0x12, 0x12, 0x11, 0x11, 0x11,
    0x13, 0x13, 0x13, 0x13, 0x11, 0x31, 0x12, 0x11, 0x13, 0x11, 0x12, 0x11, 0x13, 0x11, 0x11, 0x13,
    0x11, 0x11, 0x11, 0x11, 0x11, 0x11, 0x11, 0x11, 0x23, 0x21, 0x21, 0x31, 0x23, 0x13, 0x13, 0x13,
    0x21, 0x23, 0x12, 0x31, 0x31, 0x31, 0x31, 0x31, 0x11, 0x11, 0x11, 0x11, 0x11, 0x11, 0x31, 0x13,
    0x11, 0x12, 0x11, 0x13, 0x11, 0x13, 0x13, 0x11, 0x13, 0x11, 0x11, 0x11, 0x11, 0x11, 0x11, 0x11,
    0x31, 0x32, 0x32, 0x32, 0x13, 0x23, 0x21, 0x31, 0x33, 0x12, 0x31, 0x31, 0x11, 0x11, 0x11, 0x12,
    0x13, 0x12, 0x12, 0x13, 0x12, 0x11, 0x11, 0x11, 0x13, 0x11, 0x13, 0x11, 0x11, 0x11, 0x11, 0x11,
    0x11, 0x13, 0x11, 0x11, 0x11, 0x11, 0x11, 0x11, 0x23, 0x13, 0x13, 0x13, 0x21, 0x31, 0x32, 0x32,
    0x12, 0x31, 0x21, 0x12, 0x13, 0x12, 0x12, 0x11, 0x11, 0x11, 0x31, 0x11, 0x11, 0x31, 0x21, 0x31,
    0x11, 0x13, 0x11, 0x12, 0x13, 0x12, 0x11, 0x21, 0x31, 0x11, 0x11, 0x11, 0x11, 0x11, 0x11, 0x11,
    0x32, 0x12, 0x32, 0x13, 0x13, 0x21, 0x21, 0x23, 0x13, 0x13, 0x13, 0x11, 0x11, 0x13, 0x11, 0x31,
    0x31, 0x31, 0x11, 0x31, 0x31, 0x11, 0x11, 0x12, 0x13, 0x11, 0x12, 0x11, 0x11, 0x11, 0x13, 0x11,
    0x11, 0x21, 0x11, 0x11, 0x11, 0x11, 0x11, 0x11, 0x13, 0x23, 0x13, 0x23, 0x21, 0x32, 0x33, 0x12,
    0x32, 0x12, 0x11, 0x31, 0x31, 0x11, 0x13, 0x11, 0x11, 0x12, 0x11, 0x11, 0x12, 0x13, 0x13, 0x11,
    0x11, 0x12, 0x11, 0x31, 0x13, 0x11, 0x11, 0x11, 0x31, 0x11, 0x31, 0x11, 0x11, 0x11, 0x11, 0x11,
    0x13, 0x12, 0x31, 0x21, 0x32, 0x13, 0x12, 0x31, 0x13, 0x21, 0x31, 0x11, 0x12, 0x13, 0x11, 0x21,
    0x31, 0x11, 0x31, 0x21, 0x11, 0x11, 0x11, 0x13, 0x12, 0x11, 0x31, 0x11, 0x11, 0x13, 0x11, 0x31,
    0x11, 0x31, 0x11, 0x31, 0x11, 0x11, 0x11, 0x11, 0x12, 0x31, 0x23, 0x13, 0x23, 0x21, 0x31, 0x23,
    0x21, 0x31, 0x12, 0x13, 0x11, 0x11, 0x21, 0x11, 0x12, 0x11, 0x11, 0x13, 0x13, 0x11, 0x21, 0x11,
    0x11, 0x31, 0x11, 0x31, 0x21, 0x11, 0x21, 0x11, 0x21, 0x11, 0x21, 0x11, 0x31, 0x11, 0x11, 0x11,
    0x11, 0x23, 0x12, 0x32, 0x13, 0x13, 0x23, 0x13, 0x13, 0x12, 0x13, 0x11, 0x21, 0x31, 0x13, 0x13,
    0x11, 0x31, 0x31, 0x11, 0x11, 0x21, 0x13, 0x12, 0x11, 0x11, 0x31, 0x11, 0x13, 0x11, 0x11, 0x31,
    0x11, 0x31, 0x11, 0x11, 0x11, 0x31, 0x11, 0x11, 0x11, 0x32, 0x31, 0x31, 0x23, 0x21, 0x32, 0x12,
    0x32, 0x11, 0x11, 0x31, 0x13, 0x11, 0x31, 0x11, 0x21, 0x11, 0x12, 0x13, 0x11, 0x13, 0x11, 0x11,
    0x31, 0x11, 0x12, 0x13, 0x11, 0x13, 0x11, 0x11, 0x31, 0x11, 0x31, 0x31, 0x21, 0x11, 0x11, 0x11,
    0x11, 0x13, 0x23, 0x23, 0x13, 0x12, 0x31, 0x31, 0x31, 0x31, 0x31, 0x12, 0x11, 0x21, 0x12, 0x13,
    0x11, 0x31, 0x13, 0x11, 0x21, 0x11, 0x13, 0x11, 0x11, 0x31, 0x11, 0x11, 0x12, 0x11, 0x12, 0x11,
    0x11, 0x21, 0x11, 0x11, 0x11, 0x13, 0x11, 0x11, 0x11, 0x11, 0x13, 0x12, 0x32, 0x31, 0x23, 0x23,
    0x21, 0x12, 0x11, 0x31, 0x31, 0x13, 0x11, 0x11, 0x31, 0x12, 0x11, 0x11, 0x31, 0x31, 0x11, 0x21,
    0x31, 0x12, 0x13, 0x11, 0x31, 0x13, 0x11, 0x31, 0x11, 0x11, 0x31, 0x12, 0x13, 0x11, 0x11, 0x11,
    0x11, 0x11, 0x12, 0x31, 0x21, 0x32, 0x31, 0x31, 0x32, 0x11, 0x31, 0x11, 0x13, 0x11, 0x13, 0x11,
    0x12, 0x11, 0x31, 0x31, 0x11, 0x12, 0x11, 0x11, 0x12, 0x11, 0x11, 0x11, 0x11, 0x11, 0x11, 0x11,
    0x31, 0x31, 0x11, 0x11, 0x11, 0x12, 0x13, 0x11, 0x11, 0x11, 0x11, 0x23, 0x32, 0x13, 0x21, 0x23,
    0x21, 0x31, 0x12, 0x13, 0x11, 0x21, 0x31, 0x21, 0x31, 0x31, 0x11, 0x12, 0x13, 0x11, 0x31, 0x31,
    0x11, 0x31, 0x31, 0x21, 0x31, 0x21, 0x31, 0x21, 0x11, 0x11, 0x21, 0x31, 0x13, 0x11, 0x11, 0x11,
    0x11, 0x11, 0x11, 0x11, 0x13, 0x21, 0x33, 0x12, 0x31, 0x12, 0x13, 0x11, 0x21, 0x11, 0x11, 0x31,
    0x11, 0x11, 0x21, 0x13, 0x11, 0x11, 0x11, 0x12, 0x11, 0x11, 0x11, 0x11, 0x11, 0x11, 0x11, 0x11,
    0x31, 0x21, 0x11, 0x11, 0x11, 0x11, 0x31, 0x13, 0x11, 0x11, 0x11, 0x11, 0x11, 0x32, 0x12, 0x31,
    0x23, 0x11, 0x11, 0x31, 0x13, 0x13, 0x12, 0x11, 0x31, 0x21, 0x31, 0x11, 0x13, 0x12, 0x13, 0x11,
    0x31, 0x31, 0x21, 0x31, 0x13, 0x13, 0x11, 0x31, 0x11, 0x11, 0x31, 0x13, 0x12, 0x11, 0x11, 0x11,
    0x11, 0x11, 0x11, 0x11, 0x11, 0x11, 0x11, 0x13, 0x11, 0x31, 0x31, 0x12, 0x11, 0x12, 0x11, 0x31,
    0x11, 0x31, 0x11, 0x31, 0x21, 0x13, 0x11, 0x11, 0x11, 0x11, 0x11, 0x11, 0x21, 0x11, 0x21, 0x11,
    0x21, 0x31, 0x11, 0x11, 0x11, 0x13, 0x12, 0x11, 0x11, 0x11, 0x11, 0x11, 0x11, 0x11, 0x11, 0x11,
    0x11, 0x11, 0x21, 0x31, 0x31, 0x31, 0x31, 0x12, 0x11, 0x11, 0x31, 0x11, 0x13, 0x11, 0x13, 0x12,
    0x13, 0x12, 0x13, 0x11, 0x13, 0x11, 0x11, 0x31, 0x11, 0x11, 0x21, 0x31, 0x13, 0x11, 0x11, 0x13,
    0x11, 0x11, 0x11, 0x11, 0x11, 0x11, 0x11, 0x11, 0x11, 0x31, 0x11, 0x11, 0x11, 0x11, 0x12, 0x11,
    0x31, 0x31, 0x12, 0x13, 0x11, 0x13, 0x11, 0x13, 0x11, 0x11, 0x11, 0x21, 0x11, 0x13, 0x11, 0x11,
    0x31, 0x13, 0x11, 0x11, 0x21, 0x11, 0x31, 0x11, 0x11, 0x11, 0x11, 0x11, 0x11, 0x11, 0x11, 0x11,
    0x11, 0x11, 0x31, 0x31, 0x23, 0x12, 0x13, 0x11, 0x12, 0x12, 0x11, 0x11, 0x21, 0x12, 0x12, 0x11,
    0x13, 0x13, 0x11, 0x31, 0x31, 0x11, 0x21, 0x31, 0x11, 0x11, 0x13, 0x11, 0x11, 0x31, 0x11, 0x13,
    0x11, 0x11, 0x11, 0x11, 0x11, 0x11, 0x11, 0x11, 0x11, 0x11, 0x21, 0x13, 0x11, 0x13, 0x11, 0x31,
    0x31, 0x11, 0x31, 0x31, 0x13, 0x11, 0x11, 0x31, 0x11, 0x11, 0x21, 0x11, 0x12, 0x11, 0x11, 0x11,
    0x21, 0x31, 0x11, 0x21, 0x31, 0x11, 0x21, 0x11, 0x11, 0x11, 0x11, 0x11, 0x11, 0x11, 0x11, 0x11,
    0x11, 0x11, 0x31, 0x11, 0x21, 0x31, 0x12, 0x11, 0x13, 0x11, 0x11, 0x13, 0x11, 0x13, 0x11, 0x12,
    0x13, 0x11, 0x13, 0x11, 0x11, 0x31, 0x31, 0x21, 0x11, 0x12, 0x11, 0x11, 0x11, 0x21, 0x11, 0x31,
    0x11, 0x11, 0x11, 0x11, 0x11, 0x11, 0x11, 0x11, 0x11, 0x11, 0x13, 0x13, 0x11, 0x13, 0x11, 0x31,
    0x11, 0x23, 0x12, 0x11, 0x21, 0x31, 0x21, 0x31, 0x11, 0x21, 0x11, 0x21, 0x31, 0x11, 0x11, 0x13,
    0x13, 0x11, 0x13, 0x11, 0x31, 0x11, 0x31, 0x11, 0x11, 0x11, 0x11, 0x11, 0x11, 0x11, 0x11, 0x11,
    0x11, 0x11, 0x11, 0x11, 0x31, 0x21, 0x31, 0x12, 0x13, 0x11, 0x13, 0x11, 0x31, 0x11, 0x31, 0x11,
    0x31, 0x13, 0x11, 0x31, 0x11, 0x21, 0x31, 0x11, 0x11, 0x13, 0x11, 0x11, 0x11, 0x31, 0x11, 0x11,
    0x11, 0x11, 0x11, 0x11, 0x11, 0x11, 0x11, 0x11, 0x11, 0x11, 0x11, 0x31, 0x21, 0x11, 0x12, 0x13,
    0x11, 0x13, 0x11, 0x31, 0x11, 0x31, 0x11, 0x31, 0x12, 0x11, 0x13, 0x11, 0x31, 0x11, 0x11, 0x31,
    0x21, 0x11, 0x12, 0x13, 0x11, 0x11, 0x11, 0x11, 0x11, 0x11, 0x11, 0x11, 0x11, 0x11, 0x11, 0x11,
    0x11, 0x11, 0x11, 0x11, 0x13, 0x13, 0x11, 0x31, 0x13, 0x11, 0x21, 0x12, 0x12, 0x11, 0x31, 0x12,
    0x11, 0x31, 0x11, 0x21, 0x11, 0x31, 0x21, 0x11, 0x13, 0x12, 0x11, 0x11, 0x21, 0x13, 0x11, 0x11,
    0x11, 0x11, 0x11, 0x11, 0x11, 0x11, 0x11, 0x11, 0x11, 0x11, 0x11, 0x11, 0x11, 0x11, 0x31, 0x12,
    0x11, 0x21, 0x13, 0x11, 0x31, 0x31, 0x12, 0x11, 0x31, 0x12, 0x13, 0x11, 0x31, 0x11, 0x13, 0x13,
    0x11, 0x11, 0x31, 0x31, 0x11, 0x11, 0x11, 0x11, 0x11, 0x11, 0x11, 0x11, 0x11, 0x11, 0x11, 0x11,
    0x11, 0x11, 0x11, 0x11, 0x11, 0x31, 0x12, 0x11, 0x31, 0x13, 0x11, 0x31, 0x11, 0x12, 0x11, 0x31,
    0x11, 0x13, 0x11, 0x11, 0x12, 0x13, 0x11, 0x11, 0x12, 0x11, 0x11, 0x11, 0x31, 0x11, 0x11, 0x11,
    0x11, 0x11, 0x11, 0x11, 0x11, 0x11, 0x11, 0x11, 0x11, 0x11, 0x11, 0x11, 0x11, 0x11, 0x11, 0x31,
    0x13, 0x11, 0x21, 0x12, 0x13, 0x11, 0x31, 0x11, 0x31, 0x11, 0x13, 0x13, 0x11, 0x11, 0x12, 0x13,
    0x11, 0x31, 0x13, 0x11, 0x11, 0x11, 0x11, 0x11, 0x11, 0x11, 0x11, 0x11, 0x11, 0x11, 0x11, 0x11,
    0x11, 0x11, 0x11, 0x11, 0x11, 0x11, 0x11, 0x11, 0x11, 0x11, 0x11, 0x11, 0x11, 0x11, 0x11, 0x11,
    0x11, 0x11, 0x11, 0x11, 0x11, 0x11, 0x11, 0x11, 0x11, 0x11, 0x11, 0x11, 0x11, 0x11, 0x11, 0x11,
    0x11, 0x11, 0x11, 0x11, 0x11, 0x11, 0x11, 0x11, 0x11, 0x11, 0x11, 0x11, 0x11, 0x11, 0x11, 0x11,
    0x11, 0x11, 0x11, 0x11, 0x11, 0x11, 0x11, 0x11, 0x11, 0x11, 0x11, 0x11, 0x11, 0x11, 0x11, 0x11,
    0x11, 0x11, 0x11, 0x11, 0x11, 0x11, 0x11, 0x11, 0x11, 0x11, 0x11, 0x11, 0x11, 0x11, 0x11, 0x11,
    0x11, 0x11, 0x11, 0x11, 0x11, 0x11, 0x11, 0x11, 0x11, 0x11, 0x11, 0x11, 0x11, 0x11, 0x11, 0x11,
    0x11, 0x11, 0x11, 0x11, 0x11, 0x11, 0x11, 0x11, 0x11, 0x11, 0x11, 0x11, 0x11, 0x11, 0x11, 0x11,
    0x11, 0x11, 0x11, 0x11, 0x11, 0x11, 0x11, 0x11, 0x11, 0x13, 0x11, 0x13, 0x11, 0x11, 0x11, 0x11,
    0x11, 0x11, 0x11, 0x11, 0x13, 0x11, 0x13, 0x11, 0x11, 0x11, 0x11, 0x11, 0x11, 0x11, 0x11, 0x31,
    0x11, 0x31, 0x11, 0x11, 0x11, 0x11, 0x11, 0x11, 0x11, 0x11, 0x11, 0x11, 0x11, 0x11, 0x11, 0x11,
    0x11, 0x11, 0x13, 0x11, 0x11, 0x11, 0x11, 0x11, 0x11, 0x11, 0x11, 0x11, 0x11, 0x13, 0x11, 0x11,
    0x11, 0x11, 0x11, 0x11, 0x11, 0x11, 0x11, 0x11, 0x31, 0x11, 0x11, 0x11, 0x11, 0x11, 0x11, 0x11,
    0x11, 0x11, 0x11, 0x11, 0x11, 0x11, 0x11, 0x11, 0x11, 0x11, 0x11, 0x13, 0x11, 0x11, 0x11, 0x11,
    0x11, 0x11, 0x11, 0x11, 0x13, 0x11, 0x11, 0x11, 0x11, 0x11, 0x11, 0x11, 0x11, 0x11, 0x11, 0x11,
    0x11, 0x31, 0x11, 0x11, 0x11, 0x11, 0x11, 0x11, 0x11, 0x11, 0x11, 0x11, 0x11, 0x11, 0x11, 0x11,
    0x11, 0x13, 0x13, 0x11, 0x11, 0x11, 0x11, 0x11, 0x11, 0x11, 0x11, 0x11, 0x11, 0x13, 0x11, 0x11,
    0x11, 0x11, 0x11, 0x11, 0x11, 0x11, 0x11, 0x31, 0x31, 0x11, 0x11, 0x11, 0x11, 0x11, 0x11, 0x11,
    0x11, 0x11, 0x11, 0x11, 0x11, 0x11, 0x11, 0x11, 0x13, 0x11, 0x11, 0x13, 0x13, 0x11, 0x11, 0x11,
    0x11, 0x11, 0x11, 0x13, 0x13, 0x11, 0x13, 0x11, 0x11, 0x11, 0x11, 0x11, 0x11, 0x11, 0x31, 0x11,
    0x11, 0x31, 0x31, 0x11, 0x11, 0x11, 0x11, 0x11, 0x11, 0x11, 0x11, 0x11, 0x11, 0x11, 0x11, 0x11,
    0x11, 0x11, 0x31, 0x11, 0x11, 0x11, 0x11, 0x11, 0x11, 0x11, 0x11, 0x11, 0x11, 0x13, 0x11, 0x11,
    0x11, 0x11, 0x11, 0x11, 0x11, 0x11, 0x11, 0x13, 0x11, 0x11, 0x11, 0x11, 0x11, 0x11, 0x11, 0x11,
    0x11, 0x11, 0x11, 0x11, 0x11, 0x11, 0x11, 0x11, 0x11, 0x11, 0x11, 0x13, 0x11, 0x11, 0x11, 0x11,
    0x11, 0x11, 0x11, 0x11, 0x13, 0x11, 0x11, 0x11, 0x11, 0x11, 0x11, 0x11, 0x11, 0x11, 0x11, 0x11,
    0x11, 0x31, 0x11, 0x11, 0x11, 0x11, 0x11, 0x11, 0x11, 0x11, 0x11, 0x11, 0x11, 0x11, 0x11, 0x11,
    0x11, 0x13, 0x11, 0x11, 0x11, 0x11, 0x11, 0x11, 0x11, 0x11, 0x11, 0x11, 0x11, 0x11, 0x13, 0x11,
    0x11, 0x11, 0x11, 0x11, 0x11, 0x11, 0x11, 0x31, 0x11, 0x11, 0x11, 0x11, 0x11, 0x11, 0x11, 0x11,
    0x11, 0x11, 0x11, 0x11, 0x11, 0x11, 0x11, 0x11, 0x11, 0x11, 0x11, 0x11, 0x11, 0x11, 0x11, 0x11,
    0x11, 0x11, 0x11, 0x11, 0x11, 0x11, 0x11, 0x11, 0x11, 0x11, 0x11, 0x11, 0x11, 0x11, 0x11, 0x11,
    0x11, 0x11, 0x11, 0x11, 0x11, 0x11, 0x11, 0x11, 0x11, 0x11, 0x11, 0x11, 0x11, 0x11, 0x11, 0x11,
    0x11, 0x11, 0x11, 0x11, 0x11, 0x11, 0x11, 0x11, 0x11, 0x11, 0x11, 0x11, 0x11, 0x11, 0x11, 0x11,
    0x11, 0x11, 0x11, 0x11, 0x11, 0x11, 0x11, 0x11, 0x11, 0x11, 0x11, 0x11, 0x11, 0x11, 0x11, 0x11,
    0x11, 0x11, 0x11, 0x11, 0x11, 0x11, 0x11, 0x11, 0x11, 0x11, 0x11, 0x11, 0x11, 0x11, 0x11, 0x11,
    0x11, 0x11, 0x11, 0x11, 0x11, 0x11, 0x11, 0x11, 0x11, 0x11, 0x11, 0x11, 0x11, 0x11, 0x11, 0x11,
    0x11, 0x11, 0x11, 0x11, 0x11, 0x11, 0x11, 0x11, 0x11, 0x11, 0x11, 0x11, 0x11, 0x11, 0x11, 0x11,
    0x11, 0x11, 0x11, 0x11, 0x11, 0x11, 0x11, 0x11, 0x11, 0x11, 0x11, 0x11, 0x11, 0x11, 0x11, 0x11,
    0x11, 0x11, 0x11, 0x11, 0x11, 0x11, 0x11, 0x11, 0x11, 0x11, 0x11, 0x11, 0x11, 0x11, 0x11, 0x11,
    0x11, 0x11, 0x11, 0x11, 0x11, 0x11, 0x11, 0x11, 0x11, 0x11, 0x11, 0x11, 0x11, 0x11, 0x11, 0x11,
    0x11, 0x11, 0x11, 0x11, 0x11, 0x11, 0x11, 0x11, 0x11, 0x11, 0x11, 0x11, 0x11, 0x11, 0x11, 0x11,
    0x11, 0x11, 0x11, 0x11, 0x11, 0x11, 0x11, 0x11, 0x11, 0x11, 0x11, 0x11, 0x11, 0x11, 0x11, 0x11,
    0x11, 0x11, 0x11, 0x11, 0x11, 0x11, 0x13, 0x11, 0x13, 0x11, 0x11, 0x11, 0x11, 0x11, 0x11, 0x11,
    0x11, 0x11, 0x11, 0x11, 0x31, 0x11, 0x11, 0x11, 0x11, 0x11, 0x11, 0x11, 0x11, 0x11, 0x11, 0x11,
    0x11, 0x11, 0x11, 0x11, 0x11, 0x11, 0x11, 0x11, 0x11, 0x11, 0x11, 0x11, 0x11, 0x11, 0x11, 0x13,
    0x11, 0x11, 0x11, 0x11, 0x11, 0x11, 0x11, 0x11, 0x11, 0x11, 0x13, 0x11, 0x11, 0x11, 0x11, 0x11,
    0x11, 0x11, 0x11, 0x11, 0x11, 0x11, 0x11, 0x11, 0x11, 0x11, 0x11, 0x11, 0x11, 0x11, 0x11, 0x11,
    0x11, 0x11, 0x11, 0x11, 0x11, 0x11, 0x13, 0x11, 0x11, 0x11, 0x11, 0x11, 0x11, 0x11, 0x11, 0x11,
    0x11, 0x13, 0x11, 0x13, 0x11, 0x11, 0x11, 0x11, 0x11, 0x11, 0x11, 0x11, 0x11, 0x11, 0x11, 0x11,
    0x11, 0x11, 0x11, 0x11, 0x11, 0x11, 0x11, 0x11, 0x11, 0x11, 0x11, 0x11, 0x11, 0x13, 0x11, 0x13,
    0x13, 0x11, 0x11, 0x11, 0x11, 0x11, 0x11, 0x11, 0x11, 0x11, 0x13, 0x11, 0x13, 0x13, 0x11, 0x11,
    0x11, 0x11, 0x11, 0x11, 0x11, 0x11, 0x11, 0x11, 0x11, 0x11, 0x11, 0x11, 0x11, 0x11, 0x11, 0x11,
    0x11, 0x11, 0x11, 0x11, 0x11, 0x11, 0x11, 0x11, 0x11, 0x11, 0x11, 0x11, 0x11, 0x11, 0x11, 0x11,
    0x11, 0x11, 0x11, 0x13, 0x11, 0x11, 0x11, 0x11, 0x11, 0x11, 0x11, 0x11, 0x11, 0x11, 0x11, 0x11,
    0x11, 0x11, 0x11, 0x11, 0x11, 0x11, 0x11, 0x11, 0x11, 0x11, 0x11, 0x11, 0x11, 0x11, 0x11, 0x31,
    0x11, 0x11, 0x11, 0x11, 0x11, 0x11, 0x11, 0x11, 0x11, 0x11, 0x13, 0x11, 0x11, 0x11, 0x11, 0x11,
    0x11, 0x11, 0x11, 0x11, 0x11, 0x11, 0x11, 0x11, 0x11, 0x11, 0x11, 0x11, 0x11, 0x11, 0x11, 0x11,
    0x11, 0x11, 0x11, 0x11, 0x11, 0x11, 0x11, 0x11, 0x11, 0x11, 0x11, 0x11, 0x11, 0x11, 0x11, 0x11,
    0x11, 0x11, 0x11, 0x11, 0x31, 0x11, 0x11, 0x11, 0x11, 0x11, 0x11, 0x11, 0x11, 0x11, 0x11, 0x11,
    0x11, 0x11, 0x11, 0x11, 0x11, 0x11, 0x11, 0x11, 0x11, 0x11, 0x11, 0x11, 0x11, 0x11, 0x13, 0x11,
    0x13, 0x11, 0x11, 0x11, 0x11, 0x11, 0x11, 0x11, 0x11, 0x11, 0x31, 0x11, 0x11, 0x11, 0x11, 0x11,
    0x11, 0x11, 0x11, 0x11, 0x11, 0x11, 0x11, 0x11, 0x11, 0x11, 0x11, 0x11, 0x11, 0x11, 0x11, 0x11,
    0x11, 0x11, 0x11, 0x11, 0x11, 0x11, 0x11, 0x11, 0x11, 0x11, 0x11, 0x11, 0x11, 0x11, 0x11, 0x11,
    0x11, 0x11, 0x11, 0x11, 0x11, 0x11, 0x11, 0x11, 0x11, 0x11, 0x11, 0x11, 0x11, 0x11, 0x11, 0x11,
};

// Auto-generated icon: wx_48d (80x80)
// Each byte holds 2 pixels (high nibble first)
#define ICON_WX_48D_W 80
#define ICON_WX_48D_H 80
static const uint8_t PROGMEM icon_wx_48d[] = {
    0x11, 0x11, 0x11, 0x11, 0x11, 0x11, 0x11, 0x11, 0x11, 0x11, 0x11, 0x11, 0x11, 0x11, 0x11, 0x11,
    0x11, 0x11, 0x11, 0x11, 0x11, 0x11, 0x11, 0x11, 0x11, 0x11, 0x11, 0x11, 0x11, 0x11, 0x11, 0x11,
    0x11, 0x11, 0x11, 0x11, 0x11, 0x11, 0x11, 0x11, 0x11, 0x11, 0x11, 0x11, 0x11, 0x11, 0x11, 0x11,
    0x11, 0x11, 0x11, 0x11, 0x11, 0x11, 0x11, 0x11, 0x11, 0x11, 0x11, 0x11, 0x11, 0x11, 0x11, 0x11,
    0x11, 0x11, 0x11, 0x11, 0x11, 0x11, 0x11, 0x11, 0x11, 0x11, 0x11, 0x11, 0x11, 0x11, 0x11, 0x11,
    0x11, 0x11, 0x11, 0x11, 0x11, 0x11, 0x11, 0x11, 0x11, 0x11, 0x11, 0x11, 0x11, 0x11, 0x11, 0x11,
    0x11, 0x11, 0x11, 0x11, 0x11, 0x11, 0x11, 0x11, 0x11, 0x11, 0x11, 0x11, 0x11, 0x11, 0x11, 0x11,
    0x11, 0x11, 0x11, 0x11, 0x11, 0x11, 0x11, 0x11, 0x11, 0x11, 0x11, 0x11, 0x11, 0x11, 0x11, 0x11,
    0x11, 0x11, 0x11, 0x11, 0x11, 0x11, 0x11, 0x11, 0x11, 0x11, 0x11, 0x11, 0x11, 0x11, 0x11, 0x11,
    0x11, 0x11, 0x11, 0x11, 0x11, 0x11, 0x11, 0x11, 0x11, 0x11, 0x11, 0x11, 0x11, 0x11, 0x11, 0x11,
    0x11, 0x11, 0x11, 0x11, 0x11, 0x11, 0x11, 0x11, 0x11, 0x11, 0x11, 0x11, 0x11, 0x11, 0x11, 0x11,
    0x11, 0x11, 0x11, 0x11, 0x11, 0x11, 0x11, 0x11, 0x11, 0x11, 0x11, 0x11, 0x11, 0x11, 0x11, 0x11,
    0x11, 0x11, 0x11, 0x11, 0x11, 0x11, 0x11, 0x11, 0x11, 0x11, 0x11, 0x11, 0x11, 0x11, 0x11, 0x11,
    0x11, 0x11, 0x11, 0x11, 0x11, 0x11, 0x11, 0x11, 0x11, 0x11, 0x11, 0x11, 0x11, 0x11, 0x11, 0x11,
    0x11, 0x11, 0x11, 0x11, 0x11, 0x11, 0x11, 0x11, 0x11, 0x11, 0x11, 0x11, 0x11, 0x11, 0x11, 0x11,
    0x11, 0x11, 0x11, 0x11, 0x11, 0x11, 0x11, 0x11, 0x11, 0x11, 0x11, 0x11, 0x11, 0x11, 0x11, 0x11,
    0x11, 0x11, 0x11, 0x11, 0x11, 0x11, 0x11, 0x11, 0x11, 0x11, 0x11, 0x11, 0x11, 0x11, 0x11, 0x11,
    0x11, 0x11, 0x11, 0x11, 0x11, 0x11, 0x11, 0x11, 0x11, 0x11, 0x11, 0x11, 0x11, 0x11, 0x11, 0x11,
    0x11, 0x11, 0x11, 0x11, 0x11, 0x11, 0x11, 0x11, 0x11, 0x11, 0x11, 0x31, 0x13, 0x11, 0x31, 0x13,
    0x11, 0x11, 0x11, 0x11, 0x11, 0x11, 0x11, 0x11, 0x11, 0x11, 0x11, 0x11, 0x11, 0x11, 0x11, 0x11,
    0x11, 0x11, 0x11, 0x11, 0x11, 0x11, 0x11, 0x11, 0x11, 0x11, 0x11, 0x11, 0x11, 0x11, 0x11, 0x11,
    0x11, 0x13, 0x11, 0x11, 0x11, 0x11, 0x11, 0x11, 0x11, 0x31, 0x11, 0x11, 0x11, 0x11, 0x11, 0x11,
    0x11, 0x11, 0x11, 0x11, 0x11, 0x11, 0x11, 0x11, 0x11, 0x11, 0x11, 0x11, 0x11, 0x11, 0x11, 0x11,
    0x11, 0x11, 0x11, 0x11, 0x11, 0x11, 0x11, 0x11, 0x13, 0x11, 0x13, 0x12, 0x13, 0x12, 0x13, 0x12,
    0x11, 0x11, 0x11, 0x11, 0x11, 0x11, 0x11, 0x11, 0x11, 0x11, 0x11, 0x11, 0x11, 0x11, 0x11, 0x11,
    0x11, 0x11, 0x11, 0x11, 0x11, 0x11, 0x11, 0x11, 0x11, 0x11, 0x11, 0x11, 0x11, 0x11, 0x11, 0x13,
    0x11, 0x12, 0x11, 0x11, 0x11, 0x11, 0x11, 0x11, 0x13, 0x12, 0x13, 0x11, 0x11, 0x11, 0x11, 0x11,
    0x11, 0x11, 0x11, 0x11, 0x11, 0x11, 0x11, 0x11, 0x11, 0x11, 0x11, 0x11, 0x11, 0x11, 0x11, 0x11,
    0x11, 0x11, 0x11, 0x11, 0x11, 0x11, 0x11, 0x31, 0x12, 0x11, 0x13, 0x11, 0x31, 0x13, 0x11, 0x13,
    0x11, 0x11, 0x11, 0x11, 0x11, 0x11, 0x11, 0x11, 0x11, 0x11, 0x11, 0x11, 0x11, 0x11, 0x11, 0x11,
    0x11, 0x11, 0x11, 0x11, 0x11, 0x11, 0x11, 0x11, 0x11, 0x11, 0x11, 0x11, 0x11, 0x11, 0x31, 0x11,
    0x11, 0x31, 0x11, 0x11, 0x11, 0x11, 0x12, 0x11, 0x11, 0x31, 0x11, 0x31, 0x31, 0x11, 0x11, 0x11,
    0x11, 0x11, 0x11, 0x11, 0x11, 0x11, 0x11, 0x11, 0x11, 0x11, 0x11, 0x11, 0x11, 0x11, 0x11, 0x11,
    0x11, 0x11, 0x11, 0x11, 0x11, 0x11, 0x11, 0x21, 0x31, 0x11, 0x31, 0x21, 0x12, 0x11, 0x31, 0x11,
    0x31, 0x11, 0x31, 0x11, 0x11, 0x11, 0x11, 0x11, 0x11, 0x11, 0x11, 0x11, 0x11, 0x11, 0x11, 0x11,
    0x11, 0x11, 0x11, 0x11, 0x11, 0x11, 0x11, 0x11, 0x11, 0x11, 0x11, 0x11, 0x11, 0x13, 0x11, 0x11,
    0x11, 0x31, 0x11, 0x13, 0x11, 0x31, 0x11, 0x31, 0x11, 0x21, 0x11, 0x21, 0x12, 0x11, 0x11, 0x11,
    0x11, 0x11, 0x11, 0x11, 0x11, 0x11, 0x11, 0x11, 0x11, 0x11, 0x11, 0x11, 0x11, 0x11, 0x11, 0x11,
    0x11, 0x11, 0x11, 0x11, 0x13, 0x11, 0x21, 0x31, 0x11, 0x12, 0x11, 0x11, 0x11, 0x11, 0x11, 0x11,
    0x21, 0x11, 0x11, 0x11, 0x11, 0x31, 0x11, 0x11, 0x11, 0x11, 0x11, 0x11, 0x11, 0x11, 0x11, 0x11,
    0x11, 0x11, 0x11, 0x11, 0x11, 0x11, 0x11, 0x11, 0x11, 0x11, 0x11, 0x11, 0x11, 0x11, 0x11, 0x11,
    0x31, 0x11, 0x13, 0x11, 0x31, 0x13, 0x12, 0x11, 0x11, 0x31, 0x31, 0x13, 0x11, 0x11, 0x11, 0x11,
    0x11, 0x11, 0x11, 0x11, 0x11, 0x11, 0x11, 0x11, 0x11, 0x11, 0x11, 0x11, 0x11, 0x11, 0x11, 0x11,
    0x11, 0x11, 0x11, 0x11, 0x13, 0x13, 0x13, 0x11, 0x12, 0x13, 0x11, 0x12, 0x11, 0x11, 0x11, 0x13,
    0x11, 0x11, 0x11, 0x11, 0x11, 0x31, 0x31, 0x11, 0x11, 0x11, 0x11, 0x11, 0x11, 0x11, 0x11, 0x11,
    0x11, 0x11, 0x11, 0x11, 0x11, 0x11, 0x11, 0x11, 0x11, 0x11, 0x11, 0x11, 0x31, 0x11, 0x11, 0x21,
    0x11, 0x11, 0x12, 0x11, 0x13, 0x12, 0x13, 0x11, 0x11, 0x21, 0x13, 0x12, 0x11, 0x11, 0x11, 0x11,
    0x11, 0x11, 0x11, 0x11, 0x11, 0x11, 0x11, 0x11, 0x11, 0x11, 0x11, 0x11, 0x11, 0x11, 0x11, 0x11,
    0x11, 0x11, 0x11, 0x11, 0x12, 0x12, 0x11, 0x13, 0x13, 0x11, 0x31, 0x13, 0x11, 0x11, 0x11, 0x11,
    0x31, 0x11, 0x11, 0x11, 0x13, 0x11, 0x21, 0x11, 0x11, 0x11, 0x11, 0x11, 0x11, 0x11, 0x11, 0x11,
    0x11, 0x11, 0x11, 0x11, 0x11, 0x11, 0x11, 0x11, 0x11, 0x11, 0x11, 0x13, 0x11, 0x11, 0x31, 0x11,
    0x11, 0x11, 0x11, 0x11, 0x12, 0x13, 0x11, 0x31, 0x11, 0x31, 0x12, 0x11, 0x11, 0x11, 0x11, 0x13,
    0x11, 0x11, 0x11, 0x11, 0x11, 0x11, 0x11, 0x11, 0x11, 0x11, 0x11, 0x11, 0x11, 0x11, 0x11, 0x11,
    0x11, 0x11, 0x31, 0x11, 0x13, 0x11, 0x11, 0x31, 0x12, 0x13, 0x12, 0x13, 0x11, 0x11, 0x11, 0x12,
    0x11, 0x11, 0x11, 0x31, 0x12, 0x13, 0x13, 0x11, 0x11, 0x11, 0x11, 0x11, 0x11, 0x11, 0x11, 0x11,
    0x11, 0x11, 0x11, 0x11, 0x11, 0x11, 0x11, 0x13, 0x13, 0x11, 0x11, 0x31, 0x21, 0x13, 0x11, 0x12,
    0x11, 0x11, 0x11, 0x11, 0x13, 0x11, 0x31, 0x11, 0x13, 0x12, 0x11, 0x11, 0x11, 0x11, 0x11, 0x11,
    0x11, 0x11, 0x11, 0x11, 0x11, 0x11, 0x11, 0x11, 0x11, 0x11, 0x11, 0x11, 0x11, 0x11, 0x31, 0x31,
    0x11, 0x21, 0x31, 0x11, 0x13, 0x11, 0x21, 0x11, 0x31, 0x31, 0x31, 0x13, 0x11, 0x12, 0x11, 0x31,
    0x11, 0x11, 0x31, 0x13, 0x11, 0x31, 0x12, 0x11, 0x11, 0x11, 0x11, 0x11, 0x11, 0x11, 0x11, 0x11,
    0x11, 0x11, 0x11, 0x11, 0x11, 0x31, 0x11, 0x12, 0x11, 0x31, 0x12, 0x13, 0x11, 0x11, 0x13, 0x11,
    0x11, 0x11, 0x12, 0x11, 0x12, 0x11, 0x11, 0x11, 0x21, 0x11, 0x11, 0x11, 0x11, 0x11, 0x11, 0x31,
    0x11, 0x11, 0x11, 0x11, 0x11, 0x11, 0x11, 0x11, 0x11, 0x11, 0x11, 0x11, 0x13, 0x12, 0x13, 0x11,
    0x31, 0x11, 0x11, 0x11, 0x12, 0x13, 0x11, 0x13, 0x12, 0x11, 0x11, 0x13, 0x11, 0x13, 0x12, 0x11,
    0x13, 0x11, 0x31, 0x21, 0x31, 0x21, 0x31, 0x11, 0x11, 0x11, 0x11, 0x11, 0x11, 0x11, 0x11, 0x11,
    0x11, 0x11, 0x11, 0x13, 0x11, 0x11, 0x11, 0x21, 0x11, 0x31, 0x31, 0x31, 0x13, 0x11, 0x13, 0x11,
    0x11, 0x31, 0x31, 0x11, 0x13, 0x11, 0x11, 0x31, 0x11, 0x11, 0x11, 0x11, 0x11, 0x11, 0x11, 0x11,
    0x31, 0x11, 0x11, 0x11, 0x11, 0x11, 0x11, 0x11, 0x11, 0x11, 0x11, 0x11, 0x21, 0x31, 0x31, 0x13,
    0x11, 0x11, 0x11, 0x12, 0x11, 0x13, 0x11, 0x21, 0x31, 0x11, 0x11, 0x21, 0x11, 0x12, 0x11, 0x11,
    0x31, 0x21, 0x13, 0x11, 0x13, 0x11, 0x13, 0x11, 0x11, 0x11, 0x11, 0x11, 0x11, 0x11, 0x11, 0x11,
    0x11, 0x11, 0x13, 0x13, 0x11, 0x11, 0x12, 0x11, 0x12, 0x13, 0x12, 0x11, 0x31, 0x11, 0x21, 0x11,
    0x11, 0x21, 0x31, 0x13, 0x12, 0x11, 0x31, 0x11, 0x11, 0x13, 0x11, 0x13, 0x11, 0x13, 0x11, 0x12,
    0x11, 0x11, 0x11, 0x11, 0x11, 0x11, 0x11, 0x11, 0x11, 0x11, 0x11, 0x21, 0x13, 0x12, 0x11, 0x31,
    0x31, 0x11, 0x11, 0x31, 0x11, 0x21, 0x13, 0x11, 0x31, 0x11, 0x11, 0x11, 0x11, 0x31, 0x11, 0x31,
    0x21, 0x11, 0x12, 0x11, 0x12, 0x11, 0x12, 0x11, 0x13, 0x11, 0x11, 0x11, 0x11, 0x11, 0x11, 0x11,
    0x11, 0x11, 0x31, 0x13, 0x11, 0x13, 0x11, 0x11, 0x11, 0x31, 0x21, 0x11, 0x31, 0x13, 0x11, 0x12,
    0x11, 0x31, 0x21, 0x31, 0x31, 0x11, 0x31, 0x11, 0x13, 0x11, 0x11, 0x13, 0x11, 0x13, 0x11, 0x13,
    0x11, 0x13, 0x13, 0x11, 0x11, 0x11, 0x11, 0x11, 0x11, 0x13, 0x12, 0x11, 0x21, 0x31, 0x13, 0x12,
    0x13, 0x11, 0x13, 0x11, 0x12, 0x11, 0x13, 0x11, 0x31, 0x11, 0x11, 0x11, 0x11, 0x21, 0x12, 0x11,
    0x11, 0x13, 0x13, 0x11, 0x13, 0x11, 0x13, 0x11, 0x11, 0x11, 0x11, 0x11, 0x11, 0x11, 0x11, 0x11,
    0x11, 0x11, 0x13, 0x11, 0x31, 0x11, 0x21, 0x13, 0x11, 0x21, 0x11, 0x12, 0x11, 0x31, 0x11, 0x11,
    0x11, 0x21, 0x31, 0x21, 0x31, 0x11, 0x11, 0x13, 0x11, 0x21, 0x11, 0x12, 0x11, 0x11, 0x11, 0x12,
    0x13, 0x12, 0x11, 0x21, 0x31, 0x11, 0x11, 0x11, 0x11, 0x13, 0x11, 0x31, 0x11, 0x31, 0x31, 0x11,
    0x11, 0x31, 0x32, 0x31, 0x31, 0x11, 0x21, 0x32, 0x31, 0x31, 0x11, 0x11, 0x11, 0x31, 0x32, 0x31,
    0x21, 0x11, 0x12, 0x11, 0x32, 0x32, 0x31, 0x11, 0x11, 0x11, 0x31, 0x11, 0x11, 0x11, 0x11, 0x11,
    0x11, 0x31, 0x21, 0x12, 0x12, 0x32, 0x13, 0x23, 0x23, 0x23, 0x21, 0x32, 0x32, 0x31, 0x31, 0x21,
    0x32, 0x32, 0x32, 0x31, 0x32, 0x12, 0x31, 0x23, 0x32, 0x32, 0x13, 0x23, 0x13, 0x13, 0x23, 0x23,
    0x12, 0x32, 0x13, 0x21, 0x13, 0x11, 0x11, 0x11, 0x11, 0x11, 0x31, 0x13, 0x13, 0x13, 0x23, 0x12,
    0x13, 0x12, 0x32, 0x13, 0x12, 0x32, 0x32, 0x32, 0x31, 0x21, 0x31, 0x23, 0x23, 0x23, 0x23, 0x12,
    0x13, 0x13, 0x23, 0x12, 0x32, 0x21, 0x31, 0x23, 0x23, 0x13, 0x23, 0x21, 0x11, 0x11, 0x11, 0x11,
    0x13, 0x12, 0x11, 0x31, 0x12, 0x32, 0x12, 0x33, 0x23, 0x23, 0x13, 0x23, 0x21, 0x31, 0x21, 0x31,
    0x23, 0x32, 0x32, 0x31, 0x21, 0x31, 0x32, 0x33, 0x23, 0x21, 0x32, 0x31, 0x23, 0x13, 0x23, 0x13,
    0x12, 0x32, 0x13, 0x13, 0x11, 0x21, 0x11, 0x11, 0x11, 0x13, 0x11, 0x12, 0x11, 0x31, 0x33, 0x21,
    0x31, 0x21, 0x21, 0x13, 0x13, 0x23, 0x32, 0x32, 0x11, 0x11, 0x31, 0x23, 0x32, 0x32, 0x11, 0x11,
    0x31, 0x32, 0x31, 0x23, 0x11, 0x21, 0x12, 0x32, 0x31, 0x23, 0x21, 0x11, 0x11, 0x13, 0x11, 0x11,
    0x13, 0x11, 0x21, 0x31, 0x31, 0x12, 0x11, 0x31, 0x21, 0x13, 0x11, 0x11, 0x21, 0x12, 0x11, 0x11,
    0x31, 0x31, 0x12, 0x12, 0x11, 0x11, 0x13, 0x11, 0x12, 0x11, 0x21, 0x31, 0x13, 0x11, 0x31, 0x11,
    0x23, 0x11, 0x11, 0x31, 0x21, 0x11, 0x13, 0x11, 0x11, 0x21, 0x31, 0x11, 0x12, 0x11, 0x31, 0x11,
    0x13, 0x11, 0x31, 0x31, 0x13, 0x11, 0x13, 0x11, 0x11, 0x12, 0x11, 0x11, 0x31, 0x13, 0x11, 0x12,
    0x11, 0x11, 0x11, 0x11, 0x11, 0x11, 0x11, 0x11, 0x11, 0x11, 0x31, 0x11, 0x13, 0x11, 0x11, 0x11,
    0x31, 0x13, 0x11, 0x31, 0x31, 0x31, 0x12, 0x13, 0x11, 0x12, 0x11, 0x12, 0x11, 0x13, 0x11, 0x13,
    0x12, 0x11, 0x31, 0x31, 0x11, 0x11, 0x12, 0x11, 0x31, 0x31, 0x31, 0x13, 0x12, 0x13, 0x13, 0x13,
    0x11, 0x31, 0x11, 0x13, 0x11, 0x13, 0x11, 0x11, 0x13, 0x11, 0x21, 0x12, 0x11, 0x12, 0x11, 0x31,
    0x21, 0x31, 0x13, 0x11, 0x31, 0x11, 0x21, 0x11, 0x11, 0x31, 0x11, 0x11, 0x21, 0x31, 0x13, 0x11,
    0x11, 0x11, 0x11, 0x21, 0x11, 0x11, 0x11, 0x11, 0x11, 0x11, 0x21, 0x11, 0x12, 0x11, 0x11, 0x11,
    0x11, 0x21, 0x31, 0x13, 0x13, 0x11, 0x31, 0x11, 0x13, 0x13, 0x11, 0x31, 0x12, 0x13, 0x13, 0x12,
    0x31, 0x13, 0x12, 0x13, 0x11, 0x12, 0x11, 0x31, 0x21, 0x12, 0x11, 0x13, 0x13, 0x12, 0x13, 0x12,
    0x13, 0x11, 0x13, 0x11, 0x11, 0x13, 0x11, 0x31, 0x11, 0x31, 0x13, 0x11, 0x11, 0x31, 0x12, 0x13,
    0x11, 0x21, 0x31, 0x21, 0x31, 0x11, 0x11, 0x31, 0x13, 0x12, 0x13, 0x11, 0x31, 0x31, 0x31, 0x21,
    0x31, 0x31, 0x31, 0x31, 0x21, 0x31, 0x31, 0x13, 0x11, 0x13, 0x11, 0x13, 0x13, 0x11, 0x11, 0x11,
    0x11, 0x13, 0x11, 0x21, 0x31, 0x12, 0x13, 0x11, 0x31, 0x31, 0x21, 0x31, 0x13, 0x13, 0x21, 0x13,
    0x12, 0x13, 0x11, 0x31, 0x21, 0x11, 0x21, 0x31, 0x13, 0x11, 0x21, 0x13, 0x11, 0x11, 0x21, 0x31,
    0x23, 0x11, 0x12, 0x11, 0x11, 0x12, 0x11, 0x11, 0x13, 0x11, 0x21, 0x31, 0x12, 0x11, 0x11, 0x31,
    0x21, 0x13, 0x11, 0x13, 0x12, 0x11, 0x31, 0x31, 0x21, 0x31, 0x31, 0x21, 0x13, 0x13, 0x11, 0x13,
    0x12, 0x13, 0x13, 0x11, 0x32, 0x31, 0x31, 0x13, 0x11, 0x21, 0x11, 0x13, 0x12, 0x11, 0x13, 0x11,
    0x11, 0x21, 0x31, 0x12, 0x13, 0x13, 0x12, 0x13, 0x13, 0x11, 0x31, 0x21, 0x31, 0x31, 0x12, 0x11,
    0x31, 0x11, 0x21, 0x31, 0x31, 0x21, 0x31, 0x21, 0x13, 0x11, 0x31, 0x21, 0x11, 0x11, 0x13, 0x12,
    0x13, 0x11, 0x31, 0x11, 0x11, 0x13, 0x11, 0x11, 0x11, 0x13, 0x11, 0x31, 0x11, 0x11, 0x31, 0x11,
    0x11, 0x21, 0x11, 0x31, 0x11, 0x12, 0x13, 0x11, 0x11, 0x31, 0x11, 0x11, 0x21, 0x11, 0x11, 0x13,
    0x11, 0x12, 0x11, 0x31, 0x13, 0x11, 0x11, 0x11, 0x31, 0x11, 0x11, 0x21, 0x13, 0x11, 0x11, 0x11,
    0x11, 0x11, 0x31, 0x13, 0x13, 0x12, 0x11, 0x31, 0x21, 0x31, 0x31, 0x11, 0x31, 0x31, 0x11, 0x31,
    0x31, 0x12, 0x13, 0x11, 0x13, 0x13, 0x13, 0x11, 0x13, 0x11, 0x31, 0x11, 0x11, 0x13, 0x12, 0x11,
    0x11, 0x31, 0x21, 0x13, 0x11, 0x11, 0x31, 0x11, 0x11, 0x11, 0x21, 0x12, 0x11, 0x13, 0x11, 0x21,
    0x31, 0x11, 0x12, 0x13, 0x11, 0x12, 0x11, 0x11, 0x21, 0x13, 0x11, 0x21, 0x31, 0x11, 0x11, 0x21,
    0x11, 0x11, 0x11, 0x31, 0x21, 0x11, 0x11, 0x31, 0x12, 0x11, 0x13, 0x11, 0x12, 0x11, 0x11, 0x11,
    0x11, 0x13, 0x13, 0x11, 0x31, 0x11, 0x31, 0x11, 0x13, 0x12, 0x11, 0x11, 0x21, 0x31, 0x31, 0x21,
    0x13, 0x11, 0x13, 0x11, 0x11, 0x21, 0x21, 0x13, 0x12, 0x13, 0x11, 0x11, 0x13, 0x12, 0x11, 0x11,
    0x31, 0x13, 0x11, 0x11, 0x31, 0x13, 0x11, 0x11, 0x11, 0x11, 0x11, 0x31, 0x12, 0x31, 0x12, 0x13,
    0x11, 0x13, 0x23, 0x23, 0x11, 0x11, 0x11, 0x31, 0x21, 0x32, 0x11, 0x13, 0x11, 0x31, 0x31, 0x21,
    0x31, 0x11, 0x12, 0x13, 0x12, 0x13, 0x13, 0x11, 0x11, 0x11, 0x23, 0x11, 0x11, 0x11, 0x11, 0x11,
    0x11, 0x11, 0x11, 0x12, 0x13, 0x23, 0x23, 0x12, 0x32, 0x31, 0x31, 0x32, 0x32, 0x31, 0x23, 0x23,
    0x32, 0x13, 0x23, 0x21, 0x32, 0x12, 0x32, 0x32, 0x32, 0x32, 0x13, 0x21, 0x32, 0x32, 0x32, 0x32,
    0x13, 0x23, 0x12, 0x31, 0x13, 0x12, 0x11, 0x11, 0x11, 0x11, 0x11, 0x31, 0x13, 0x12, 0x13, 0x23,
    0x13, 0x23, 0x23, 0x12, 0x13, 0x23, 0x13, 0x12, 0x13, 0x23, 0x13, 0x23, 0x13, 0x23, 0x13, 0x13,
    0x13, 0x13, 0x23, 0x13, 0x21, 0x31, 0x21, 0x32, 0x32, 0x13, 0x23, 0x21, 0x11, 0x11, 0x11, 0x11,
    0x11, 0x11, 0x11, 0x13, 0x12, 0x33, 0x21, 0x32, 0x12, 0x12, 0x12, 0x33, 0x21, 0x32, 0x32, 0x31,
    0x32, 0x13, 0x21, 0x32, 0x12, 0x32, 0x32, 0x32, 0x21, 0x23, 0x12, 0x32, 0x32, 0x32, 0x32, 0x13,
    0x13, 0x23, 0x13, 0x13, 0x12, 0x11, 0x11, 0x11, 0x11, 0x11, 0x11, 0x11, 0x31, 0x12, 0x32, 0x31,
    0x33, 0x31, 0x31, 0x12, 0x32, 0x13, 0x12, 0x32, 0x13, 0x12, 0x32, 0x13, 0x32, 0x13, 0x11, 0x11,
    0x33, 0x23, 0x23, 0x13, 0x11, 0x11, 0x31, 0x32, 0x32, 0x12, 0x31, 0x21, 0x11, 0x11, 0x11, 0x11,
    0x11, 0x11, 0x11, 0x11, 0x11, 0x11, 0x11, 0x32, 0x11, 0x21, 0x13, 0x11, 0x13, 0x12, 0x31, 0x11,
    0x11, 0x11, 0x11, 0x31, 0x21, 0x31, 0x12, 0x11, 0x11, 0x11, 0x13, 0x12, 0x11, 0x31, 0x11, 0x21,
    0x13, 0x11, 0x11, 0x11, 0x11, 0x11, 0x11, 0x11, 0x11, 0x11, 0x11, 0x11, 0x11, 0x11, 0x31, 0x11,
    0x11, 0x13, 0x11, 0x13, 0x11, 0x11, 0x11, 0x31, 0x31, 0x31, 0x13, 0x11, 0x11, 0x11, 0x31, 0x31,
    0x13, 0x11, 0x11, 0x11, 0x11, 0x11, 0x31, 0x11, 0x11, 0x13, 0x11, 0x11, 0x11, 0x11, 0x11, 0x11,
    0x11, 0x11, 0x11, 0x11, 0x11, 0x11, 0x11, 0x13, 0x23, 0x11, 0x21, 0x31, 0x21, 0x31, 0x31, 0x11,
    0x11, 0x12, 0x11, 0x21, 0x31, 0x31, 0x11, 0x12, 0x11, 0x31, 0x31, 0x21, 0x31, 0x31, 0x11, 0x31,
    0x21, 0x11, 0x11, 0x11, 0x11, 0x11, 0x11, 0x11, 0x11, 0x11, 0x11, 0x11, 0x11, 0x11, 0x11, 0x11,
    0x11, 0x11, 0x11, 0x11, 0x11, 0x11, 0x11, 0x11, 0x11, 0x11, 0x11, 0x11, 0x11, 0x11, 0x11, 0x11,
    0x11, 0x11, 0x11, 0x11, 0x11, 0x11, 0x11, 0x11, 0x11, 0x11, 0x11, 0x11, 0x11, 0x11, 0x11, 0x11,
    0x11, 0x11, 0x11, 0x11, 0x11, 0x11, 0x11, 0x11, 0x11, 0x11, 0x11, 0x11, 0x11, 0x11, 0x11, 0x11,
    0x11, 0x11, 0x11, 0x11, 0x11, 0x11, 0x11, 0x11, 0x11, 0x11, 0x11, 0x11, 0x11, 0x11, 0x11, 0x11,
    0x11, 0x11, 0x11, 0x11, 0x11, 0x11, 0x11, 0x11, 0x11, 0x11, 0x11, 0x11, 0x11, 0x11, 0x11, 0x11,
    0x11, 0x11, 0x11, 0x11, 0x11, 0x11, 0x11, 0x11, 0x11, 0x11, 0x11, 0x11, 0x11, 0x11, 0x11, 0x11,
    0x11, 0x11, 0x11, 0x11, 0x11, 0x11, 0x11, 0x11, 0x11, 0x11, 0x11, 0x11, 0x11, 0x11, 0x11, 0x11,
    0x11, 0x11, 0x11, 0x11, 0x11, 0x11, 0x11, 0x11, 0x11, 0x11, 0x11, 0x31, 0x11, 0x11, 0x11, 0x11,
    0x11, 0x11, 0x11, 0x11, 0x11, 0x31, 0x11, 0x11, 0x11, 0x11, 0x11, 0x13, 0x11, 0x11, 0x11, 0x11,
    0x11, 0x11, 0x11, 0x11, 0x11, 0x11, 0x11, 0x11, 0x11, 0x11, 0x11, 0x11, 0x11, 0x11, 0x11, 0x11,
    0x11, 0x11, 0x11, 0x11, 0x31, 0x11, 0x11, 0x11, 0x11, 0x11, 0x11, 0x13, 0x11, 0x11, 0x11, 0x11,
    0x11, 0x11, 0x11, 0x11, 0x13, 0x11, 0x11, 0x11, 0x11, 0x11, 0x11, 0x11, 0x11, 0x11, 0x11, 0x11,
    0x11, 0x11, 0x11, 0x11, 0x11, 0x11, 0x11, 0x11, 0x11, 0x11, 0x11, 0x31, 0x11, 0x11, 0x11, 0x11,
    0x11, 0x11, 0x11, 0x31, 0x13, 0x11, 0x11, 0x11, 0x11, 0x11, 0x11, 0x13, 0x11, 0x11, 0x11, 0x11,
    0x11, 0x11, 0x11, 0x11, 0x11, 0x11, 0x11, 0x11, 0x11, 0x11, 0x11, 0x11, 0x11, 0x11, 0x11, 0x11,
    0x11, 0x11, 0x13, 0x11, 0x31, 0x31, 0x11, 0x11, 0x11, 0x11, 0x13, 0x11, 0x11, 0x13, 0x11, 0x11,
    0x11, 0x11, 0x11, 0x31, 0x13, 0x13, 0x11, 0x11, 0x11, 0x11, 0x11, 0x11, 0x11, 0x11, 0x11, 0x11,
    0x11, 0x11, 0x11, 0x11, 0x11, 0x11, 0x11, 0x11, 0x11, 0x11, 0x11, 0x11, 0x11, 0x11, 0x11, 0x11,
    0x11, 0x11, 0x11, 0x13, 0x13, 0x11, 0x11, 0x11, 0x11, 0x11, 0x11, 0x11, 0x11, 0x11, 0x11, 0x11,
    0x11, 0x11, 0x11, 0x11, 0x11, 0x11, 0x11, 0x11, 0x11, 0x11, 0x11, 0x11, 0x11, 0x11, 0x11, 0x11,
    0x11, 0x11, 0x11, 0x31, 0x11, 0x11, 0x11, 0x11, 0x11, 0x11, 0x11, 0x11, 0x11, 0x11, 0x11, 0x11,
    0x11, 0x11, 0x11, 0x13, 0x11, 0x11, 0x11, 0x11, 0x11, 0x11, 0x11, 0x11, 0x11, 0x11, 0x11, 0x11,
    0x11, 0x11, 0x11, 0x11, 0x11, 0x11, 0x11, 0x11, 0x11, 0x11, 0x11, 0x11, 0x11, 0x11, 0x11, 0x11,
    0x11, 0x11, 0x11, 0x11, 0x11, 0x31, 0x11, 0x11, 0x11, 0x11, 0x11, 0x11, 0x11, 0x11, 0x11, 0x11,
    0x11, 0x11, 0x11, 0x11, 0x11, 0x11, 0x11, 0x11, 0x11, 0x11, 0x11, 0x11, 0x11, 0x11, 0x11, 0x11,
    0x11, 0x11, 0x11, 0x11, 0x11, 0x11, 0x11, 0x11, 0x11, 0x11, 0x11, 0x11, 0x11, 0x11, 0x11, 0x11,
    0x11, 0x11, 0x11, 0x11, 0x11, 0x11, 0x11, 0x11, 0x11, 0x11, 0x11, 0x11, 0x11, 0x11, 0x11, 0x11,
    0x11, 0x11, 0x11, 0x11, 0x11, 0x11, 0x11, 0x11, 0x11, 0x11, 0x11, 0x11, 0x11, 0x11, 0x11, 0x11,
    0x11, 0x11, 0x11, 0x11, 0x11, 0x11, 0x11, 0x11, 0x11, 0x11, 0x11, 0x11, 0x11, 0x11, 0x11, 0x11,
    0x11, 0x11, 0x11, 0x11, 0x11, 0x11, 0x11, 0x11, 0x11, 0x11, 0x11, 0x11, 0x11, 0x11, 0x11, 0x11,
    0x11, 0x11, 0x11, 0x11, 0x11, 0x11, 0x11, 0x11, 0x11, 0x11, 0x11, 0x11, 0x11, 0x11, 0x11, 0x11,
    0x11, 0x11, 0x11, 0x11, 0x11, 0x11, 0x11, 0x11, 0x11, 0x11, 0x11, 0x11, 0x11, 0x11, 0x11, 0x11,
    0x11, 0x11, 0x11, 0x11, 0x11, 0x11, 0x11, 0x11, 0x11, 0x11, 0x11, 0x11, 0x11, 0x11, 0x11, 0x11,
    0x11, 0x11, 0x11, 0x11, 0x11, 0x11, 0x11, 0x11, 0x11, 0x11, 0x11, 0x11, 0x11, 0x11, 0x11, 0x11,
    0x11, 0x11, 0x11, 0x11, 0x11, 0x11, 0x11, 0x11, 0x11, 0x11, 0x11, 0x11, 0x11, 0x11, 0x11, 0x11,
    0x11, 0x11, 0x11, 0x11, 0x11, 0x11, 0x11, 0x31, 0x11, 0x11, 0x11, 0x11, 0x11, 0x11, 0x11, 0x11,
    0x13, 0x11, 0x11, 0x11, 0x11, 0x11, 0x11, 0x11, 0x11, 0x11, 0x11, 0x11, 0x11, 0x11, 0x11, 0x11,
    0x11, 0x11, 0x11, 0x11, 0x11, 0x11, 0x11, 0x11, 0x11, 0x11, 0x11, 0x11, 0x11, 0x11, 0x13, 0x11,
    0x31, 0x11, 0x11, 0x11, 0x11, 0x11, 0x11, 0x11, 0x31, 0x11, 0x11, 0x11, 0x11, 0x11, 0x11, 0x11,
    0x11, 0x11, 0x11, 0x11, 0x11, 0x11, 0x11, 0x11, 0x11, 0x11, 0x11, 0x11, 0x11, 0x11, 0x11, 0x11,
    0x11, 0x11, 0x11, 0x11, 0x11, 0x11, 0x11, 0x11, 0x11, 0x11, 0x11, 0x11, 0x11, 0x11, 0x11, 0x13,
    0x11, 0x31, 0x11, 0x11, 0x11, 0x11, 0x11, 0x11, 0x11, 0x11, 0x11, 0x11, 0x11, 0x11, 0x11, 0x11,
    0x11, 0x11, 0x11, 0x11, 0x11, 0x11, 0x11, 0x11, 0x11, 0x11, 0x11, 0x11, 0x11, 0x11, 0x11, 0x31,
    0x11, 0x11, 0x11, 0x11, 0x11, 0x11, 0x11, 0x11, 0x11, 0x11, 0x11, 0x11, 0x11, 0x11, 0x11, 0x11,
    0x11, 0x11, 0x11, 0x11, 0x11, 0x11, 0x11, 0x11, 0x11, 0x11, 0x11, 0x11, 0x11, 0x11, 0x11, 0x11,
    0x11, 0x11, 0x11, 0x11, 0x11, 0x11, 0x11, 0x11, 0x11, 0x11, 0x11, 0x11, 0x11, 0x11, 0x11, 0x11,
    0x31, 0x11, 0x11, 0x11, 0x11, 0x11, 0x11, 0x11, 0x11, 0x11, 0x11, 0x11, 0x11, 0x11, 0x11, 0x11,
    0x11, 0x11, 0x11, 0x11, 0x11, 0x11, 0x11, 0x11, 0x11, 0x11, 0x11, 0x11, 0x11, 0x11, 0x11, 0x11,
    0x11, 0x11, 0x11, 0x11, 0x11, 0x11, 0x11, 0x11, 0x11, 0x11, 0x11, 0x11, 0x11, 0x11, 0x11, 0x11,
    0x11, 0x11, 0x11, 0x11, 0x11, 0x11, 0x11, 0x11, 0x11, 0x11, 0x11, 0x11, 0x11, 0x11, 0x11, 0x11,
    0x11, 0x11, 0x11, 0x11, 0x11, 0x11, 0x11, 0x11, 0x11, 0x11, 0x11, 0x11, 0x11, 0x11, 0x11, 0x11,
    0x11, 0x11, 0x11, 0x11, 0x11, 0x11, 0x11, 0x11, 0x11, 0x11, 0x11, 0x11, 0x11, 0x11, 0x11, 0x11,
};

// Auto-generated icon: wx_50d (80x80)
// Each byte holds 2 pixels (high nibble first)
#define ICON_WX_50D_W 80
#define ICON_WX_50D_H 80
static const uint8_t PROGMEM icon_wx_50d[] = {
    0x11, 0x11, 0x11, 0x11, 0x11, 0x11, 0x11, 0x11, 0x11, 0x11, 0x11, 0x11, 0x11, 0x11, 0x11, 0x11,
    0x11, 0x11, 0x11, 0x11, 0x11, 0x11, 0x11, 0x11, 0x11, 0x11, 0x11, 0x11, 0x11, 0x11, 0x11, 0x11,
    0x11, 0x11, 0x11, 0x11, 0x11, 0x11, 0x11, 0x11, 0x11, 0x11, 0x11, 0x11, 0x11, 0x11, 0x11, 0x11,
    0x11, 0x11, 0x11, 0x11, 0x11, 0x11, 0x11, 0x11, 0x11, 0x11, 0x11, 0x11, 0x11, 0x11, 0x11, 0x11,
    0x11, 0x11, 0x11, 0x11, 0x11, 0x11, 0x11, 0x11, 0x11, 0x11, 0x11, 0x11, 0x11, 0x11, 0x11, 0x11,
    0x11, 0x11, 0x11, 0x11, 0x11, 0x11, 0x11, 0x11, 0x11, 0x11, 0x11, 0x11, 0x11, 0x11, 0x11, 0x11,
    0x11, 0x11, 0x11, 0x11, 0x11, 0x11, 0x11, 0x11, 0x11, 0x11, 0x11, 0x11, 0x11, 0x11, 0x11, 0x11,
    0x11, 0x11, 0x11, 0x11, 0x11, 0x11, 0x11, 0x11, 0x11, 0x11, 0x11, 0x11, 0x11, 0x11, 0x11, 0x11,
    0x11, 0x11, 0x11, 0x11, 0x11, 0x11, 0x11, 0x11, 0x11, 0x11, 0x11, 0x11, 0x11, 0x11, 0x11, 0x11,
    0x11, 0x11, 0x11, 0x11, 0x11, 0x11, 0x11, 0x11, 0x11, 0x11, 0x11, 0x11, 0x11, 0x11, 0x11, 0x11,
    0x11, 0x11, 0x11, 0x11, 0x11, 0x11, 0x11, 0x11, 0x11, 0x11, 0x11, 0x11, 0x11, 0x11, 0x11, 0x11,
    0x11, 0x11, 0x11, 0x11, 0x11, 0x11, 0x11, 0x11, 0x11, 0x11, 0x11, 0x11, 0x11, 0x11, 0x11, 0x11,
    0x11, 0x11, 0x11, 0x11, 0x11, 0x11, 0x11, 0x11, 0x11, 0x11, 0x11, 0x11, 0x11, 0x11, 0x11, 0x11,
    0x11, 0x11, 0x11, 0x11, 0x11, 0x11, 0x11, 0x11, 0x11, 0x11, 0x11, 0x11, 0x11, 0x11, 0x11, 0x11,
    0x11, 0x11, 0x11, 0x11, 0x11, 0x11, 0x11, 0x11, 0x11, 0x11, 0x11, 0x11, 0x11, 0x11, 0x11, 0x11,
    0x11, 0x11, 0x11, 0x11, 0x11, 0x11, 0x11, 0x11, 0x11, 0x11, 0x11, 0x11, 0x11, 0x11, 0x11, 0x11,
    0x11, 0x11, 0x11, 0x11, 0x11, 0x11, 0x11, 0x11, 0x11, 0x11, 0x11, 0x11, 0x11, 0x11, 0x11, 0x11,
    0x11, 0x11, 0x11, 0x11, 0x11, 0x11, 0x11, 0x11, 0x11, 0x11, 0x11, 0x11, 0x11, 0x11, 0x11, 0x11,
    0x11, 0x11, 0x11, 0x11, 0x11, 0x11, 0x11, 0x11, 0x11, 0x11, 0x11, 0x31, 0x13, 0x11, 0x31, 0x13,
    0x11, 0x11, 0x11, 0x11, 0x11, 0x11, 0x11, 0x11, 0x11, 0x11, 0x11, 0x11, 0x11, 0x11, 0x11, 0x11,
    0x11, 0x11, 0x11, 0x11, 0x11, 0x11, 0x11, 0x11, 0x11, 0x11, 0x11, 0x11, 0x11, 0x11, 0x11, 0x11,
    0x11, 0x13, 0x11, 0x11, 0x11, 0x11, 0x11, 0x11, 0x11, 0x31, 0x11, 0x11, 0x11, 0x11, 0x11, 0x11,
    0x11, 0x11, 0x11, 0x11, 0x11, 0x11, 0x11, 0x11, 0x11, 0x11, 0x11, 0x11, 0x11, 0x11, 0x11, 0x11,
    0x11, 0x11, 0x11, 0x11, 0x11, 0x11, 0x11, 0x11, 0x13, 0x11, 0x13, 0x12, 0x13, 0x12, 0x13, 0x12,
    0x11, 0x11, 0x11, 0x11, 0x11, 0x11, 0x11, 0x11, 0x11, 0x11, 0x11, 0x11, 0x11, 0x11, 0x11, 0x11,
    0x11, 0x11, 0x11, 0x11, 0x11, 0x11, 0x11, 0x11, 0x11, 0x11, 0x11, 0x11, 0x11, 0x11, 0x11, 0x13,
    0x11, 0x12, 0x11, 0x11, 0x11, 0x11, 0x11, 0x11, 0x13, 0x12, 0x13, 0x11, 0x11, 0x11, 0x11, 0x11,
    0x11, 0x11, 0x11, 0x11, 0x11, 0x11, 0x11, 0x11, 0x11, 0x11, 0x11, 0x11, 0x11, 0x11, 0x11, 0x11,
    0x11, 0x11, 0x11, 0x11, 0x11, 0x11, 0x11, 0x31, 0x12, 0x11, 0x13, 0x11, 0x31, 0x13, 0x11, 0x13,
    0x11, 0x11, 0x11, 0x11, 0x11, 0x11, 0x11, 0x11, 0x11, 0x11, 0x11, 0x11, 0x11, 0x11, 0x11, 0x11,
    0x11, 0x11, 0x11, 0x11, 0x11, 0x11, 0x11, 0x11, 0x11, 0x11, 0x11, 0x11, 0x11, 0x11, 0x31, 0x11,
    0x11, 0x31, 0x11, 0x11, 0x11, 0x11, 0x12, 0x11, 0x11, 0x31, 0x11, 0x31, 0x31, 0x11, 0x11, 0x11,
    0x11, 0x11, 0x11, 0x11, 0x11, 0x11, 0x11, 0x11, 0x11, 0x11, 0x11, 0x11, 0x11, 0x11, 0x11, 0x11,
    0x11, 0x11, 0x11, 0x11, 0x11, 0x11, 0x11, 0x21, 0x31, 0x11, 0x31, 0x21, 0x12, 0x11, 0x31, 0x11,
    0x31, 0x11, 0x31, 0x11, 0x11, 0x11, 0x11, 0x11, 0x11, 0x11, 0x11, 0x11, 0x11, 0x11, 0x11, 0x11,
    0x11, 0x11, 0x11, 0x11, 0x11, 0x11, 0x11, 0x11, 0x11, 0x11, 0x11, 0x11, 0x11, 0x13, 0x11, 0x11,
    0x11, 0x31, 0x11, 0x13, 0x11, 0x31, 0x11, 0x31, 0x11, 0x21, 0x11, 0x21, 0x12, 0x11, 0x11, 0x11,
    0x11, 0x11, 0x11, 0x11, 0x11, 0x11, 0x11, 0x11, 0x11, 0x11, 0x11, 0x11, 0x11, 0x11, 0x11, 0x11,
    0x11, 0x11, 0x11, 0x11, 0x13, 0x11, 0x21, 0x31, 0x11, 0x12, 0x11, 0x11, 0x11, 0x11, 0x11, 0x11,
    0x21, 0x11, 0x11, 0x11, 0x11, 0x31, 0x11, 0x11, 0x11, 0x11, 0x11, 0x11, 0x11, 0x11, 0x11, 0x11,
    0x11, 0x11, 0x11, 0x11, 0x11, 0x11, 0x11, 0x11, 0x11, 0x11, 0x11, 0x11, 0x11, 0x11, 0x11, 0x11,
    0x31, 0x11, 0x13, 0x11, 0x31, 0x13, 0x12, 0x11, 0x11, 0x31, 0x31, 0x13, 0x11, 0x11, 0x11, 0x11,
    0x11, 0x11, 0x11, 0x11, 0x11, 0x11, 0x11, 0x11, 0x11, 0x11, 0x11, 0x11, 0x11, 0x11, 0x11, 0x11,
    0x11, 0x11, 0x11, 0x11, 0x13, 0x13, 0x13, 0x11, 0x12, 0x13, 0x11, 0x12, 0x11, 0x11, 0x11, 0x13,
    0x11, 0x11, 0x11, 0x11, 0x11, 0x31, 0x31, 0x11, 0x11, 0x11, 0x11, 0x11, 0x11, 0x11, 0x11, 0x11,
    0x11, 0x11, 0x11, 0x11, 0x11, 0x11, 0x11, 0x11, 0x11, 0x11, 0x11, 0x11, 0x31, 0x11, 0x11, 0x21,
    0x11, 0x11, 0x12, 0x11, 0x13, 0x12, 0x13, 0x11, 0x11, 0x21, 0x13, 0x12, 0x11, 0x11, 0x11, 0x11,
    0x11, 0x11, 0x11, 0x11, 0x11, 0x11, 0x11, 0x11, 0x11, 0x11, 0x11, 0x11, 0x11, 0x11, 0x11, 0x11,
    0x11, 0x11, 0x11, 0x11, 0x12, 0x12, 0x11, 0x13, 0x13, 0x11, 0x31, 0x13, 0x11, 0x11, 0x11, 0x11,
    0x31, 0x11, 0x11, 0x11, 0x13, 0x11, 0x21, 0x11, 0x11, 0x11, 0x11, 0x11, 0x11, 0x11, 0x11, 0x11,
    0x11, 0x11, 0x11, 0x11, 0x11, 0x11, 0x11, 0x11, 0x11, 0x11, 0x11, 0x13, 0x11, 0x11, 0x31, 0x11,
    0x11, 0x11, 0x11, 0x11, 0x12, 0x13, 0x11, 0x31, 0x11, 0x31, 0x12, 0x11, 0x11, 0x11, 0x11, 0x13,
    0x11, 0x11, 0x11, 0x11, 0x11, 0x11, 0x11, 0x11, 0x11, 0x11, 0x11, 0x11, 0x11, 0x11, 0x11, 0x11,
    0x11, 0x11, 0x31, 0x11, 0x13, 0x11, 0x11, 0x31, 0x12, 0x13, 0x12, 0x13, 0x11, 0x11, 0x11, 0x12,
    0x11, 0x11, 0x11, 0x31, 0x12, 0x13, 0x13, 0x11, 0x11, 0x11, 0x11, 0x11, 0x11, 0x11, 0x11, 0x11,
    0x11, 0x11, 0x11, 0x11, 0x11, 0x11, 0x11, 0x13, 0x13, 0x11, 0x11, 0x31, 0x21, 0x13, 0x11, 0x12,
    0x11, 0x11, 0x11, 0x11, 0x13, 0x11, 0x31, 0x11, 0x13, 0x12, 0x11, 0x11, 0x11, 0x11, 0x11, 0x11,
    0x11, 0x11, 0x11, 0x11, 0x11, 0x11, 0x11, 0x11, 0x11, 0x11, 0x11, 0x11, 0x11, 0x11, 0x31, 0x31,
    0x11, 0x21, 0x31, 0x11, 0x13, 0x11, 0x21, 0x11, 0x31, 0x31, 0x31, 0x13, 0x11, 0x12, 0x11, 0x31,
    0x11, 0x11, 0x31, 0x13, 0x11, 0x31, 0x12, 0x11, 0x11, 0x11, 0x11, 0x11, 0x11, 0x11, 0x11, 0x11,
    0x11, 0x11, 0x11, 0x11, 0x11, 0x31, 0x11, 0x12, 0x11, 0x31, 0x12, 0x13, 0x11, 0x11, 0x13, 0x11,
    0x11, 0x11, 0x12, 0x11, 0x12, 0x11, 0x11, 0x11, 0x21, 0x11, 0x11, 0x11, 0x11, 0x11, 0x11, 0x31,
    0x11, 0x11, 0x11, 0x11, 0x11, 0x11, 0x11, 0x11, 0x11, 0x11, 0x11, 0x11, 0x13, 0x12, 0x13, 0x11,
    0x31, 0x11, 0x11, 0x11, 0x12, 0x13, 0x11, 0x13, 0x12, 0x11, 0x11, 0x13, 0x11, 0x13, 0x12, 0x11,
    0x13, 0x11, 0x31, 0x21, 0x31, 0x21, 0x31, 0x11, 0x11, 0x11, 0x11, 0x11, 0x11, 0x11, 0x11, 0x11,
    0x11, 0x11, 0x11, 0x13, 0x11, 0x11, 0x11, 0x21, 0x11, 0x31, 0x31, 0x31, 0x13, 0x11, 0x13, 0x11,
    0x11, 0x31, 0x31, 0x11, 0x13, 0x11, 0x11, 0x31, 0x11, 0x11, 0x11, 0x11, 0x11, 0x11, 0x11, 0x11,
    0x31, 0x11, 0x11, 0x11, 0x11, 0x11, 0x11, 0x11, 0x11, 0x11, 0x11, 0x11, 0x21, 0x31, 0x31, 0x13,
    0x11, 0x11, 0x11, 0x12, 0x11, 0x13, 0x11, 0x21, 0x31, 0x11, 0x11, 0x21, 0x11, 0x12, 0x11, 0x11,
    0x31, 0x21, 0x13, 0x11, 0x13, 0x11, 0x13, 0x11, 0x11, 0x11, 0x11, 0x11, 0x11, 0x11, 0x11, 0x11,
    0x11, 0x11, 0x13, 0x13, 0x11, 0x11, 0x12, 0x11, 0x12, 0x13, 0x12, 0x11, 0x31, 0x11, 0x21, 0x11,
    0x11, 0x21, 0x31, 0x13, 0x12, 0x11, 0x31, 0x11, 0x11, 0x13, 0x11, 0x13, 0x11, 0x13, 0x11, 0x12,
    0x11, 0x11, 0x11, 0x11, 0x11, 0x11, 0x11, 0x11, 0x11, 0x11, 0x11, 0x21, 0x13, 0x12, 0x11, 0x31,
    0x31, 0x11, 0x11, 0x31, 0x11, 0x21, 0x13, 0x11, 0x31, 0x11, 0x11, 0x11, 0x11, 0x31, 0x11, 0x31,
    0x21, 0x11, 0x12, 0x11, 0x12, 0x11, 0x12, 0x11, 0x13, 0x11, 0x11, 0x11, 0x11, 0x11, 0x11, 0x11,
    0x11, 0x11, 0x31, 0x13, 0x11, 0x13, 0x11, 0x11, 0x11, 0x31, 0x21, 0x11, 0x31, 0x13, 0x11, 0x12,
    0x11, 0x31, 0x21, 0x31, 0x31, 0x11, 0x31, 0x11, 0x13, 0x11, 0x11, 0x13, 0x11, 0x13, 0x11, 0x13,
    0x11, 0x13, 0x13, 0x11, 0x11, 0x11, 0x11, 0x11, 0x11, 0x13, 0x12, 0x11, 0x21, 0x31, 0x13, 0x12,
    0x13, 0x11, 0x13, 0x11, 0x12, 0x11, 0x13, 0x11, 0x31, 0x11, 0x11, 0x11, 0x11, 0x21, 0x12, 0x11,
    0x11, 0x13, 0x13, 0x11, 0x13, 0x11, 0x13, 0x11, 0x11, 0x11, 0x11, 0x11, 0x11, 0x11, 0x11, 0x11,
    0x11, 0x11, 0x13, 0x11, 0x31, 0x11, 0x21, 0x13, 0x11, 0x21, 0x11, 0x12, 0x11, 0x31, 0x11, 0x11,
    0x11, 0x21, 0x31, 0x21, 0x31, 0x11, 0x11, 0x13, 0x11, 0x21, 0x11, 0x12, 0x11, 0x11, 0x11, 0x12,
    0x13, 0x12, 0x11, 0x21, 0x31, 0x11, 0x11, 0x11, 0x11, 0x13, 0x11, 0x31, 0x11, 0x31, 0x31, 0x11,
    0x11, 0x31, 0x32, 0x31, 0x31, 0x11, 0x21, 0x32, 0x31, 0x31, 0x11, 0x11, 0x11, 0x31, 0x32, 0x31,
    0x21, 0x11, 0x12, 0x11, 0x32, 0x32, 0x31, 0x11, 0x11, 0x11, 0x31, 0x11, 0x11, 0x11, 0x11, 0x11,
    0x11, 0x31, 0x21, 0x12, 0x12, 0x32, 0x13, 0x23, 0x23, 0x23, 0x21, 0x32, 0x32, 0x31, 0x31, 0x21,
    0x32, 0x32, 0x32, 0x31, 0x32, 0x12, 0x31, 0x23, 0x32, 0x32, 0x13, 0x23, 0x13, 0x13, 0x23, 0x23,
    0x12, 0x32, 0x13, 0x21, 0x13, 0x11, 0x11, 0x11, 0x11, 0x11, 0x31, 0x13, 0x13, 0x13, 0x23, 0x12,
    0x13, 0x12, 0x32, 0x13, 0x12, 0x32, 0x32, 0x32, 0x31, 0x21, 0x31, 0x23, 0x23, 0x23, 0x23, 0x12,
    0x13, 0x13, 0x23, 0x12, 0x32, 0x21, 0x31, 0x23, 0x23, 0x13, 0x23, 0x21, 0x11, 0x11, 0x11, 0x11,
    0x13, 0x12, 0x11, 0x31, 0x12, 0x32, 0x12, 0x33, 0x23, 0x23, 0x13, 0x23, 0x21, 0x31, 0x21, 0x31,
    0x23, 0x32, 0x32, 0x31, 0x21, 0x31, 0x32, 0x33, 0x23, 0x21, 0x32, 0x31, 0x23, 0x13, 0x23, 0x13,
    0x12, 0x32, 0x13, 0x13, 0x11, 0x21, 0x11, 0x11, 0x11, 0x13, 0x11, 0x12, 0x11, 0x31, 0x33, 0x21,
    0x31, 0x21, 0x21, 0x13, 0x13, 0x23, 0x32, 0x32, 0x11, 0x11, 0x31, 0x23, 0x32, 0x32, 0x11, 0x11,
    0x31, 0x32, 0x31, 0x23, 0x11, 0x21, 0x12, 0x32, 0x31, 0x23, 0x21, 0x11, 0x11, 0x13, 0x11, 0x11,
    0x13, 0x11, 0x21, 0x31, 0x31, 0x12, 0x11, 0x31, 0x21, 0x13, 0x11, 0x11, 0x21, 0x12, 0x11, 0x11,
    0x31, 0x31, 0x12, 0x12, 0x11, 0x11, 0x13, 0x11, 0x12, 0x11, 0x21, 0x31, 0x13, 0x11, 0x31, 0x11,
    0x23, 0x11, 0x11, 0x31, 0x21, 0x11, 0x13, 0x11, 0x11, 0x21, 0x31, 0x11, 0x12, 0x11, 0x31, 0x11,
    0x13, 0x11, 0x31, 0x31, 0x13, 0x11, 0x13, 0x11, 0x11, 0x12, 0x11, 0x11, 0x31, 0x13, 0x11, 0x12,
    0x11, 0x11, 0x11, 0x11, 0x11, 0x11, 0x11, 0x11, 0x11, 0x11, 0x31, 0x11, 0x13, 0x11, 0x11, 0x11,
    0x31, 0x13, 0x11, 0x31, 0x31, 0x31, 0x12, 0x13, 0x11, 0x12, 0x11, 0x12, 0x11, 0x13, 0x11, 0x13,
    0x12, 0x11, 0x31, 0x31, 0x11, 0x11, 0x12, 0x11, 0x31, 0x31, 0x31, 0x13, 0x12, 0x13, 0x13, 0x13,
    0x11, 0x31, 0x11, 0x13, 0x11, 0x13, 0x11, 0x11, 0x13, 0x11, 0x21, 0x12, 0x11, 0x12, 0x11, 0x31,
    0x21, 0x31, 0x13, 0x11, 0x31, 0x11, 0x21, 0x11, 0x11, 0x31, 0x11, 0x11, 0x21, 0x31, 0x13, 0x11,
    0x11, 0x11, 0x11, 0x21, 0x11, 0x11, 0x11, 0x11, 0x11, 0x11, 0x21, 0x11, 0x12, 0x11, 0x11, 0x11,
    0x11, 0x21, 0x31, 0x13, 0x13, 0x11, 0x31, 0x11, 0x13, 0x13, 0x11, 0x31, 0x12, 0x13, 0x13, 0x12,
    0x31, 0x13, 0x12, 0x13, 0x11, 0x12, 0x11, 0x31, 0x21, 0x12, 0x11, 0x13, 0x13, 0x12, 0x13, 0x12,
    0x13, 0x11, 0x13, 0x11, 0x11, 0x13, 0x11, 0x31, 0x11, 0x31, 0x13, 0x11, 0x11, 0x31, 0x12, 0x13,
    0x11, 0x21, 0x31, 0x21, 0x31, 0x11, 0x11, 0x31, 0x13, 0x12, 0x13, 0x11, 0x31, 0x31, 0x31, 0x21,
    0x31, 0x31, 0x31, 0x31, 0x21, 0x31, 0x31, 0x13, 0x11, 0x13, 0x11, 0x13, 0x13, 0x11, 0x11, 0x11,
    0x11, 0x13, 0x11, 0x21, 0x31, 0x12, 0x13, 0x11, 0x31, 0x31, 0x21, 0x31, 0x13, 0x13, 0x21, 0x13,
    0x12, 0x13, 0x11, 0x31, 0x21, 0x11, 0x21, 0x31, 0x13, 0x11, 0x21, 0x13, 0x11, 0x11, 0x21, 0x31,
    0x23, 0x11, 0x12, 0x11, 0x11, 0x12, 0x11, 0x11, 0x13, 0x11, 0x21, 0x31, 0x12, 0x11, 0x11, 0x31,
    0x21, 0x13, 0x11, 0x13, 0x12, 0x11, 0x31, 0x31, 0x21, 0x31, 0x31, 0x21, 0x13, 0x13, 0x11, 0x13,
    0x12, 0x13, 0x13, 0x11, 0x32, 0x31, 0x31, 0x13, 0x11, 0x21, 0x11, 0x13, 0x12, 0x11, 0x13, 0x11,
    0x11, 0x21, 0x31, 0x12, 0x13, 0x13, 0x12, 0x13, 0x13, 0x11, 0x31, 0x21, 0x31, 0x31, 0x12, 0x11,
    0x31, 0x11, 0x21, 0x31, 0x31, 0x21, 0x31, 0x21, 0x13, 0x11, 0x31, 0x21, 0x11, 0x11, 0x13, 0x12,
    0x13, 0x11, 0x31, 0x11, 0x11, 0x13, 0x11, 0x11, 0x11, 0x13, 0x11, 0x31, 0x11, 0x11, 0x31, 0x11,
    0x11, 0x21, 0x11, 0x31, 0x11, 0x12, 0x13, 0x11, 0x11, 0x31, 0x11, 0x11, 0x21, 0x11, 0x11, 0x13,
    0x11, 0x12, 0x11, 0x31, 0x13, 0x11, 0x11, 0x11, 0x31, 0x11, 0x11, 0x21, 0x13, 0x11, 0x11, 0x11,
    0x11, 0x11, 0x31, 0x13, 0x13, 0x12, 0x11, 0x31, 0x21, 0x31, 0x31, 0x11, 0x31, 0x31, 0x11, 0x31,
    0x31, 0x12, 0x13, 0x11, 0x13, 0x13, 0x13, 0x11, 0x13, 0x11, 0x31, 0x11, 0x11, 0x13, 0x12, 0x11,
    0x11, 0x31, 0x21, 0x13, 0x11, 0x11, 0x31, 0x11, 0x11, 0x11, 0x21, 0x12, 0x11, 0x13, 0x11, 0x21,
    0x31, 0x11, 0x12, 0x13, 0x11, 0x12, 0x11, 0x11, 0x21, 0x13, 0x11, 0x21, 0x31, 0x11, 0x11, 0x21,
    0x11, 0x11, 0x11, 0x31, 0x21, 0x11, 0x11, 0x31, 0x12, 0x11, 0x13, 0x11, 0x12, 0x11, 0x11, 0x11,
    0x11, 0x13, 0x13, 0x11, 0x31, 0x11, 0x31, 0x11, 0x13, 0x12, 0x11, 0x11, 0x21, 0x31, 0x31, 0x21,
    0x13, 0x11, 0x13, 0x11, 0x11, 0x21, 0x21, 0x13, 0x12, 0x13, 0x11, 0x11, 0x13, 0x12, 0x11, 0x11,
    0x31, 0x13, 0x11, 0x11, 0x31, 0x13, 0x11, 0x11, 0x11, 0x11, 0x11, 0x31, 0x12, 0x31, 0x12, 0x13,
    0x11, 0x13, 0x23, 0x23, 0x11, 0x11, 0x11, 0x31, 0x21, 0x32, 0x11, 0x13, 0x11, 0x31, 0x31, 0x21,
    0x31, 0x11, 0x12, 0x13, 0x12, 0x13, 0x13, 0x11, 0x11, 0x11, 0x23, 0x11, 0x11, 0x11, 0x11, 0x11,
    0x11, 0x11, 0x11, 0x12, 0x13, 0x23, 0x23, 0x12, 0x32, 0x31, 0x31, 0x32, 0x32, 0x31, 0x23, 0x23,
    0x32, 0x13, 0x23, 0x21, 0x32, 0x12, 0x32, 0x32, 0x32, 0x32, 0x13, 0x21, 0x32, 0x32, 0x32, 0x32,
    0x13, 0x23, 0x12, 0x31, 0x13, 0x12, 0x11, 0x11, 0x11, 0x11, 0x11, 0x31, 0x13, 0x12, 0x13, 0x23,
    0x13, 0x23, 0x23, 0x12, 0x13, 0x23, 0x13, 0x12, 0x13, 0x23, 0x13, 0x23, 0x13, 0x23, 0x13, 0x13,
    0x13, 0x13, 0x23, 0x13, 0x21, 0x31, 0x21, 0x32, 0x32, 0x13, 0x23, 0x21, 0x11, 0x11, 0x11, 0x11,
    0x11, 0x11, 0x11, 0x13, 0x12, 0x33, 0x21, 0x32, 0x12, 0x12, 0x12, 0x33, 0x21, 0x32, 0x32, 0x31,
    0x32, 0x13, 0x21, 0x32, 0x12, 0x32, 0x32, 0x32, 0x21, 0x23, 0x12, 0x32, 0x32, 0x32, 0x32, 0x13,
    0x13, 0x23, 0x13, 0x13, 0x12, 0x11, 0x11, 0x11, 0x11, 0x11, 0x11, 0x11, 0x31, 0x12, 0x32, 0x31,
    0x33, 0x31, 0x31, 0x12, 0x32, 0x13, 0x12, 0x32, 0x13, 0x12, 0x32, 0x13, 0x32, 0x13, 0x11, 0x11,
    0x33, 0x23, 0x23, 0x13, 0x11, 0x11, 0x31, 0x32, 0x32, 0x12, 0x31, 0x21, 0x11, 0x11, 0x11, 0x11,
    0x11, 0x11, 0x11, 0x11, 0x11, 0x11, 0x11, 0x32, 0x11, 0x21, 0x13, 0x11, 0x13, 0x12, 0x31, 0x11,
    0x11, 0x11, 0x11, 0x31, 0x21, 0x31, 0x12, 0x11, 0x11, 0x11, 0x13, 0x12, 0x11, 0x31, 0x11, 0x21,
    0x13, 0x11, 0x11, 0x11, 0x11, 0x11, 0x11, 0x11, 0x11, 0x11, 0x11, 0x11, 0x11, 0x11, 0x31, 0x11,
    0x11, 0x13, 0x11, 0x13, 0x11, 0x11, 0x11, 0x31, 0x31, 0x31, 0x13, 0x11, 0x11, 0x11, 0x31, 0x31,
    0x13, 0x11, 0x11, 0x11, 0x11, 0x11, 0x31, 0x11, 0x11, 0x13, 0x11, 0x11, 0x11, 0x11, 0x11, 0x11,
    0x11, 0x11, 0x11, 0x11, 0x11, 0x11, 0x11, 0x13, 0x23, 0x11, 0x21, 0x31, 0x21, 0x31, 0x31, 0x11,
    0x11, 0x12, 0x11, 0x21, 0x31, 0x31, 0x11, 0x12, 0x11, 0x31, 0x31, 0x21, 0x31, 0x31, 0x11, 0x31,
    0x21, 0x11, 0x11, 0x11, 0x11, 0x11, 0x11, 0x11, 0x11, 0x11, 0x11, 0x11, 0x11, 0x11, 0x11, 0x11,
    0x11, 0x11, 0x11, 0x11, 0x11, 0x11, 0x11, 0x11, 0x11, 0x11, 0x11, 0x11, 0x11, 0x11, 0x11, 0x11,
    0x11, 0x11, 0x11, 0x11, 0x11, 0x11, 0x11, 0x11, 0x11, 0x11, 0x11, 0x11, 0x11, 0x11, 0x11, 0x11,
    0x11, 0x11, 0x11, 0x11, 0x11, 0x11, 0x11, 0x11, 0x11, 0x11, 0x13, 0x11, 0x11, 0x11, 0x11, 0x11,
    0x13, 0x11, 0x11, 0x11, 0x11, 0x11, 0x11, 0x31, 0x11, 0x11, 0x11, 0x11, 0x11, 0x31, 0x11, 0x11,
    0x11, 0x11, 0x11, 0x11, 0x11, 0x11, 0x11, 0x11, 0x11, 0x11, 0x11, 0x11, 0x11, 0x11, 0x11, 0x11,
    0x13, 0x13, 0x11, 0x31, 0x31, 0x31, 0x11, 0x31, 0x31, 0x31, 0x31, 0x31, 0x11, 0x31, 0x31, 0x13,
    0x13, 0x11, 0x11, 0x31, 0x31, 0x13, 0x13, 0x13, 0x11, 0x11, 0x11, 0x11, 0x11, 0x11, 0x11, 0x11,
    0x11, 0x11, 0x11, 0x11, 0x11, 0x11, 0x11, 0x13, 0x12, 0x11, 0x31, 0x21, 0x12, 0x11, 0x31, 0x21,
    0x12, 0x11, 0x21, 0x13, 0x13, 0x12, 0x13, 0x12, 0x11, 0x31, 0x31, 0x12, 0x13, 0x12, 0x11, 0x21,
    0x13, 0x11, 0x11, 0x11, 0x11, 0x11, 0x11, 0x11, 0x11, 0x11, 0x11, 0x11, 0x11, 0x11, 0x13, 0x12,
    0x13, 0x13, 0x11, 0x31, 0x31, 0x31, 0x21, 0x31, 0x31, 0x31, 0x13, 0x11, 0x21, 0x13, 0x11, 0x13,
    0x12, 0x11, 0x21, 0x31, 0x11, 0x31, 0x31, 0x31, 0x31, 0x31, 0x11, 0x11, 0x11, 0x11, 0x11, 0x11,
    0x11, 0x11, 0x11, 0x11, 0x11, 0x11, 0x11, 0x13, 0x11, 0x12, 0x11, 0x11, 0x11, 0x13, 0x11, 0x13,
    0x11, 0x13, 0x11, 0x31, 0x13, 0x11, 0x31, 0x11, 0x13, 0x13, 0x11, 0x13, 0x11, 0x11, 0x11, 0x11,
    0x11, 0x11, 0x11, 0x11, 0x11, 0x11, 0x11, 0x11, 0x11, 0x11, 0x11, 0x11, 0x11, 0x11, 0x11, 0x11,
    0x31, 0x11, 0x11, 0x11, 0x11, 0x31, 0x31, 0x11, 0x11, 0x11, 0x11, 0x13, 0x11, 0x11, 0x11, 0x11,
    0x11, 0x11, 0x31, 0x11, 0x11, 0x11, 0x11, 0x13, 0x21, 0x11, 0x11, 0x11, 0x11, 0x11, 0x11, 0x11,
    0x11, 0x11, 0x11, 0x11, 0x11, 0x11, 0x11, 0x11, 0x11, 0x11, 0x11, 0x11, 0x11, 0x11, 0x11, 0x11,
    0x11, 0x11, 0x11, 0x11, 0x11, 0x11, 0x11, 0x11, 0x11, 0x11, 0x11, 0x11, 0x11, 0x11, 0x11, 0x11,
    0x11, 0x11, 0x11, 0x11, 0x11, 0x11, 0x11, 0x11, 0x11, 0x11, 0x11, 0x11, 0x11, 0x11, 0x11, 0x11,
    0x11, 0x11, 0x11, 0x11, 0x11, 0x11, 0x11, 0x11, 0x11, 0x11, 0x11, 0x11, 0x11, 0x11, 0x11, 0x11,
    0x11, 0x11, 0x11, 0x11, 0x11, 0x11, 0x11, 0x11, 0x11, 0x11, 0x11, 0x11, 0x11, 0x11, 0x11, 0x11,
    0x11, 0x11, 0x11, 0x11, 0x11, 0x11, 0x11, 0x11, 0x11, 0x11, 0x11, 0x11, 0x11, 0x11, 0x11, 0x11,
    0x11, 0x11, 0x11, 0x11, 0x11, 0x11, 0x11, 0x11, 0x11, 0x11, 0x11, 0x11, 0x11, 0x11, 0x11, 0x11,
    0x11, 0x11, 0x11, 0x11, 0x11, 0x11, 0x11, 0x11, 0x11, 0x11, 0x11, 0x11, 0x11, 0x11, 0x11, 0x11,
    0x11, 0x11, 0x32, 0x31, 0x11, 0x11, 0x11, 0x11, 0x32, 0x31, 0x11, 0x11, 0x11, 0x11, 0x13, 0x23,
    0x11, 0x11, 0x11, 0x11, 0x13, 0x23, 0x11, 0x11, 0x11, 0x11, 0x11, 0x11, 0x11, 0x11, 0x11, 0x11,
    0x11, 0x11, 0x11, 0x11, 0x13, 0x23, 0x23, 0x11, 0x32, 0x32, 0x13, 0x12, 0x32, 0x31, 0x13, 0x23,
    0x13, 0x12, 0x32, 0x31, 0x13, 0x23, 0x21, 0x31, 0x23, 0x21, 0x13, 0x23, 0x21, 0x31, 0x23, 0x23,
    0x11, 0x32, 0x31, 0x31, 0x11, 0x11, 0x11, 0x11, 0x11, 0x11, 0x11, 0x11, 0x12, 0x13, 0x13, 0x23,
    0x13, 0x13, 0x23, 0x23, 0x13, 0x12, 0x31, 0x32, 0x23, 0x23, 0x13, 0x12, 0x31, 0x31, 0x32, 0x32,
    0x31, 0x32, 0x31, 0x31, 0x32, 0x32, 0x31, 0x31, 0x23, 0x13, 0x23, 0x21, 0x11, 0x11, 0x11, 0x11,
    0x11, 0x11, 0x11, 0x11, 0x13, 0x23, 0x21, 0x32, 0x23, 0x21, 0x31, 0x32, 0x32, 0x31, 0x23, 0x21,
    0x31, 0x32, 0x32, 0x31, 0x23, 0x22, 0x31, 0x31, 0x23, 0x21, 0x32, 0x23, 0x21, 0x31, 0x23, 0x23,
    0x12, 0x32, 0x13, 0x11, 0x11, 0x11, 0x11, 0x11, 0x11, 0x11, 0x11, 0x11, 0x11, 0x31, 0x32, 0x13,
    0x13, 0x12, 0x11, 0x11, 0x31, 0x23, 0x13, 0x23, 0x21, 0x11, 0x31, 0x23, 0x13, 0x13, 0x21, 0x13,
    0x21, 0x32, 0x13, 0x13, 0x11, 0x11, 0x31, 0x32, 0x31, 0x32, 0x32, 0x11, 0x11, 0x11, 0x11, 0x11,
    0x11, 0x11, 0x11, 0x11, 0x11, 0x11, 0x11, 0x32, 0x11, 0x11, 0x11, 0x11, 0x11, 0x32, 0x31, 0x11,
    0x11, 0x11, 0x11, 0x32, 0x32, 0x11, 0x11, 0x11, 0x11, 0x13, 0x23, 0x11, 0x11, 0x11, 0x11, 0x11,
    0x32, 0x11, 0x11, 0x11, 0x11, 0x11, 0x11, 0x11, 0x11, 0x11, 0x11, 0x11, 0x11, 0x11, 0x11, 0x11,
    0x11, 0x11, 0x11, 0x11, 0x11, 0x11, 0x11, 0x11, 0x11, 0x11, 0x11, 0x11, 0x11, 0x11, 0x11, 0x11,
    0x11, 0x11, 0x11, 0x11, 0x11, 0x11, 0x11, 0x11, 0x11, 0x11, 0x11, 0x11, 0x11, 0x11, 0x11, 0x11,
    0x11, 0x11, 0x11, 0x11, 0x11, 0x11, 0x11, 0x11, 0x11, 0x11, 0x11, 0x11, 0x11, 0x11, 0x11, 0x11,
    0x11, 0x11, 0x11, 0x11, 0x11, 0x11, 0x11, 0x11, 0x11, 0x11, 0x11, 0x11, 0x11, 0x11, 0x11, 0x11,
    0x11, 0x11, 0x11, 0x11, 0x11, 0x11, 0x11, 0x11, 0x11, 0x11, 0x11, 0x11, 0x11, 0x11, 0x11, 0x11,
    0x11, 0x11, 0x11, 0x11, 0x11, 0x11, 0x11, 0x11, 0x11, 0x11, 0x11, 0x11, 0x11, 0x11, 0x11, 0x11,
    0x11, 0x11, 0x11, 0x11, 0x11, 0x11, 0x11, 0x11, 0x11, 0x11, 0x11, 0x11, 0x11, 0x11, 0x11, 0x11,
    0x11, 0x11, 0x11, 0x11, 0x11, 0x11, 0x11, 0x11, 0x11, 0x11, 0x11, 0x11, 0x11, 0x11, 0x11, 0x11,
    0x11, 0x11, 0x11, 0x11, 0x11, 0x11, 0x11, 0x11, 0x11, 0x11, 0x11, 0x11, 0x11, 0x11, 0x11, 0x11,
    0x11, 0x11, 0x11, 0x11, 0x11, 0x11, 0x11, 0x11, 0x11, 0x11, 0x11, 0x11, 0x11, 0x11, 0x11, 0x11,
    0x11, 0x11, 0x11, 0x11, 0x11, 0x11, 0x11, 0x11, 0x11, 0x11, 0x11, 0x11, 0x11, 0x11, 0x11, 0x11,
    0x11, 0x11, 0x11, 0x11, 0x11, 0x11, 0x11, 0x11, 0x11, 0x11, 0x11, 0x11, 0x11, 0x11, 0x11, 0x11,
};

// Auto-generated icon: wx_51d (80x80)
// Each byte holds 2 pixels (high nibble first)
#define ICON_WX_51D_W 80
#define ICON_WX_51D_H 80
static const uint8_t PROGMEM icon_wx_51d[] = {
    0x11, 0x11, 0x11, 0x11, 0x11, 0x11, 0x11, 0x11, 0x11, 0x11, 0x11, 0x11, 0x11, 0x11, 0x11, 0x11,
    0x11, 0x11, 0x11, 0x11, 0x11, 0x11, 0x11, 0x11, 0x11, 0x11, 0x11, 0x11, 0x11, 0x11, 0x11, 0x11,
    0x11, 0x11, 0x11, 0x11, 0x11, 0x11, 0x11, 0x11, 0x11, 0x11, 0x11, 0x11, 0x11, 0x11, 0x11, 0x11,
    0x11, 0x11, 0x11, 0x11, 0x11, 0x11, 0x11, 0x11, 0x11, 0x11, 0x11, 0x11, 0x11, 0x11, 0x11, 0x11,
    0x11, 0x11, 0x11, 0x11, 0x11, 0x11, 0x11, 0x11, 0x11, 0x11, 0x11, 0x11, 0x11, 0x11, 0x11, 0x11,
    0x11, 0x11, 0x11, 0x11, 0x11, 0x11, 0x11, 0x11, 0x11, 0x11, 0x11, 0x11, 0x11, 0x11, 0x11, 0x11,
    0x11, 0x11, 0x11, 0x11, 0x11, 0x11, 0x11, 0x11, 0x11, 0x11, 0x11, 0x11, 0x11, 0x11, 0x11, 0x11,
    0x11, 0x11, 0x11, 0x11, 0x11, 0x11, 0x11, 0x11, 0x11, 0x11, 0x11, 0x11, 0x11, 0x11, 0x11, 0x11,
    0x11, 0x11, 0x11, 0x11, 0x11, 0x11, 0x11, 0x11, 0x11, 0x11, 0x11, 0x11, 0x31, 0x13, 0x11, 0x31,
    0x11, 0x11, 0x11, 0x11, 0x11, 0x11, 0x11, 0x11, 0x11, 0x11, 0x11, 0x11, 0x11, 0x11, 0x11, 0x11,
    0x11, 0x11, 0x11, 0x11, 0x11, 0x11, 0x11, 0x11, 0x11, 0x11, 0x11, 0x11, 0x11, 0x11, 0x11, 0x11,
    0x11, 0x11, 0x31, 0x11, 0x11, 0x11, 0x11, 0x11, 0x13, 0x11, 0x11, 0x11, 0x11, 0x11, 0x11, 0x11,
    0x11, 0x11, 0x11, 0x11, 0x11, 0x11, 0x11, 0x11, 0x11, 0x11, 0x11, 0x11, 0x11, 0x11, 0x11, 0x11,
    0x11, 0x11, 0x11, 0x11, 0x11, 0x11, 0x11, 0x11, 0x11, 0x31, 0x11, 0x31, 0x21, 0x31, 0x21, 0x31,
    0x11, 0x11, 0x11, 0x11, 0x11, 0x11, 0x11, 0x11, 0x11, 0x11, 0x11, 0x11, 0x11, 0x11, 0x11, 0x11,
    0x11, 0x11, 0x11, 0x11, 0x11, 0x11, 0x11, 0x11, 0x11, 0x11, 0x11, 0x11, 0x11, 0x11, 0x11, 0x11,
    0x31, 0x11, 0x21, 0x11, 0x11, 0x11, 0x11, 0x11, 0x21, 0x13, 0x11, 0x11, 0x11, 0x11, 0x11, 0x11,
    0x11, 0x11, 0x11, 0x11, 0x11, 0x11, 0x11, 0x11, 0x11, 0x11, 0x11, 0x11, 0x11, 0x11, 0x11, 0x11,
    0x11, 0x11, 0x11, 0x11, 0x11, 0x11, 0x11, 0x13, 0x11, 0x21, 0x11, 0x31, 0x13, 0x11, 0x31, 0x11,
    0x13, 0x11, 0x13, 0x11, 0x11, 0x11, 0x11, 0x11, 0x11, 0x11, 0x11, 0x11, 0x11, 0x11, 0x11, 0x11,
    0x11, 0x11, 0x11, 0x11, 0x11, 0x11, 0x11, 0x11, 0x11, 0x11, 0x11, 0x11, 0x11, 0x11, 0x11, 0x31,
    0x11, 0x13, 0x11, 0x11, 0x11, 0x11, 0x11, 0x21, 0x11, 0x12, 0x11, 0x12, 0x11, 0x11, 0x11, 0x11,
    0x11, 0x11, 0x11, 0x11, 0x11, 0x11, 0x11, 0x11, 0x11, 0x11, 0x11, 0x11, 0x11, 0x11, 0x11, 0x11,
    0x11, 0x11, 0x11, 0x11, 0x11, 0x11, 0x31, 0x11, 0x21, 0x11, 0x13, 0x12, 0x11, 0x21, 0x13, 0x11,
    0x31, 0x11, 0x11, 0x11, 0x31, 0x11, 0x11, 0x11, 0x11, 0x11, 0x11, 0x11, 0x11, 0x11, 0x11, 0x11,
    0x11, 0x11, 0x11, 0x11, 0x11, 0x11, 0x11, 0x11, 0x11, 0x11, 0x11, 0x11, 0x11, 0x11, 0x11, 0x21,
    0x13, 0x11, 0x11, 0x11, 0x31, 0x13, 0x11, 0x11, 0x11, 0x31, 0x13, 0x11, 0x11, 0x31, 0x11, 0x11,
    0x11, 0x11, 0x11, 0x11, 0x11, 0x11, 0x11, 0x11, 0x11, 0x11, 0x11, 0x11, 0x11, 0x11, 0x11, 0x11,
    0x11, 0x11, 0x11, 0x11, 0x11, 0x13, 0x11, 0x13, 0x11, 0x13, 0x12, 0x11, 0x11, 0x11, 0x11, 0x31,
    0x11, 0x11, 0x11, 0x11, 0x21, 0x11, 0x11, 0x11, 0x11, 0x11, 0x11, 0x11, 0x11, 0x11, 0x11, 0x11,
    0x11, 0x11, 0x11, 0x11, 0x11, 0x11, 0x11, 0x11, 0x11, 0x11, 0x11, 0x11, 0x13, 0x11, 0x21, 0x11,
    0x13, 0x11, 0x11, 0x13, 0x11, 0x31, 0x21, 0x11, 0x21, 0x13, 0x12, 0x11, 0x11, 0x13, 0x11, 0x11,
    0x11, 0x11, 0x11, 0x11, 0x11, 0x11, 0x11, 0x11, 0x11, 0x11, 0x11, 0x11, 0x11, 0x11, 0x11, 0x11,
    0x11, 0x11, 0x11, 0x11, 0x11, 0x11, 0x13, 0x11, 0x11, 0x21, 0x13, 0x11, 0x11, 0x11, 0x11, 0x31,
    0x13, 0x11, 0x11, 0x13, 0x11, 0x11, 0x11, 0x11, 0x11, 0x11, 0x11, 0x11, 0x11, 0x11, 0x11, 0x11,
    0x11, 0x11, 0x11, 0x11, 0x11, 0x11, 0x11, 0x11, 0x11, 0x11, 0x11, 0x11, 0x13, 0x13, 0x11, 0x13,
    0x11, 0x13, 0x11, 0x12, 0x13, 0x11, 0x31, 0x11, 0x11, 0x12, 0x11, 0x11, 0x13, 0x12, 0x11, 0x11,
    0x11, 0x11, 0x11, 0x11, 0x11, 0x11, 0x11, 0x11, 0x11, 0x11, 0x11, 0x11, 0x11, 0x11, 0x11, 0x11,
    0x11, 0x11, 0x11, 0x11, 0x31, 0x11, 0x21, 0x11, 0x21, 0x11, 0x12, 0x11, 0x11, 0x12, 0x11, 0x13,
    0x11, 0x11, 0x31, 0x13, 0x11, 0x11, 0x13, 0x11, 0x11, 0x11, 0x11, 0x11, 0x11, 0x11, 0x11, 0x11,
    0x11, 0x11, 0x11, 0x11, 0x11, 0x11, 0x11, 0x11, 0x11, 0x11, 0x11, 0x11, 0x12, 0x11, 0x13, 0x11,
    0x13, 0x11, 0x31, 0x13, 0x11, 0x11, 0x13, 0x11, 0x21, 0x31, 0x11, 0x11, 0x12, 0x11, 0x11, 0x11,
    0x11, 0x11, 0x11, 0x11, 0x11, 0x11, 0x11, 0x11, 0x11, 0x11, 0x11, 0x11, 0x11, 0x11, 0x11, 0x11,
    0x11, 0x11, 0x11, 0x13, 0x11, 0x31, 0x11, 0x13, 0x11, 0x11, 0x11, 0x11, 0x13, 0x13, 0x11, 0x11,
    0x11, 0x11, 0x13, 0x12, 0x11, 0x13, 0x11, 0x13, 0x11, 0x11, 0x11, 0x11, 0x11, 0x11, 0x11, 0x11,
    0x11, 0x11, 0x11, 0x11, 0x11, 0x11, 0x11, 0x11, 0x11, 0x11, 0x11, 0x11, 0x11, 0x11, 0x31, 0x11,
    0x21, 0x31, 0x21, 0x31, 0x11, 0x11, 0x12, 0x13, 0x11, 0x31, 0x11, 0x11, 0x13, 0x11, 0x13, 0x11,
    0x11, 0x11, 0x11, 0x11, 0x11, 0x11, 0x11, 0x11, 0x11, 0x11, 0x11, 0x11, 0x11, 0x11, 0x11, 0x31,
    0x31, 0x31, 0x31, 0x31, 0x21, 0x31, 0x12, 0x11, 0x11, 0x11, 0x11, 0x11, 0x21, 0x12, 0x11, 0x11,
    0x11, 0x11, 0x21, 0x13, 0x11, 0x11, 0x11, 0x11, 0x11, 0x11, 0x11, 0x11, 0x11, 0x11, 0x11, 0x11,
    0x11, 0x11, 0x11, 0x11, 0x11, 0x13, 0x13, 0x11, 0x21, 0x11, 0x12, 0x11, 0x31, 0x12, 0x11, 0x31,
    0x31, 0x13, 0x11, 0x31, 0x13, 0x11, 0x31, 0x13, 0x12, 0x11, 0x13, 0x11, 0x11, 0x31, 0x21, 0x11,
    0x11, 0x11, 0x11, 0x11, 0x11, 0x11, 0x11, 0x11, 0x11, 0x11, 0x11, 0x11, 0x11, 0x31, 0x11, 0x21,
    0x13, 0x12, 0x11, 0x31, 0x11, 0x11, 0x31, 0x11, 0x11, 0x21, 0x12, 0x11, 0x11, 0x11, 0x11, 0x11,
    0x11, 0x31, 0x11, 0x11, 0x21, 0x11, 0x11, 0x31, 0x21, 0x11, 0x11, 0x11, 0x11, 0x11, 0x11, 0x11,
    0x11, 0x11, 0x11, 0x11, 0x31, 0x12, 0x13, 0x11, 0x11, 0x11, 0x31, 0x11, 0x31, 0x31, 0x11, 0x21,
    0x31, 0x13, 0x11, 0x13, 0x11, 0x31, 0x13, 0x12, 0x11, 0x11, 0x13, 0x11, 0x11, 0x31, 0x11, 0x11,
    0x11, 0x11, 0x11, 0x11, 0x11, 0x11, 0x11, 0x11, 0x11, 0x11, 0x11, 0x11, 0x12, 0x11, 0x11, 0x31,
    0x31, 0x31, 0x11, 0x31, 0x11, 0x12, 0x11, 0x31, 0x11, 0x11, 0x13, 0x11, 0x12, 0x11, 0x21, 0x11,
    0x13, 0x11, 0x21, 0x13, 0x11, 0x11, 0x31, 0x11, 0x31, 0x11, 0x11, 0x11, 0x11, 0x11, 0x11, 0x11,
    0x11, 0x11, 0x11, 0x31, 0x31, 0x31, 0x31, 0x11, 0x11, 0x12, 0x11, 0x12, 0x12, 0x11, 0x31, 0x11,
    0x31, 0x21, 0x11, 0x12, 0x11, 0x31, 0x11, 0x31, 0x11, 0x13, 0x11, 0x11, 0x12, 0x11, 0x12, 0x11,
    0x11, 0x11, 0x11, 0x11, 0x11, 0x11, 0x11, 0x11, 0x11, 0x11, 0x11, 0x12, 0x11, 0x11, 0x12, 0x12,
    0x12, 0x11, 0x31, 0x11, 0x31, 0x11, 0x11, 0x31, 0x11, 0x13, 0x12, 0x11, 0x31, 0x11, 0x31, 0x11,
    0x31, 0x11, 0x13, 0x12, 0x11, 0x13, 0x11, 0x13, 0x11, 0x31, 0x11, 0x11, 0x11, 0x11, 0x11, 0x11,
    0x11, 0x11, 0x13, 0x11, 0x31, 0x21, 0x31, 0x13, 0x11, 0x31, 0x12, 0x11, 0x11, 0x31, 0x31, 0x12,
    0x13, 0x11, 0x11, 0x31, 0x11, 0x31, 0x11, 0x21, 0x11, 0x21, 0x11, 0x11, 0x13, 0x11, 0x13, 0x11,
    0x11, 0x11, 0x13, 0x11, 0x11, 0x11, 0x11, 0x11, 0x11, 0x11, 0x31, 0x13, 0x11, 0x31, 0x11, 0x31,
    0x13, 0x11, 0x31, 0x31, 0x31, 0x11, 0x12, 0x11, 0x11, 0x13, 0x11, 0x11, 0x31, 0x12, 0x11, 0x11,
    0x31, 0x13, 0x11, 0x31, 0x11, 0x11, 0x11, 0x12, 0x11, 0x21, 0x11, 0x11, 0x11, 0x11, 0x11, 0x11,
    0x11, 0x11, 0x12, 0x11, 0x21, 0x11, 0x31, 0x12, 0x11, 0x21, 0x11, 0x11, 0x12, 0x12, 0x11, 0x31,
    0x13, 0x11, 0x21, 0x31, 0x12, 0x11, 0x13, 0x11, 0x11, 0x11, 0x11, 0x11, 0x21, 0x31, 0x21, 0x11,
    0x31, 0x13, 0x11, 0x21, 0x11, 0x11, 0x11, 0x11, 0x11, 0x13, 0x11, 0x31, 0x13, 0x11, 0x12, 0x11,
    0x31, 0x13, 0x12, 0x13, 0x11, 0x13, 0x11, 0x11, 0x21, 0x11, 0x11, 0x12, 0x11, 0x13, 0x11, 0x13,
    0x12, 0x13, 0x12, 0x11, 0x11, 0x11, 0x11, 0x31, 0x11, 0x11, 0x11, 0x13, 0x11, 0x11, 0x11, 0x11,
    0x11, 0x11, 0x31, 0x13, 0x11, 0x21, 0x31, 0x31, 0x11, 0x11, 0x11, 0x11, 0x13, 0x11, 0x13, 0x11,
    0x13, 0x13, 0x13, 0x11, 0x13, 0x11, 0x12, 0x11, 0x11, 0x11, 0x11, 0x31, 0x31, 0x13, 0x11, 0x11,
    0x13, 0x11, 0x31, 0x11, 0x13, 0x11, 0x11, 0x11, 0x11, 0x31, 0x12, 0x11, 0x21, 0x13, 0x11, 0x11,
    0x31, 0x31, 0x31, 0x31, 0x21, 0x13, 0x11, 0x21, 0x31, 0x11, 0x11, 0x13, 0x11, 0x12, 0x11, 0x13,
    0x13, 0x11, 0x31, 0x11, 0x11, 0x11, 0x12, 0x13, 0x11, 0x12, 0x11, 0x13, 0x11, 0x11, 0x11, 0x11,
    0x11, 0x12, 0x11, 0x31, 0x13, 0x11, 0x13, 0x12, 0x11, 0x12, 0x11, 0x11, 0x13, 0x11, 0x21, 0x11,
    0x11, 0x21, 0x21, 0x11, 0x21, 0x11, 0x31, 0x11, 0x11, 0x21, 0x11, 0x21, 0x13, 0x12, 0x11, 0x11,
    0x12, 0x11, 0x13, 0x11, 0x12, 0x13, 0x11, 0x11, 0x13, 0x11, 0x31, 0x13, 0x11, 0x21, 0x31, 0x11,
    0x31, 0x11, 0x31, 0x21, 0x31, 0x21, 0x13, 0x13, 0x11, 0x31, 0x13, 0x11, 0x13, 0x11, 0x11, 0x31,
    0x21, 0x11, 0x31, 0x13, 0x11, 0x11, 0x13, 0x11, 0x11, 0x13, 0x11, 0x12, 0x11, 0x11, 0x11, 0x11,
    0x11, 0x31, 0x12, 0x11, 0x21, 0x13, 0x12, 0x13, 0x12, 0x13, 0x11, 0x31, 0x11, 0x13, 0x11, 0x11,
    0x21, 0x11, 0x11, 0x13, 0x11, 0x13, 0x11, 0x11, 0x11, 0x31, 0x11, 0x11, 0x12, 0x13, 0x11, 0x13,
    0x13, 0x11, 0x12, 0x11, 0x11, 0x31, 0x13, 0x11, 0x11, 0x12, 0x13, 0x11, 0x31, 0x11, 0x13, 0x11,
    0x13, 0x11, 0x21, 0x11, 0x31, 0x11, 0x13, 0x11, 0x13, 0x13, 0x12, 0x11, 0x12, 0x11, 0x21, 0x31,
    0x31, 0x11, 0x21, 0x31, 0x11, 0x11, 0x12, 0x11, 0x11, 0x12, 0x11, 0x13, 0x11, 0x11, 0x11, 0x11,
    0x13, 0x11, 0x11, 0x31, 0x13, 0x12, 0x11, 0x13, 0x11, 0x13, 0x11, 0x31, 0x12, 0x13, 0x11, 0x21,
    0x11, 0x11, 0x11, 0x31, 0x13, 0x11, 0x11, 0x11, 0x11, 0x21, 0x11, 0x11, 0x31, 0x13, 0x11, 0x11,
    0x21, 0x11, 0x13, 0x11, 0x11, 0x21, 0x11, 0x11, 0x11, 0x31, 0x31, 0x12, 0x11, 0x13, 0x13, 0x11,
    0x21, 0x11, 0x31, 0x12, 0x11, 0x11, 0x21, 0x13, 0x13, 0x12, 0x11, 0x12, 0x11, 0x13, 0x13, 0x12,
    0x11, 0x13, 0x13, 0x11, 0x12, 0x11, 0x13, 0x11, 0x13, 0x13, 0x11, 0x11, 0x31, 0x13, 0x11, 0x31,
    0x11, 0x12, 0x12, 0x11, 0x31, 0x11, 0x11, 0x21, 0x13, 0x12, 0x11, 0x31, 0x31, 0x31, 0x13, 0x11,
    0x11, 0x11, 0x31, 0x11, 0x31, 0x11, 0x11, 0x11, 0x31, 0x11, 0x11, 0x21, 0x11, 0x13, 0x11, 0x13,
    0x11, 0x11, 0x11, 0x31, 0x11, 0x11, 0x11, 0x11, 0x13, 0x11, 0x31, 0x31, 0x12, 0x13, 0x13, 0x13,
    0x11, 0x11, 0x31, 0x11, 0x11, 0x12, 0x11, 0x13, 0x12, 0x13, 0x11, 0x31, 0x11, 0x21, 0x31, 0x21,
    0x11, 0x31, 0x21, 0x13, 0x13, 0x11, 0x12, 0x11, 0x11, 0x21, 0x31, 0x12, 0x11, 0x31, 0x21, 0x11,
    0x11, 0x13, 0x11, 0x12, 0x13, 0x11, 0x21, 0x11, 0x21, 0x31, 0x12, 0x13, 0x12, 0x11, 0x31, 0x12,
    0x11, 0x11, 0x21, 0x11, 0x21, 0x11, 0x11, 0x13, 0x11, 0x11, 0x11, 0x11, 0x11, 0x12, 0x11, 0x13,
    0x11, 0x11, 0x11, 0x11, 0x11, 0x11, 0x11, 0x31, 0x11, 0x11, 0x21, 0x31, 0x11, 0x31, 0x13, 0x11,
    0x31, 0x12, 0x11, 0x11, 0x13, 0x11, 0x12, 0x11, 0x31, 0x31, 0x13, 0x11, 0x31, 0x31, 0x21, 0x11,
    0x12, 0x13, 0x13, 0x11, 0x21, 0x11, 0x31, 0x11, 0x13, 0x11, 0x21, 0x31, 0x31, 0x13, 0x11, 0x11,
    0x11, 0x31, 0x31, 0x13, 0x11, 0x12, 0x11, 0x31, 0x12, 0x11, 0x31, 0x31, 0x11, 0x31, 0x13, 0x11,
    0x11, 0x11, 0x11, 0x21, 0x11, 0x11, 0x13, 0x13, 0x11, 0x11, 0x11, 0x21, 0x13, 0x11, 0x11, 0x31,
    0x11, 0x21, 0x11, 0x11, 0x11, 0x11, 0x11, 0x11, 0x11, 0x11, 0x13, 0x11, 0x21, 0x31, 0x31, 0x12,
    0x11, 0x31, 0x11, 0x12, 0x11, 0x12, 0x11, 0x13, 0x12, 0x13, 0x11, 0x31, 0x13, 0x13, 0x11, 0x11,
    0x13, 0x12, 0x11, 0x13, 0x11, 0x13, 0x11, 0x12, 0x11, 0x13, 0x11, 0x31, 0x21, 0x21, 0x31, 0x11,
    0x11, 0x13, 0x11, 0x21, 0x31, 0x11, 0x12, 0x11, 0x31, 0x12, 0x13, 0x11, 0x31, 0x31, 0x13, 0x11,
    0x13, 0x11, 0x21, 0x11, 0x21, 0x11, 0x21, 0x31, 0x21, 0x11, 0x31, 0x11, 0x13, 0x11, 0x21, 0x11,
    0x31, 0x11, 0x11, 0x11, 0x11, 0x11, 0x11, 0x11, 0x11, 0x12, 0x13, 0x11, 0x13, 0x12, 0x13, 0x11,
    0x13, 0x11, 0x31, 0x21, 0x11, 0x13, 0x11, 0x21, 0x11, 0x13, 0x11, 0x31, 0x13, 0x11, 0x11, 0x11,
    0x13, 0x11, 0x11, 0x31, 0x11, 0x21, 0x11, 0x31, 0x11, 0x31, 0x21, 0x31, 0x13, 0x11, 0x13, 0x11,
    0x11, 0x11, 0x11, 0x31, 0x21, 0x13, 0x11, 0x31, 0x21, 0x31, 0x11, 0x31, 0x31, 0x21, 0x13, 0x13,
    0x13, 0x11, 0x13, 0x11, 0x11, 0x21, 0x31, 0x21, 0x11, 0x13, 0x11, 0x12, 0x11, 0x13, 0x11, 0x11,
    0x31, 0x11, 0x11, 0x11, 0x11, 0x13, 0x11, 0x11, 0x11, 0x11, 0x11, 0x13, 0x13, 0x11, 0x31, 0x11,
    0x31, 0x12, 0x11, 0x11, 0x11, 0x13, 0x11, 0x11, 0x11, 0x21, 0x11, 0x21, 0x31, 0x11, 0x11, 0x13,
    0x13, 0x11, 0x21, 0x11, 0x31, 0x11, 0x13, 0x11, 0x12, 0x11, 0x31, 0x13, 0x12, 0x11, 0x21, 0x11,
    0x11, 0x11, 0x11, 0x11, 0x11, 0x21, 0x12, 0x13, 0x11, 0x31, 0x31, 0x31, 0x23, 0x11, 0x21, 0x31,
    0x21, 0x13, 0x13, 0x11, 0x13, 0x13, 0x13, 0x11, 0x11, 0x21, 0x13, 0x11, 0x11, 0x31, 0x11, 0x21,
    0x11, 0x31, 0x11, 0x21, 0x11, 0x11, 0x11, 0x11, 0x11, 0x11, 0x11, 0x13, 0x13, 0x13, 0x11, 0x31,
    0x21, 0x11, 0x12, 0x11, 0x11, 0x13, 0x11, 0x11, 0x31, 0x11, 0x11, 0x13, 0x11, 0x11, 0x11, 0x21,
    0x31, 0x13, 0x11, 0x13, 0x11, 0x12, 0x11, 0x13, 0x11, 0x11, 0x21, 0x11, 0x31, 0x31, 0x11, 0x11,
    0x11, 0x11, 0x11, 0x11, 0x11, 0x11, 0x31, 0x11, 0x31, 0x31, 0x13, 0x13, 0x13, 0x11, 0x13, 0x12,
    0x11, 0x31, 0x21, 0x31, 0x21, 0x21, 0x21, 0x11, 0x11, 0x11, 0x13, 0x11, 0x21, 0x11, 0x31, 0x11,
    0x13, 0x11, 0x13, 0x11, 0x11, 0x11, 0x11, 0x11, 0x11, 0x11, 0x11, 0x11, 0x13, 0x12, 0x12, 0x13,
    0x11, 0x12, 0x11, 0x11, 0x12, 0x13, 0x12, 0x11, 0x31, 0x11, 0x31, 0x11, 0x13, 0x11, 0x31, 0x31,
    0x21, 0x31, 0x21, 0x11, 0x13, 0x11, 0x11, 0x31, 0x11, 0x21, 0x11, 0x11, 0x31, 0x11, 0x11, 0x11,
    0x11, 0x11, 0x11, 0x11, 0x11, 0x31, 0x13, 0x11, 0x21, 0x31, 0x31, 0x21, 0x31, 0x11, 0x11, 0x31,
    0x12, 0x13, 0x11, 0x21, 0x31, 0x11, 0x11, 0x11, 0x13, 0x11, 0x13, 0x13, 0x11, 0x13, 0x11, 0x12,
    0x11, 0x13, 0x11, 0x31, 0x11, 0x11, 0x11, 0x11, 0x11, 0x11, 0x11, 0x11, 0x11, 0x11, 0x21, 0x31,
    0x11, 0x11, 0x11, 0x31, 0x11, 0x31, 0x31, 0x11, 0x13, 0x11, 0x13, 0x11, 0x11, 0x31, 0x31, 0x13,
    0x11, 0x13, 0x11, 0x11, 0x11, 0x11, 0x12, 0x11, 0x13, 0x11, 0x12, 0x11, 0x11, 0x11, 0x11, 0x11,
    0x11, 0x11, 0x11, 0x11, 0x11, 0x11, 0x11, 0x11, 0x31, 0x31, 0x31, 0x12, 0x13, 0x11, 0x21, 0x31,
    0x21, 0x13, 0x11, 0x21, 0x31, 0x12, 0x12, 0x11, 0x21, 0x11, 0x21, 0x31, 0x21, 0x31, 0x13, 0x13,
    0x11, 0x21, 0x11, 0x11, 0x11, 0x11, 0x11, 0x11, 0x11, 0x11, 0x11, 0x11, 0x11, 0x11, 0x11, 0x11,
    0x11, 0x11, 0x11, 0x11, 0x11, 0x11, 0x11, 0x11, 0x11, 0x11, 0x11, 0x11, 0x11, 0x11, 0x11, 0x11,
    0x11, 0x11, 0x11, 0x11, 0x11, 0x11, 0x11, 0x11, 0x11, 0x11, 0x11, 0x11, 0x11, 0x11, 0x11, 0x11,
    0x11, 0x11, 0x11, 0x11, 0x11, 0x11, 0x11, 0x11, 0x11, 0x11, 0x11, 0x11, 0x11, 0x11, 0x11, 0x11,
    0x11, 0x11, 0x11, 0x11, 0x11, 0x11, 0x11, 0x11, 0x11, 0x11, 0x11, 0x11, 0x11, 0x11, 0x11, 0x11,
    0x11, 0x11, 0x11, 0x11, 0x11, 0x11, 0x11, 0x11, 0x11, 0x11, 0x11, 0x11, 0x11, 0x11, 0x11, 0x11,
    0x11, 0x11, 0x11, 0x11, 0x11, 0x11, 0x11, 0x11, 0x11, 0x11, 0x11, 0x11, 0x11, 0x11, 0x11, 0x11,
    0x11, 0x11, 0x11, 0x11, 0x11, 0x11, 0x11, 0x11, 0x11, 0x11, 0x11, 0x11, 0x11, 0x11, 0x11, 0x11,
    0x11, 0x11, 0x11, 0x11, 0x11, 0x11, 0x11, 0x11, 0x11, 0x11, 0x11, 0x11, 0x11, 0x11, 0x11, 0x11,
    0x11, 0x11, 0x11, 0x11, 0x11, 0x11, 0x11, 0x11, 0x11, 0x11, 0x11, 0x11, 0x11, 0x11, 0x11, 0x11,
    0x11, 0x11, 0x11, 0x11, 0x11, 0x11, 0x11, 0x11, 0x11, 0x11, 0x11, 0x11, 0x11, 0x11, 0x11, 0x11,
    0x11, 0x11, 0x11, 0x11, 0x11, 0x11, 0x11, 0x11, 0x11, 0x11, 0x11, 0x11, 0x11, 0x11, 0x11, 0x11,
    0x11, 0x11, 0x11, 0x11, 0x11, 0x11, 0x11, 0x11, 0x11, 0x11, 0x11, 0x11, 0x11, 0x11, 0x11, 0x11,
    0x11, 0x11, 0x11, 0x11, 0x11, 0x11, 0x11, 0x11, 0x11, 0x11, 0x11, 0x11, 0x11, 0x11, 0x11, 0x11,
    0x11, 0x11, 0x11, 0x11, 0x11, 0x11, 0x11, 0x11, 0x11, 0x11, 0x11, 0x11, 0x11, 0x11, 0x11, 0x11,
    0x11, 0x11, 0x11, 0x11, 0x11, 0x11, 0x11, 0x11, 0x11, 0x11, 0x11, 0x11, 0x11, 0x11, 0x11, 0x11,
    0x11, 0x11, 0x11, 0x11, 0x31, 0x11, 0x11, 0x11, 0x11, 0x11, 0x11, 0x11, 0x11, 0x11, 0x11, 0x11,
    0x11, 0x11, 0x31, 0x31, 0x11, 0x11, 0x11, 0x11, 0x11, 0x11, 0x11, 0x11, 0x11, 0x11, 0x11, 0x11,
    0x11, 0x11, 0x11, 0x11, 0x11, 0x11, 0x11, 0x11, 0x11, 0x11, 0x11, 0x13, 0x12, 0x11, 0x11, 0x11,
    0x11, 0x11, 0x11, 0x11, 0x11, 0x11, 0x11, 0x11, 0x11, 0x11, 0x11, 0x11, 0x11, 0x11, 0x11, 0x11,
    0x11, 0x11, 0x11, 0x11, 0x11, 0x11, 0x11, 0x11, 0x11, 0x11, 0x11, 0x11, 0x11, 0x11, 0x11, 0x11,
    0x11, 0x11, 0x11, 0x11, 0x11, 0x31, 0x11, 0x11, 0x11, 0x11, 0x11, 0x11, 0x11, 0x11, 0x11, 0x11,
    0x11, 0x13, 0x12, 0x13, 0x11, 0x11, 0x11, 0x11, 0x11, 0x11, 0x11, 0x11, 0x11, 0x11, 0x11, 0x11,
    0x11, 0x11, 0x11, 0x11, 0x11, 0x11, 0x11, 0x11, 0x11, 0x11, 0x11, 0x11, 0x31, 0x11, 0x11, 0x11,
    0x11, 0x11, 0x11, 0x11, 0x11, 0x11, 0x11, 0x11, 0x11, 0x11, 0x13, 0x11, 0x11, 0x11, 0x11, 0x11,
    0x11, 0x11, 0x11, 0x11, 0x11, 0x11, 0x11, 0x11, 0x11, 0x11, 0x11, 0x11, 0x11, 0x11, 0x11, 0x11,
    0x11, 0x11, 0x11, 0x11, 0x11, 0x11, 0x11, 0x11, 0x11, 0x11, 0x11, 0x11, 0x11, 0x11, 0x11, 0x11,
    0x11, 0x11, 0x11, 0x11, 0x11, 0x11, 0x11, 0x11, 0x11, 0x11, 0x11, 0x11, 0x11, 0x11, 0x11, 0x11,
    0x11, 0x11, 0x11, 0x11, 0x11, 0x11, 0x11, 0x11, 0x11, 0x11, 0x11, 0x11, 0x11, 0x11, 0x11, 0x11,
    0x11, 0x11, 0x11, 0x11, 0x11, 0x11, 0x11, 0x11, 0x11, 0x11, 0x11, 0x11, 0x11, 0x11, 0x11, 0x11,
    0x11, 0x11, 0x11, 0x11, 0x11, 0x11, 0x11, 0x11, 0x11, 0x11, 0x11, 0x11, 0x11, 0x11, 0x11, 0x11,
    0x11, 0x11, 0x11, 0x11, 0x11, 0x11, 0x11, 0x11, 0x11, 0x11, 0x11, 0x11, 0x11, 0x11, 0x11, 0x11,
    0x11, 0x11, 0x11, 0x11, 0x11, 0x11, 0x11, 0x11, 0x11, 0x11, 0x11, 0x11, 0x11, 0x11, 0x11, 0x11,
    0x11, 0x11, 0x11, 0x11, 0x11, 0x11, 0x11, 0x11, 0x11, 0x11, 0x11, 0x11, 0x11, 0x11, 0x11, 0x11,
    0x11, 0x11, 0x11, 0x11, 0x11, 0x11, 0x11, 0x11, 0x11, 0x11, 0x11, 0x11, 0x11, 0x11, 0x11, 0x11,
    0x11, 0x11, 0x11, 0x11, 0x11, 0x11, 0x11, 0x11, 0x11, 0x11, 0x11, 0x11, 0x11, 0x11, 0x11, 0x11,
    0x11, 0x11, 0x11, 0x11, 0x11, 0x11, 0x11, 0x11, 0x11, 0x11, 0x11, 0x11, 0x11, 0x11, 0x11, 0x11,
    0x11, 0x11, 0x11, 0x11, 0x11, 0x11, 0x11, 0x11, 0x11, 0x11, 0x11, 0x11, 0x11, 0x11, 0x11, 0x11,
    0x11, 0x11, 0x11, 0x11, 0x11, 0x11, 0x11, 0x11, 0x11, 0x11, 0x11, 0x11, 0x11, 0x11, 0x11, 0x11,
    0x11, 0x11, 0x11, 0x11, 0x11, 0x11, 0x11, 0x11, 0x11, 0x11, 0x11, 0x11, 0x11, 0x11, 0x11, 0x11,
    0x11, 0x11, 0x11, 0x11, 0x11, 0x11, 0x11, 0x11, 0x11, 0x11, 0x11, 0x11, 0x11, 0x11, 0x11, 0x11,
    0x11, 0x11, 0x11, 0x11, 0x11, 0x11, 0x11, 0x11, 0x11, 0x11, 0x11, 0x13, 0x11, 0x11, 0x11, 0x11,
    0x11, 0x11, 0x11, 0x11, 0x11, 0x11, 0x11, 0x11, 0x11, 0x31, 0x11, 0x11, 0x11, 0x11, 0x11, 0x11,
    0x11, 0x11, 0x11, 0x11, 0x11, 0x11, 0x11, 0x11, 0x11, 0x11, 0x11, 0x11, 0x11, 0x11, 0x11, 0x11,
    0x11, 0x11, 0x11, 0x11, 0x11, 0x11, 0x11, 0x11, 0x11, 0x11, 0x11, 0x11, 0x11, 0x11, 0x11, 0x11,
    0x11, 0x13, 0x11, 0x11, 0x11, 0x11, 0x11, 0x11, 0x11, 0x11, 0x11, 0x11, 0x11, 0x11, 0x11, 0x11,
    0x11, 0x11, 0x11, 0x11, 0x11, 0x11, 0x11, 0x11, 0x11, 0x11, 0x13, 0x13, 0x13, 0x11, 0x11, 0x11,
    0x11, 0x11, 0x11, 0x11, 0x11, 0x11, 0x11, 0x11, 0x31, 0x11, 0x11, 0x11, 0x11, 0x11, 0x11, 0x11,
    0x11, 0x11, 0x11, 0x11, 0x11, 0x11, 0x11, 0x11, 0x11, 0x11, 0x11, 0x11, 0x11, 0x11, 0x11, 0x11,
    0x11, 0x11, 0x11, 0x11, 0x11, 0x11, 0x11, 0x11, 0x11, 0x11, 0x11, 0x11, 0x11, 0x11, 0x11, 0x11,
    0x11, 0x31, 0x21, 0x11, 0x11, 0x11, 0x11, 0x11, 0x11, 0x11, 0x11, 0x11, 0x11, 0x11, 0x11, 0x11,
    0x11, 0x11, 0x11, 0x11, 0x11, 0x11, 0x11, 0x11, 0x11, 0x11, 0x11, 0x11, 0x11, 0x11, 0x11, 0x11,
    0x11, 0x11, 0x11, 0x11, 0x11, 0x11, 0x11, 0x11, 0x11, 0x11, 0x11, 0x11, 0x11, 0x11, 0x11, 0x11,
    0x11, 0x11, 0x11, 0x11, 0x11, 0x11, 0x11, 0x11, 0x11, 0x11, 0x11, 0x11, 0x11, 0x11, 0x11, 0x11,
    0x11, 0x11, 0x11, 0x11, 0x11, 0x11, 0x11, 0x11, 0x11, 0x11, 0x11, 0x11, 0x11, 0x11, 0x11, 0x11,
    0x11, 0x11, 0x11, 0x11, 0x11, 0x11, 0x11, 0x11, 0x11, 0x11, 0x11, 0x11, 0x11, 0x11, 0x11, 0x11,
    0x11, 0x11, 0x11, 0x11, 0x11, 0x11, 0x11, 0x11, 0x11, 0x11, 0x11, 0x11, 0x11, 0x11, 0x11, 0x11,
    0x11, 0x11, 0x11, 0x11, 0x11, 0x11, 0x11, 0x11, 0x11, 0x11, 0x11, 0x11, 0x11, 0x11, 0x11, 0x11,
    0x11, 0x11, 0x11, 0x11, 0x11, 0x11, 0x11, 0x11, 0x11, 0x11, 0x11, 0x11, 0x11, 0x11, 0x11, 0x11,
    0x11, 0x11, 0x11, 0x11, 0x11, 0x11, 0x11, 0x11, 0x11, 0x11, 0x11, 0x11, 0x11, 0x11, 0x11, 0x11,
    0x11, 0x11, 0x11, 0x11, 0x11, 0x11, 0x11, 0x11, 0x11, 0x11, 0x11, 0x11, 0x11, 0x11, 0x11, 0x11,
    0x11, 0x11, 0x11, 0x11, 0x11, 0x11, 0x11, 0x11, 0x11, 0x11, 0x11, 0x11, 0x11, 0x11, 0x11, 0x11,
    0x11, 0x11, 0x11, 0x11, 0x11, 0x11, 0x11, 0x11, 0x11, 0x11, 0x11, 0x11, 0x11, 0x11, 0x11, 0x11,
};

// Auto-generated icon: wx_53d (80x80)
// Each byte holds 2 pixels (high nibble first)
#define ICON_WX_53D_W 80
#define ICON_WX_53D_H 80
static const uint8_t PROGMEM icon_wx_53d[] = {
    0x11, 0x11, 0x11, 0x11, 0x11, 0x11, 0x11, 0x11, 0x11, 0x11, 0x11, 0x11, 0x11, 0x11, 0x11, 0x13,
    0x13, 0x13, 0x13, 0x11, 0x11, 0x11, 0x11, 0x11, 0x11, 0x11, 0x11, 0x11, 0x11, 0x11, 0x11, 0x11,
    0x11, 0x11, 0x11, 0x11, 0x11, 0x11, 0x11, 0x11, 0x11, 0x11, 0x11, 0x11, 0x11, 0x11, 0x11, 0x11,
    0x11, 0x11, 0x11, 0x11, 0x11, 0x11, 0x31, 0x31, 0x21, 0x21, 0x21, 0x31, 0x31, 0x11, 0x11, 0x11,
    0x11, 0x11, 0x11, 0x11, 0x11, 0x11, 0x11, 0x11, 0x11, 0x11, 0x11, 0x11, 0x11, 0x11, 0x11, 0x11,
    0x11, 0x11, 0x11, 0x11, 0x11, 0x11, 0x11, 0x11, 0x11, 0x11, 0x11, 0x11, 0x11, 0x32, 0x13, 0x21,
    0x31, 0x31, 0x31, 0x21, 0x13, 0x11, 0x11, 0x11, 0x11, 0x11, 0x11, 0x11, 0x11, 0x11, 0x11, 0x11,
    0x11, 0x11, 0x11, 0x11, 0x11, 0x11, 0x11, 0x11, 0x11, 0x11, 0x11, 0x11, 0x11, 0x11, 0x11, 0x11,
    0x11, 0x11, 0x11, 0x13, 0x13, 0x13, 0x11, 0x31, 0x21, 0x31, 0x21, 0x31, 0x21, 0x31, 0x11, 0x11,
    0x11, 0x11, 0x11, 0x11, 0x11, 0x11, 0x11, 0x11, 0x11, 0x11, 0x11, 0x11, 0x11, 0x11, 0x11, 0x11,
    0x11, 0x11, 0x11, 0x11, 0x11, 0x11, 0x11, 0x11, 0x11, 0x11, 0x11, 0x12, 0x12, 0x12, 0x31, 0x21,
    0x31, 0x21, 0x31, 0x13, 0x13, 0x12, 0x11, 0x11, 0x11, 0x11, 0x11, 0x11, 0x11, 0x11, 0x11, 0x11,
    0x11, 0x11, 0x11, 0x11, 0x11, 0x11, 0x11, 0x11, 0x11, 0x11, 0x11, 0x11, 0x11, 0x11, 0x11, 0x11,
    0x11, 0x11, 0x13, 0x13, 0x31, 0x31, 0x13, 0x13, 0x13, 0x13, 0x12, 0x31, 0x21, 0x31, 0x31, 0x11,
    0x11, 0x11, 0x11, 0x11, 0x11, 0x11, 0x11, 0x11, 0x11, 0x11, 0x11, 0x11, 0x11, 0x11, 0x11, 0x11,
    0x11, 0x11, 0x11, 0x11, 0x11, 0x11, 0x11, 0x11, 0x11, 0x11, 0x12, 0x31, 0x21, 0x32, 0x12, 0x12,
    0x12, 0x12, 0x13, 0x13, 0x11, 0x21, 0x13, 0x11, 0x11, 0x11, 0x11, 0x11, 0x11, 0x11, 0x11, 0x11,
    0x11, 0x11, 0x11, 0x11, 0x11, 0x11, 0x11, 0x11, 0x11, 0x11, 0x11, 0x11, 0x11, 0x11, 0x11, 0x11,
    0x11, 0x13, 0x13, 0x13, 0x13, 0x13, 0x13, 0x13, 0x13, 0x13, 0x11, 0x21, 0x31, 0x31, 0x31, 0x21,
    0x11, 0x11, 0x11, 0x11, 0x11, 0x11, 0x11, 0x11, 0x11, 0x11, 0x11, 0x11, 0x11, 0x11, 0x11, 0x11,
    0x11, 0x11, 0x11, 0x11, 0x11, 0x11, 0x11, 0x11, 0x11, 0x12, 0x31, 0x21, 0x21, 0x21, 0x31, 0x21,
    0x31, 0x21, 0x31, 0x31, 0x21, 0x31, 0x21, 0x31, 0x31, 0x11, 0x11, 0x11, 0x11, 0x11, 0x11, 0x11,
    0x11, 0x11, 0x11, 0x11, 0x11, 0x11, 0x11, 0x11, 0x11, 0x11, 0x11, 0x11, 0x11, 0x11, 0x11, 0x11,
    0x11, 0x31, 0x13, 0x13, 0x13, 0x13, 0x12, 0x31, 0x21, 0x31, 0x21, 0x31, 0x31, 0x21, 0x31, 0x13,
    0x11, 0x11, 0x11, 0x11, 0x11, 0x11, 0x11, 0x11, 0x11, 0x11, 0x11, 0x11, 0x11, 0x11, 0x11, 0x11,
    0x11, 0x11, 0x11, 0x11, 0x11, 0x11, 0x11, 0x11, 0x11, 0x13, 0x21, 0x32, 0x13, 0x12, 0x13, 0x13,
    0x13, 0x13, 0x13, 0x12, 0x13, 0x13, 0x12, 0x31, 0x21, 0x11, 0x11, 0x11, 0x11, 0x11, 0x11, 0x11,
    0x11, 0x11, 0x11, 0x11, 0x11, 0x11, 0x11, 0x11, 0x11, 0x11, 0x11, 0x11, 0x11, 0x11, 0x11, 0x11,
    0x13, 0x21, 0x31, 0x21, 0x32, 0x13, 0x12, 0x12, 0x12, 0x12, 0x12, 0x13, 0x11, 0x21, 0x31, 0x13,
    0x13, 0x11, 0x11, 0x11, 0x11, 0x11, 0x11, 0x11, 0x11, 0x11, 0x11, 0x11, 0x11, 0x11, 0x11, 0x11,
    0x11, 0x11, 0x11, 0x11, 0x11, 0x11, 0x11, 0x11, 0x11, 0x31, 0x23, 0x13, 0x13, 0x12, 0x31, 0x31,
    0x31, 0x31, 0x31, 0x31, 0x23, 0x13, 0x12, 0x13, 0x11, 0x11, 0x11, 0x11, 0x11, 0x11, 0x11, 0x11,
    0x11, 0x11, 0x11, 0x11, 0x11, 0x11, 0x11, 0x11, 0x11, 0x11, 0x11, 0x11, 0x11, 0x31, 0x31, 0x31,
    0x32, 0x13, 0x12, 0x12, 0x12, 0x31, 0x13, 0x12, 0x13, 0x12, 0x13, 0x12, 0x11, 0x31, 0x21, 0x11,
    0x12, 0x11, 0x11, 0x11, 0x11, 0x11, 0x11, 0x11, 0x11, 0x11, 0x11, 0x11, 0x11, 0x11, 0x11, 0x11,
    0x11, 0x11, 0x11, 0x11, 0x31, 0x23, 0x23, 0x21, 0x23, 0x12, 0x31, 0x31, 0x31, 0x13, 0x21, 0x31,
    0x31, 0x23, 0x12, 0x13, 0x13, 0x11, 0x13, 0x11, 0x11, 0x31, 0x13, 0x11, 0x11, 0x11, 0x11, 0x11,
    0x11, 0x11, 0x11, 0x11, 0x11, 0x11, 0x11, 0x11, 0x11, 0x11, 0x11, 0x31, 0x23, 0x12, 0x11, 0x31,
    0x31, 0x31, 0x23, 0x12, 0x31, 0x21, 0x31, 0x21, 0x23, 0x11, 0x31, 0x31, 0x21, 0x21, 0x11, 0x13,
    0x11, 0x11, 0x11, 0x13, 0x11, 0x11, 0x11, 0x11, 0x11, 0x11, 0x11, 0x11, 0x11, 0x11, 0x11, 0x11,
    0x11, 0x11, 0x12, 0x13, 0x12, 0x31, 0x32, 0x13, 0x21, 0x23, 0x12, 0x31, 0x23, 0x13, 0x13, 0x13,
    0x11, 0x32, 0x13, 0x12, 0x11, 0x13, 0x11, 0x11, 0x12, 0x13, 0x11, 0x11, 0x13, 0x11, 0x11, 0x11,
    0x11, 0x11, 0x11, 0x11, 0x11, 0x11, 0x11, 0x11, 0x11, 0x11, 0x31, 0x32, 0x31, 0x32, 0x13, 0x21,
    0x31, 0x31, 0x31, 0x13, 0x13, 0x12, 0x12, 0x31, 0x32, 0x13, 0x12, 0x13, 0x13, 0x11, 0x13, 0x12,
    0x11, 0x11, 0x12, 0x11, 0x21, 0x13, 0x11, 0x11, 0x11, 0x11, 0x11, 0x11, 0x11, 0x11, 0x11, 0x11,
    0x11, 0x13, 0x23, 0x12, 0x13, 0x13, 0x21, 0x31, 0x23, 0x12, 0x13, 0x21, 0x21, 0x31, 0x31, 0x21,
    0x21, 0x31, 0x23, 0x11, 0x11, 0x13, 0x11, 0x11, 0x13, 0x11, 0x11, 0x31, 0x11, 0x11, 0x13, 0x11,
    0x11, 0x11, 0x11, 0x11, 0x11, 0x11, 0x11, 0x11, 0x11, 0x21, 0x31, 0x23, 0x21, 0x21, 0x31, 0x23,
    0x12, 0x31, 0x31, 0x31, 0x31, 0x23, 0x13, 0x13, 0x13, 0x12, 0x11, 0x13, 0x11, 0x11, 0x21, 0x13,
    0x11, 0x13, 0x11, 0x11, 0x13, 0x11, 0x11, 0x11, 0x11, 0x11, 0x11, 0x11, 0x11, 0x11, 0x11, 0x11,
    0x11, 0x32, 0x13, 0x13, 0x13, 0x32, 0x13, 0x12, 0x31, 0x23, 0x21, 0x23, 0x13, 0x12, 0x12, 0x31,
    0x21, 0x31, 0x31, 0x11, 0x21, 0x31, 0x11, 0x11, 0x12, 0x11, 0x12, 0x13, 0x11, 0x12, 0x11, 0x21,
    0x11, 0x11, 0x11, 0x11, 0x11, 0x11, 0x11, 0x11, 0x13, 0x13, 0x23, 0x21, 0x21, 0x31, 0x32, 0x31,
    0x31, 0x31, 0x31, 0x31, 0x21, 0x31, 0x31, 0x23, 0x13, 0x21, 0x11, 0x21, 0x11, 0x11, 0x31, 0x31,
    0x11, 0x13, 0x11, 0x11, 0x12, 0x11, 0x13, 0x11, 0x31, 0x11, 0x11, 0x11, 0x11, 0x11, 0x11, 0x11,
    0x12, 0x31, 0x21, 0x33, 0x32, 0x12, 0x13, 0x12, 0x12, 0x13, 0x21, 0x23, 0x13, 0x21, 0x31, 0x31,
    0x21, 0x31, 0x31, 0x13, 0x11, 0x31, 0x11, 0x12, 0x13, 0x11, 0x13, 0x11, 0x11, 0x13, 0x11, 0x11,
    0x11, 0x11, 0x11, 0x11, 0x11, 0x11, 0x11, 0x11, 0x13, 0x21, 0x32, 0x12, 0x13, 0x31, 0x32, 0x31,
    0x33, 0x21, 0x31, 0x31, 0x21, 0x32, 0x13, 0x21, 0x31, 0x21, 0x11, 0x11, 0x11, 0x12, 0x11, 0x11,
    0x11, 0x12, 0x11, 0x13, 0x13, 0x11, 0x11, 0x31, 0x13, 0x11, 0x11, 0x11, 0x11, 0x11, 0x11, 0x11,
    0x21, 0x32, 0x13, 0x31, 0x32, 0x12, 0x13, 0x12, 0x13, 0x13, 0x21, 0x23, 0x13, 0x13, 0x12, 0x13,
    0x13, 0x11, 0x31, 0x21, 0x31, 0x11, 0x31, 0x31, 0x13, 0x11, 0x13, 0x11, 0x11, 0x11, 0x31, 0x11,
    0x11, 0x11, 0x11, 0x11, 0x11, 0x11, 0x11, 0x11, 0x32, 0x13, 0x21, 0x23, 0x12, 0x33, 0x21, 0x33,
    0x21, 0x21, 0x31, 0x31, 0x23, 0x12, 0x13, 0x11, 0x21, 0x11, 0x11, 0x11, 0x12, 0x11, 0x11, 0x11,
    0x21, 0x13, 0x11, 0x12, 0x11, 0x21, 0x11, 0x21, 0x12, 0x11, 0x11, 0x11, 0x11, 0x11, 0x11, 0x11,
    0x31, 0x32, 0x33, 0x12, 0x31, 0x21, 0x32, 0x12, 0x13, 0x31, 0x23, 0x12, 0x12, 0x11, 0x11, 0x11,
    0x13, 0x13, 0x13, 0x13, 0x11, 0x31, 0x12, 0x11, 0x13, 0x11, 0x12, 0x11, 0x13, 0x11, 0x11, 0x13,
    0x11, 0x11, 0x11, 0x11, 0x11, 0x11, 0x11, 0x11, 0x23, 0x21, 0x21, 0x31, 0x23, 0x13, 0x13, 0x13,
    0x21, 0x23, 0x12, 0x31, 0x31, 0x31, 0x31, 0x31, 0x11, 0x11, 0x11, 0x11, 0x11, 0x11, 0x31, 0x13,
    0x11, 0x12, 0x11, 0x13, 0x11, 0x13, 0x13, 0x11, 0x13, 0x11, 0x11, 0x11, 0x11, 0x11, 0x11, 0x11,
    0x31, 0x32, 0x32, 0x32, 0x13, 0x23, 0x21, 0x31, 0x33, 0x12, 0x31, 0x31, 0x11, 0x11, 0x11, 0x12,
    0x13, 0x12, 0x12, 0x13, 0x12, 0x11, 0x11, 0x11, 0x13, 0x11, 0x13, 0x11, 0x11, 0x11, 0x11, 0x11,
    0x11, 0x13, 0x11, 0x11, 0x11, 0x11, 0x11, 0x11, 0x23, 0x13, 0x13, 0x13, 0x21, 0x31, 0x32, 0x32,
    0x12, 0x31, 0x21, 0x12, 0x13, 0x12, 0x12, 0x11, 0x11, 0x11, 0x31, 0x11, 0x11, 0x31, 0x21, 0x31,
    0x11, 0x13, 0x11, 0x12, 0x13, 0x12, 0x11, 0x21, 0x31, 0x11, 0x11, 0x11, 0x11, 0x11, 0x11, 0x11,
    0x32, 0x12, 0x32, 0x13, 0x13, 0x21, 0x21, 0x23, 0x13, 0x13, 0x13, 0x11, 0x11, 0x13, 0x11, 0x31,
    0x31, 0x31, 0x11, 0x31, 0x31, 0x11, 0x11, 0x12, 0x13, 0x11, 0x12, 0x11, 0x11, 0x11, 0x13, 0x11,
    0x11, 0x21, 0x11, 0x11, 0x11, 0x11, 0x11, 0x11, 0x13, 0x23, 0x13, 0x23, 0x21, 0x32, 0x33, 0x12,
    0x32, 0x12, 0x11, 0x31, 0x31, 0x11, 0x13, 0x11, 0x11, 0x12, 0x11, 0x11, 0x12, 0x13, 0x13, 0x11,
    0x11, 0x12, 0x11, 0x31, 0x13, 0x11, 0x11, 0x11, 0x31, 0x11, 0x31, 0x11, 0x11, 0x11, 0x11, 0x11,
    0x13, 0x12, 0x31, 0x21, 0x32, 0x13, 0x12, 0x31, 0x13, 0x21, 0x31, 0x11, 0x12, 0x13, 0x11, 0x21,
    0x31, 0x11, 0x31, 0x21, 0x11, 0x11, 0x11, 0x13, 0x12, 0x11, 0x31, 0x11, 0x11, 0x13, 0x11, 0x31,
    0x11, 0x31, 0x11, 0x31, 0x11, 0x11, 0x11, 0x11, 0x12, 0x31, 0x23, 0x13, 0x23, 0x21, 0x31, 0x23,
    0x21, 0x31, 0x12, 0x13, 0x11, 0x11, 0x21, 0x11, 0x12, 0x11, 0x11, 0x13, 0x13, 0x11, 0x21, 0x11,
    0x11, 0x31, 0x11, 0x31, 0x21, 0x11, 0x21, 0x11, 0x21, 0x11, 0x21, 0x11, 0x31, 0x11, 0x11, 0x11,
    0x11, 0x23, 0x12, 0x32, 0x13, 0x13, 0x23, 0x13, 0x13, 0x12, 0x13, 0x11, 0x21, 0x31, 0x13, 0x13,
    0x11, 0x31, 0x31, 0x11, 0x11, 0x21, 0x13, 0x12, 0x11, 0x11, 0x31, 0x11, 0x13, 0x11, 0x11, 0x31,
    0x11, 0x31, 0x11, 0x11, 0x11, 0x31, 0x11, 0x11, 0x11, 0x32, 0x31, 0x31, 0x23, 0x21, 0x32, 0x12,
    0x32, 0x11, 0x11, 0x31, 0x13, 0x11, 0x31, 0x11, 0x21, 0x11, 0x12, 0x13, 0x11, 0x13, 0x11, 0x11,
    0x31, 0x11, 0x12, 0x13, 0x11, 0x13, 0x11, 0x11, 0x31, 0x11, 0x31, 0x31, 0x21, 0x11, 0x11, 0x11,
    0x11, 0x13, 0x23, 0x23, 0x13, 0x12, 0x31, 0x31, 0x31, 0x31, 0x31, 0x12, 0x11, 0x21, 0x12, 0x13,
    0x11, 0x31, 0x13, 0x11, 0x21, 0x11, 0x13, 0x11, 0x11, 0x31, 0x11, 0x11, 0x12, 0x11, 0x12, 0x11,
    0x11, 0x21, 0x11, 0x11, 0x11, 0x13, 0x11, 0x11, 0x11, 0x11, 0x13, 0x12, 0x32, 0x31, 0x23, 0x23,
    0x21, 0x12, 0x11, 0x31, 0x31, 0x13, 0x11, 0x11, 0x31, 0x12, 0x11, 0x11, 0x31, 0x31, 0x11, 0x21,
    0x31, 0x12, 0x13, 0x11, 0x31, 0x13, 0x11, 0x31, 0x11, 0x11, 0x31, 0x12, 0x13, 0x11, 0x11, 0x11,
    0x11, 0x11, 0x12, 0x31, 0x21, 0x32, 0x31, 0x31, 0x32, 0x11, 0x31, 0x11, 0x13, 0x11, 0x13, 0x11,
    0x12, 0x11, 0x31, 0x31, 0x11, 0x12, 0x11, 0x11, 0x12, 0x11, 0x11, 0x11, 0x11, 0x11, 0x11, 0x11,
    0x31, 0x31, 0x11, 0x11, 0x11, 0x12, 0x13, 0x11, 0x11, 0x11, 0x11, 0x23, 0x32, 0x13, 0x21, 0x23,
    0x21, 0x31, 0x12, 0x13, 0x11, 0x21, 0x31, 0x21, 0x31, 0x31, 0x11, 0x12, 0x13, 0x11, 0x31, 0x31,
    0x11, 0x31, 0x31, 0x21, 0x31, 0x21, 0x31, 0x21, 0x11, 0x11, 0x21, 0x31, 0x13, 0x11, 0x11, 0x11,
    0x11, 0x11, 0x11, 0x11, 0x13, 0x21, 0x33, 0x12, 0x31, 0x12, 0x13, 0x11, 0x21, 0x11, 0x11, 0x31,
    0x11, 0x11, 0x21, 0x13, 0x11, 0x11, 0x11, 0x12, 0x11, 0x11, 0x11, 0x11, 0x11, 0x11, 0x11, 0x11,
    0x31, 0x21, 0x11, 0x11, 0x11, 0x11, 0x31, 0x13, 0x11, 0x11, 0x11, 0x11, 0x11, 0x32, 0x12, 0x31,
    0x23, 0x11, 0x11, 0x31, 0x13, 0x13, 0x12, 0x11, 0x31, 0x21, 0x31, 0x11, 0x13, 0x12, 0x13, 0x11,
    0x31, 0x31, 0x21, 0x31, 0x13, 0x13, 0x11, 0x31, 0x11, 0x11, 0x31, 0x13, 0x12, 0x11, 0x11, 0x11,
    0x11, 0x11, 0x11, 0x11, 0x11, 0x11, 0x11, 0x13, 0x11, 0x31, 0x31, 0x12, 0x11, 0x12, 0x11, 0x31,
    0x11, 0x31, 0x11, 0x31, 0x21, 0x13, 0x11, 0x11, 0x11, 0x11, 0x11, 0x11, 0x21, 0x11, 0x21, 0x11,
    0x21, 0x31, 0x11, 0x11, 0x11, 0x13, 0x12, 0x11, 0x11, 0x11, 0x11, 0x11, 0x11, 0x11, 0x11, 0x11,
    0x11, 0x11, 0x21, 0x31, 0x31, 0x31, 0x31, 0x12, 0x11, 0x11, 0x31, 0x11, 0x13, 0x11, 0x13, 0x12,
    0x13, 0x12, 0x13, 0x11, 0x13, 0x11, 0x11, 0x31, 0x11, 0x11, 0x21, 0x31, 0x13, 0x11, 0x11, 0x13,
    0x11, 0x11, 0x11, 0x11, 0x11, 0x11, 0x11, 0x11, 0x11, 0x31, 0x11, 0x11, 0x11, 0x11, 0x12, 0x11,
    0x31, 0x31, 0x12, 0x13, 0x11, 0x13, 0x11, 0x13, 0x11, 0x11, 0x11, 0x21, 0x11, 0x13, 0x11, 0x11,
    0x31, 0x13, 0x11, 0x11, 0x21, 0x11, 0x31, 0x11, 0x11, 0x11, 0x11, 0x11, 0x11, 0x11, 0x11, 0x11,
    0x11, 0x11, 0x31, 0x31, 0x23, 0x12, 0x13, 0x11, 0x12, 0x12, 0x11, 0x11, 0x21, 0x12, 0x12, 0x11,
    0x13, 0x13, 0x11, 0x31, 0x31, 0x11, 0x21, 0x31, 0x11, 0x11, 0x13, 0x11, 0x11, 0x31, 0x11, 0x13,
    0x11, 0x11, 0x11, 0x11, 0x11, 0x11, 0x11, 0x11, 0x11, 0x11, 0x21, 0x13, 0x11, 0x13, 0x11, 0x31,
    0x31, 0x11, 0x31, 0x31, 0x13, 0x11, 0x11, 0x31, 0x11, 0x11, 0x21, 0x11, 0x12, 0x11, 0x11, 0x11,
    0x21, 0x31, 0x11, 0x21, 0x31, 0x11, 0x21, 0x11, 0x11, 0x11, 0x11, 0x11, 0x11, 0x11, 0x11, 0x11,
    0x11, 0x11, 0x31, 0x11, 0x21, 0x31, 0x12, 0x11, 0x13, 0x11, 0x11, 0x13, 0x11, 0x13, 0x11, 0x12,
    0x13, 0x11, 0x13, 0x11, 0x11, 0x31, 0x31, 0x21, 0x11, 0x12, 0x11, 0x11, 0x11, 0x21, 0x11, 0x31,
    0x11, 0x11, 0x11, 0x11, 0x11, 0x11, 0x11, 0x11, 0x11, 0x11, 0x13, 0x13, 0x11, 0x13, 0x11, 0x31,
    0x11, 0x23, 0x12, 0x11, 0x21, 0x31, 0x21, 0x31, 0x11, 0x21, 0x11, 0x21, 0x31, 0x11, 0x11, 0x13,
    0x13, 0x11, 0x13, 0x11, 0x31, 0x11, 0x31, 0x11, 0x11, 0x11, 0x11, 0x11, 0x11, 0x11, 0x11, 0x11,
    0x11, 0x11, 0x11, 0x11, 0x31, 0x21, 0x31, 0x12, 0x13, 0x11, 0x13, 0x11, 0x31, 0x11, 0x31, 0x11,
    0x31, 0x13, 0x11, 0x31, 0x11, 0x21, 0x31, 0x11, 0x11, 0x13, 0x11, 0x11, 0x11, 0x31, 0x11, 0x11,
    0x11, 0x11, 0x11, 0x11, 0x11, 0x11, 0x11, 0x11, 0x11, 0x11, 0x11, 0x31, 0x21, 0x11, 0x12, 0x13,
    0x11, 0x13, 0x11, 0x31, 0x11, 0x31, 0x11, 0x31, 0x12, 0x11, 0x13, 0x11, 0x31, 0x11, 0x11, 0x31,
    0x21, 0x11, 0x12, 0x13, 0x11, 0x11, 0x11, 0x11, 0x11, 0x11, 0x11, 0x11, 0x11, 0x11, 0x11, 0x11,
    0x11, 0x11, 0x11, 0x11, 0x13, 0x13, 0x11, 0x31, 0x13, 0x11, 0x21, 0x12, 0x12, 0x11, 0x31, 0x12,
    0x11, 0x31, 0x11, 0x21, 0x11, 0x31, 0x21, 0x11, 0x13, 0x12, 0x11, 0x11, 0x21, 0x13, 0x11, 0x11,
    0x11, 0x11, 0x11, 0x11, 0x11, 0x11, 0x11, 0x11, 0x11, 0x11, 0x11, 0x11, 0x11, 0x11, 0x31, 0x12,
    0x11, 0x21, 0x13, 0x11, 0x31, 0x31, 0x12, 0x11, 0x31, 0x12, 0x13, 0x11, 0x31, 0x11, 0x13, 0x13,
    0x11, 0x11, 0x31, 0x31, 0x11, 0x11, 0x11, 0x11, 0x11, 0x11, 0x11, 0x11, 0x11, 0x11, 0x11, 0x11,
    0x11, 0x11, 0x11, 0x11, 0x11, 0x31, 0x12, 0x11, 0x31, 0x13, 0x11, 0x31, 0x11, 0x12, 0x11, 0x31,
    0x11, 0x13, 0x11, 0x11, 0x12, 0x13, 0x11, 0x11, 0x12, 0x11, 0x11, 0x11, 0x31, 0x11, 0x11, 0x11,
    0x11, 0x11, 0x11, 0x11, 0x11, 0x11, 0x11, 0x11, 0x11, 0x11, 0x11, 0x11, 0x11, 0x11, 0x11, 0x31,
    0x13, 0x11, 0x21, 0x12, 0x13, 0x11, 0x31, 0x11, 0x31, 0x11, 0x13, 0x13, 0x11, 0x11, 0x12, 0x13,
    0x11, 0x31, 0x13, 0x11, 0x11, 0x11, 0x11, 0x11, 0x11, 0x11, 0x11, 0x11, 0x11, 0x11, 0x11, 0x11,
    0x11, 0x11, 0x11, 0x11, 0x11, 0x11, 0x11, 0x11, 0x11, 0x11, 0x11, 0x11, 0x11, 0x11, 0x11, 0x11,
    0x11, 0x11, 0x11, 0x11, 0x11, 0x11, 0x11, 0x11, 0x11, 0x11, 0x11, 0x11, 0x11, 0x11, 0x11, 0x11,
    0x11, 0x11, 0x11, 0x11, 0x11, 0x11, 0x11, 0x11, 0x11, 0x11, 0x11, 0x11, 0x11, 0x11, 0x11, 0x11,
    0x11, 0x11, 0x11, 0x11, 0x11, 0x11, 0x11, 0x11, 0x11, 0x11, 0x11, 0x11, 0x11, 0x11, 0x11, 0x11,
    0x11, 0x11, 0x11, 0x11, 0x11, 0x11, 0x11, 0x11, 0x11, 0x11, 0x11, 0x11, 0x11, 0x11, 0x11, 0x11,
    0x11, 0x11, 0x11, 0x11, 0x11, 0x11, 0x11, 0x11, 0x11, 0x11, 0x11, 0x11, 0x11, 0x11, 0x11, 0x11,
    0x11, 0x11, 0x11, 0x11, 0x11, 0x11, 0x11, 0x11, 0x11, 0x11, 0x11, 0x11, 0x11, 0x11, 0x11, 0x11,
    0x11, 0x11, 0x11, 0x11, 0x11, 0x11, 0x11, 0x11, 0x11, 0x11, 0x11, 0x11, 0x11, 0x11, 0x11, 0x11,
    0x11, 0x11, 0x11, 0x11, 0x11, 0x11, 0x11, 0x11, 0x11, 0x11, 0x11, 0x11, 0x11, 0x11, 0x11, 0x11,
    0x11, 0x11, 0x11, 0x11, 0x11, 0x11, 0x11, 0x11, 0x11, 0x11, 0x11, 0x11, 0x11, 0x11, 0x11, 0x11,
    0x11, 0x11, 0x11, 0x11, 0x11, 0x11, 0x11, 0x11, 0x11, 0x11, 0x11, 0x11, 0x11, 0x11, 0x11, 0x11,
    0x11, 0x11, 0x11, 0x11, 0x11, 0x11, 0x11, 0x11, 0x11, 0x11, 0x11, 0x11, 0x11, 0x11, 0x11, 0x11,
    0x11, 0x11, 0x11, 0x11, 0x11, 0x11, 0x11, 0x11, 0x11, 0x11, 0x11, 0x11, 0x11, 0x11, 0x11, 0x11,
    0x11, 0x11, 0x11, 0x11, 0x11, 0x11, 0x11, 0x11, 0x11, 0x11, 0x11, 0x11, 0x11, 0x11, 0x11, 0x11,
    0x11, 0x11, 0x11, 0x11, 0x11, 0x11, 0x11, 0x11, 0x11, 0x11, 0x11, 0x11, 0x11, 0x11, 0x11, 0x11,
    0x11, 0x11, 0x11, 0x11, 0x31, 0x11, 0x11, 0x11, 0x11, 0x11, 0x11, 0x11, 0x11, 0x11, 0x11, 0x11,
    0x11, 0x11, 0x31, 0x31, 0x11, 0x11, 0x11, 0x11, 0x11, 0x11, 0x11, 0x11, 0x11, 0x11, 0x11, 0x11,
    0x11, 0x11, 0x11, 0x11, 0x11, 0x11, 0x11, 0x11, 0x11, 0x11, 0x11, 0x13, 0x12, 0x11, 0x11, 0x11,
    0x11, 0x11, 0x11, 0x11, 0x11, 0x11, 0x11, 0x11, 0x11, 0x11, 0x11, 0x11, 0x11, 0x11, 0x11, 0x11,
    0x11, 0x11, 0x11, 0x11, 0x11, 0x11, 0x11, 0x11, 0x11, 0x11, 0x11, 0x11, 0x11, 0x11, 0x11, 0x11,
    0x11, 0x11, 0x11, 0x11, 0x11, 0x31, 0x11, 0x11, 0x11, 0x11, 0x11, 0x11, 0x11, 0x11, 0x11, 0x11,
    0x11, 0x13, 0x12, 0x13, 0x11, 0x11, 0x11, 0x11, 0x11, 0x11, 0x11, 0x11, 0x11, 0x11, 0x11, 0x11,
    0x11, 0x11, 0x11, 0x11, 0x11, 0x11, 0x11, 0x11, 0x11, 0x11, 0x11, 0x11, 0x31, 0x11, 0x11, 0x11,
    0x11, 0x11, 0x11, 0x11, 0x11, 0x11, 0x11, 0x11, 0x11, 0x11, 0x13, 0x11, 0x11, 0x11, 0x11, 0x11,
    0x11, 0x11, 0x11, 0x11, 0x11, 0x11, 0x11, 0x11, 0x11, 0x11, 0x11, 0x11, 0x11, 0x11, 0x11, 0x11,
    0x11, 0x11, 0x11, 0x11, 0x11, 0x11, 0x11, 0x11, 0x11, 0x11, 0x11, 0x11, 0x11, 0x11, 0x11, 0x11,
    0x11, 0x11, 0x11, 0x11, 0x11, 0x11, 0x11, 0x11, 0x11, 0x11, 0x11, 0x11, 0x11, 0x11, 0x11, 0x11,
    0x11, 0x11, 0x11, 0x11, 0x11, 0x11, 0x11, 0x11, 0x11, 0x11, 0x11, 0x11, 0x11, 0x11, 0x11, 0x11,
    0x11, 0x11, 0x11, 0x11, 0x11, 0x11, 0x11, 0x11, 0x11, 0x11, 0x11, 0x11, 0x11, 0x11, 0x11, 0x11,
    0x11, 0x11, 0x11, 0x11, 0x11, 0x11, 0x11, 0x11, 0x11, 0x11, 0x11, 0x11, 0x11, 0x11, 0x11, 0x11,
    0x11, 0x11, 0x11, 0x11, 0x11, 0x11, 0x11, 0x11, 0x11, 0x11, 0x11, 0x11, 0x11, 0x11, 0x11, 0x11,
    0x11, 0x11, 0x11, 0x11, 0x11, 0x11, 0x11, 0x11, 0x11, 0x11, 0x11, 0x11, 0x11, 0x11, 0x11, 0x11,
    0x11, 0x11, 0x11, 0x11, 0x11, 0x11, 0x11, 0x11, 0x11, 0x11, 0x11, 0x11, 0x11, 0x11, 0x11, 0x11,
    0x11, 0x11, 0x11, 0x11, 0x11, 0x11, 0x11, 0x11, 0x11, 0x11, 0x11, 0x11, 0x11, 0x11, 0x11, 0x11,
    0x11, 0x11, 0x11, 0x11, 0x11, 0x11, 0x11, 0x11, 0x11, 0x11, 0x11, 0x11, 0x11, 0x11, 0x11, 0x11,
    0x11, 0x11, 0x11, 0x11, 0x11, 0x11, 0x11, 0x11, 0x11, 0x11, 0x11, 0x31, 0x11, 0x11, 0x11, 0x11,
    0x11, 0x11, 0x11, 0x11, 0x11, 0x11, 0x11, 0x11, 0x11, 0x13, 0x11, 0x11, 0x11, 0x11, 0x11, 0x11,
    0x11, 0x11, 0x11, 0x11, 0x11, 0x11, 0x11, 0x11, 0x11, 0x11, 0x11, 0x11, 0x11, 0x11, 0x11, 0x11,
    0x11, 0x11, 0x13, 0x12, 0x11, 0x11, 0x11, 0x11, 0x11, 0x11, 0x11, 0x11, 0x11, 0x11, 0x11, 0x11,
    0x11, 0x11, 0x31, 0x11, 0x11, 0x11, 0x11, 0x11, 0x11, 0x11, 0x11, 0x11, 0x11, 0x11, 0x11, 0x11,
    0x11, 0x11, 0x11, 0x11, 0x11, 0x11, 0x11, 0x11, 0x11, 0x11, 0x11, 0x11, 0x31, 0x11, 0x11, 0x11,
    0x11, 0x11, 0x11, 0x11, 0x11, 0x11, 0x11, 0x11, 0x11, 0x31, 0x12, 0x11, 0x11, 0x11, 0x11, 0x11,
    0x11, 0x11, 0x11, 0x11, 0x11, 0x11, 0x11, 0x11, 0x11, 0x11, 0x11, 0x11, 0x11, 0x11, 0x11, 0x11,
    0x11, 0x11, 0x31, 0x31, 0x11, 0x31, 0x11, 0x11, 0x11, 0x11, 0x11, 0x11, 0x11, 0x11, 0x11, 0x11,
    0x11, 0x12, 0x11, 0x13, 0x11, 0x11, 0x11, 0x11, 0x11, 0x11, 0x11, 0x11, 0x11, 0x11, 0x11, 0x11,
    0x11, 0x11, 0x11, 0x11, 0x11, 0x11, 0x11, 0x11, 0x11, 0x11, 0x11, 0x12, 0x11, 0x11, 0x11, 0x11,
    0x11, 0x11, 0x11, 0x11, 0x11, 0x11, 0x11, 0x11, 0x11, 0x31, 0x13, 0x11, 0x11, 0x11, 0x11, 0x11,
    0x11, 0x11, 0x11, 0x11, 0x11, 0x11, 0x11, 0x11, 0x11, 0x11, 0x11, 0x11, 0x11, 0x11, 0x11, 0x11,
    0x11, 0x11, 0x13, 0x11, 0x31, 0x11, 0x11, 0x11, 0x11, 0x11, 0x11, 0x11, 0x11, 0x11, 0x11, 0x11,
    0x11, 0x13, 0x11, 0x11, 0x11, 0x11, 0x11, 0x11, 0x11, 0x11, 0x11, 0x11, 0x11, 0x11, 0x11, 0x11,
    0x11, 0x11, 0x11, 0x11, 0x11, 0x11, 0x11, 0x11, 0x11, 0x11, 0x11, 0x11, 0x11, 0x11, 0x11, 0x11,
    0x11, 0x11, 0x11, 0x11, 0x11, 0x11, 0x11, 0x11, 0x13, 0x11, 0x13, 0x11, 0x11, 0x11, 0x11, 0x11,
    0x11, 0x11, 0x11, 0x11, 0x11, 0x11, 0x11, 0x11, 0x11, 0x11, 0x11, 0x11, 0x11, 0x11, 0x11, 0x11,
    0x11, 0x11, 0x11, 0x11, 0x11, 0x11, 0x11, 0x11, 0x11, 0x11, 0x11, 0x11, 0x11, 0x11, 0x11, 0x11,
    0x11, 0x13, 0x11, 0x11, 0x11, 0x11, 0x11, 0x11, 0x11, 0x11, 0x11, 0x11, 0x11, 0x11, 0x11, 0x11,
    0x11, 0x11, 0x11, 0x11, 0x11, 0x11, 0x11, 0x11, 0x11, 0x11, 0x11, 0x11, 0x11, 0x11, 0x11, 0x11,
    0x11, 0x11, 0x11, 0x11, 0x11, 0x11, 0x11, 0x11, 0x11, 0x11, 0x11, 0x11, 0x11, 0x11, 0x11, 0x11,
    0x11, 0x11, 0x11, 0x11, 0x11, 0x11, 0x11, 0x11, 0x11, 0x11, 0x11, 0x11, 0x11, 0x11, 0x11, 0x11,
    0x11, 0x11, 0x11, 0x11, 0x11, 0x11, 0x11, 0x11, 0x11, 0x11, 0x11, 0x11, 0x11, 0x11, 0x11, 0x11,
    0x11, 0x11, 0x11, 0x11, 0x11, 0x11, 0x11, 0x11, 0x11, 0x11, 0x11, 0x11, 0x11, 0x11, 0x11, 0x11,
    0x11, 0x11, 0x11, 0x11, 0x11, 0x11, 0x11, 0x11, 0x11, 0x11, 0x11, 0x11, 0x11, 0x11, 0x11, 0x11,
    0x11, 0x11, 0x11, 0x11, 0x11, 0x11, 0x11, 0x11, 0x11, 0x11, 0x11, 0x11, 0x11, 0x11, 0x11, 0x11,
};

// Auto-generated icon: wx_56d (80x80)
// Each byte holds 2 pixels (high nibble first)
#define ICON_WX_56D_W 80
#define ICON_WX_56D_H 80
static const uint8_t PROGMEM icon_wx_56d[] = {
    0x11, 0x11, 0x11, 0x11, 0x11, 0x11, 0x11, 0x11, 0x11, 0x11, 0x11, 0x11, 0x11, 0x11, 0x11, 0x13,
    0x13, 0x13, 0x13, 0x11, 0x11, 0x11, 0x11, 0x11, 0x11, 0x11, 0x11, 0x11, 0x11, 0x11, 0x11, 0x11,
    0x11, 0x11, 0x11, 0x11, 0x11, 0x11, 0x11, 0x11, 0x11, 0x11, 0x11, 0x11, 0x11, 0x11, 0x11, 0x11,
    0x11, 0x11, 0x11, 0x11, 0x11, 0x11, 0x31, 0x31, 0x21, 0x21, 0x21, 0x31, 0x31, 0x11, 0x11, 0x11,
    0x11, 0x11, 0x11, 0x11, 0x11, 0x11, 0x11, 0x11, 0x11, 0x11, 0x11, 0x11, 0x11, 0x11, 0x11, 0x11,
    0x11, 0x11, 0x11, 0x11, 0x11, 0x11, 0x11, 0x11, 0x11, 0x11, 0x11, 0x11, 0x11, 0x32, 0x13, 0x21,
    0x31, 0x31, 0x31, 0x21, 0x13, 0x11, 0x11, 0x11, 0x11, 0x11, 0x11, 0x11, 0x11, 0x11, 0x11, 0x11,
    0x11, 0x11, 0x11, 0x11, 0x11, 0x11, 0x11, 0x11, 0x11, 0x11, 0x11, 0x11, 0x11, 0x11, 0x11, 0x11,
    0x11, 0x11, 0x11, 0x13, 0x13, 0x13, 0x11, 0x31, 0x21, 0x31, 0x21, 0x31, 0x21, 0x31, 0x11, 0x11,
    0x11, 0x11, 0x11, 0x11, 0x11, 0x11, 0x11, 0x11, 0x11, 0x11, 0x11, 0x11, 0x11, 0x11, 0x11, 0x11,
    0x11, 0x11, 0x11, 0x11, 0x11, 0x11, 0x11, 0x11, 0x11, 0x11, 0x11, 0x12, 0x12, 0x12, 0x31, 0x21,
    0x31, 0x21, 0x31, 0x13, 0x13, 0x12, 0x11, 0x11, 0x11, 0x11, 0x11, 0x11, 0x11, 0x11, 0x11, 0x11,
    0x11, 0x11, 0x11, 0x11, 0x11, 0x11, 0x11, 0x11, 0x11, 0x11, 0x11, 0x11, 0x11, 0x11, 0x11, 0x11,
    0x11, 0x11, 0x13, 0x13, 0x31, 0x31, 0x13, 0x13, 0x13, 0x13, 0x12, 0x31, 0x21, 0x31, 0x31, 0x11,
    0x11, 0x11, 0x11, 0x11, 0x11, 0x11, 0x11, 0x11, 0x11, 0x11, 0x11, 0x11, 0x11, 0x11, 0x11, 0x11,
    0x11, 0x11, 0x11, 0x11, 0x11, 0x11, 0x11, 0x11, 0x11, 0x11, 0x12, 0x31, 0x21, 0x32, 0x12, 0x12,
    0x12, 0x12, 0x13, 0x13, 0x11, 0x21, 0x13, 0x11, 0x11, 0x11, 0x11, 0x11, 0x11, 0x11, 0x11, 0x11,
    0x11, 0x11, 0x11, 0x11, 0x11, 0x11, 0x11, 0x11, 0x11, 0x11, 0x11, 0x11, 0x11, 0x11, 0x11, 0x11,
    0x11, 0x13, 0x13, 0x13, 0x13, 0x13, 0x13, 0x13, 0x13, 0x13, 0x11, 0x21, 0x31, 0x31, 0x31, 0x21,
    0x11, 0x11, 0x11, 0x11, 0x11, 0x11, 0x11, 0x11, 0x11, 0x11, 0x11, 0x11, 0x11, 0x11, 0x11, 0x11,
    0x11, 0x11, 0x11, 0x11, 0x11, 0x11, 0x11, 0x11, 0x11, 0x12, 0x31, 0x21, 0x21, 0x21, 0x31, 0x21,
    0x31, 0x21, 0x31, 0x31, 0x21, 0x31, 0x21, 0x31, 0x31, 0x11, 0x11, 0x11, 0x11, 0x11, 0x11, 0x11,
    0x11, 0x11, 0x11, 0x11, 0x11, 0x11, 0x11, 0x11, 0x11, 0x11, 0x11, 0x11, 0x11, 0x11, 0x11, 0x11,
    0x11, 0x31, 0x13, 0x13, 0x13, 0x13, 0x12, 0x31, 0x21, 0x31, 0x21, 0x31, 0x31, 0x21, 0x31, 0x13,
    0x11, 0x11, 0x11, 0x11, 0x11, 0x11, 0x11, 0x11, 0x11, 0x11, 0x11, 0x11, 0x11, 0x11, 0x11, 0x11,
    0x11, 0x11, 0x11, 0x11, 0x11, 0x11, 0x11, 0x11, 0x11, 0x13, 0x21, 0x32, 0x13, 0x12, 0x13, 0x13,
    0x13, 0x13, 0x13, 0x12, 0x13, 0x13, 0x12, 0x31, 0x21, 0x11, 0x11, 0x11, 0x11, 0x11, 0x11, 0x11,
    0x11, 0x11, 0x11, 0x11, 0x11, 0x11, 0x11, 0x11, 0x11, 0x11, 0x11, 0x11, 0x11, 0x11, 0x11, 0x11,
    0x13, 0x21, 0x31, 0x21, 0x32, 0x13, 0x12, 0x12, 0x12, 0x12, 0x12, 0x13, 0x11, 0x21, 0x31, 0x13,
    0x13, 0x11, 0x11, 0x11, 0x11, 0x11, 0x11, 0x11, 0x11, 0x11, 0x11, 0x11, 0x11, 0x11, 0x11, 0x11,
    0x11, 0x11, 0x11, 0x11, 0x11, 0x11, 0x11, 0x11, 0x11, 0x31, 0x23, 0x13, 0x13, 0x12, 0x31, 0x31,
    0x31, 0x31, 0x31, 0x31, 0x23, 0x13, 0x12, 0x13, 0x11, 0x11, 0x11, 0x11, 0x11, 0x11, 0x11, 0x11,
    0x11, 0x11, 0x11, 0x11, 0x11, 0x11, 0x11, 0x11, 0x11, 0x11, 0x11, 0x11, 0x11, 0x31, 0x31, 0x31,
    0x32, 0x13, 0x12, 0x12, 0x12, 0x31, 0x13, 0x12, 0x13, 0x12, 0x13, 0x12, 0x11, 0x31, 0x21, 0x11,
    0x12, 0x11, 0x11, 0x11, 0x11, 0x11, 0x11, 0x11, 0x11, 0x11, 0x11, 0x11, 0x11, 0x11, 0x11, 0x11,
    0x11, 0x11, 0x11, 0x11, 0x31, 0x23, 0x23, 0x21, 0x23, 0x12, 0x31, 0x31, 0x31, 0x13, 0x21, 0x31,
    0x31, 0x23, 0x12, 0x13, 0x13, 0x11, 0x13, 0x11, 0x11, 0x31, 0x13, 0x11, 0x11, 0x11, 0x11, 0x11,
    0x11, 0x11, 0x11, 0x11, 0x11, 0x11, 0x11, 0x11, 0x11, 0x11, 0x11, 0x31, 0x23, 0x12, 0x11, 0x31,
    0x31, 0x31, 0x23, 0x12, 0x31, 0x21, 0x31, 0x21, 0x23, 0x11, 0x31, 0x31, 0x21, 0x21, 0x11, 0x13,
    0x11, 0x11, 0x11, 0x13, 0x11, 0x11, 0x11, 0x11, 0x11, 0x11, 0x11, 0x11, 0x11, 0x11, 0x11, 0x11,
    0x11, 0x11, 0x12, 0x13, 0x12, 0x31, 0x32, 0x13, 0x21, 0x23, 0x12, 0x31, 0x23, 0x13, 0x13, 0x13,
    0x11, 0x32, 0x13, 0x12, 0x11, 0x13, 0x11, 0x11, 0x12, 0x13, 0x11, 0x11, 0x13, 0x11, 0x11, 0x11,
    0x11, 0x11, 0x11, 0x11, 0x11, 0x11, 0x11, 0x11, 0x11, 0x11, 0x31, 0x32, 0x31, 0x32, 0x13, 0x21,
    0x31, 0x31, 0x31, 0x13, 0x13, 0x12, 0x12, 0x31, 0x32, 0x13, 0x12, 0x13, 0x13, 0x11, 0x13, 0x12,
    0x11, 0x11, 0x12, 0x11, 0x21, 0x13, 0x11, 0x11, 0x11, 0x11, 0x11, 0x11, 0x11, 0x11, 0x11, 0x11,
    0x11, 0x13, 0x23, 0x12, 0x13, 0x13, 0x21, 0x31, 0x23, 0x12, 0x13, 0x21, 0x21, 0x31, 0x31, 0x21,
    0x21, 0x31, 0x23, 0x11, 0x11, 0x13, 0x11, 0x11, 0x13, 0x11, 0x11, 0x31, 0x11, 0x11, 0x13, 0x11,
    0x11, 0x11, 0x11, 0x11, 0x11, 0x11, 0x11, 0x11, 0x11, 0x21, 0x31, 0x23, 0x21, 0x21, 0x31, 0x23,
    0x12, 0x31, 0x31, 0x31, 0x31, 0x23, 0x13, 0x13, 0x13, 0x12, 0x11, 0x13, 0x11, 0x11, 0x21, 0x13,
    0x11, 0x13, 0x11, 0x11, 0x13, 0x11, 0x11, 0x11, 0x11, 0x11, 0x11, 0x11, 0x11, 0x11, 0x11, 0x11,
    0x11, 0x32, 0x13, 0x13, 0x13, 0x32, 0x13, 0x12, 0x31, 0x23, 0x21, 0x23, 0x13, 0x12, 0x12, 0x31,
    0x21, 0x31, 0x31, 0x11, 0x21, 0x31, 0x11, 0x11, 0x12, 0x11, 0x12, 0x13, 0x11, 0x12, 0x11, 0x21,
    0x11, 0x11, 0x11, 0x11, 0x11, 0x11, 0x11, 0x11, 0x13, 0x13, 0x23, 0x21, 0x21, 0x31, 0x32, 0x31,
    0x31, 0x31, 0x31, 0x31, 0x21, 0x31, 0x31, 0x23, 0x13, 0x21, 0x11, 0x21, 0x11, 0x11, 0x31, 0x31,
    0x11, 0x13, 0x11, 0x11, 0x12, 0x11, 0x13, 0x11, 0x31, 0x11, 0x11, 0x11, 0x11, 0x11, 0x11, 0x11,
    0x12, 0x31, 0x21, 0x33, 0x32, 0x12, 0x13, 0x12, 0x12, 0x13, 0x21, 0x23, 0x13, 0x21, 0x31, 0x31,
    0x21, 0x31, 0x31, 0x13, 0x11, 0x31, 0x11, 0x12, 0x13, 0x11, 0x13, 0x11, 0x11, 0x13, 0x11, 0x11,
    0x11, 0x11, 0x11, 0x11, 0x11, 0x11, 0x11, 0x11, 0x13, 0x21, 0x32, 0x12, 0x13, 0x31, 0x32, 0x31,
    0x33, 0x21, 0x31, 0x31, 0x21, 0x32, 0x13, 0x21, 0x31, 0x21, 0x11, 0x11, 0x11, 0x12, 0x11, 0x11,
    0x11, 0x12, 0x11, 0x13, 0x13, 0x11, 0x11, 0x31, 0x13, 0x11, 0x11, 0x11, 0x11, 0x11, 0x11, 0x11,
    0x21, 0x32, 0x13, 0x31, 0x32, 0x12, 0x13, 0x12, 0x13, 0x13, 0x21, 0x23, 0x13, 0x13, 0x12, 0x13,
    0x13, 0x11, 0x31, 0x21, 0x31, 0x11, 0x31, 0x31, 0x13, 0x11, 0x13, 0x11, 0x11, 0x11, 0x31, 0x11,
    0x11, 0x11, 0x11, 0x11, 0x11, 0x11, 0x11, 0x11, 0x32, 0x13, 0x21, 0x23, 0x12, 0x33, 0x21, 0x33,
    0x21, 0x21, 0x31, 0x31, 0x23, 0x12, 0x13, 0x11, 0x21, 0x11, 0x11, 0x11, 0x12, 0x11, 0x11, 0x11,
    0x21, 0x13, 0x11, 0x12, 0x11, 0x21, 0x11, 0x21, 0x12, 0x11, 0x11, 0x11, 0x11, 0x11, 0x11, 0x11,
    0x31, 0x32, 0x33, 0x12, 0x31, 0x21, 0x32, 0x12, 0x13, 0x31, 0x23, 0x12, 0x12, 0x11, 0x11, 0x11,
    0x13, 0x13, 0x13, 0x13, 0x11, 0x31, 0x12, 0x11, 0x13, 0x11, 0x12, 0x11, 0x13, 0x11, 0x11, 0x13,
    0x11, 0x11, 0x11, 0x11, 0x11, 0x11, 0x11, 0x11, 0x23, 0x21, 0x21, 0x31, 0x23, 0x13, 0x13, 0x13,
    0x21, 0x23, 0x12, 0x31, 0x31, 0x31, 0x31, 0x31, 0x11, 0x11, 0x11, 0x11, 0x11, 0x11, 0x31, 0x13,
    0x11, 0x12, 0x11, 0x13, 0x11, 0x13, 0x13, 0x11, 0x13, 0x11, 0x11, 0x11, 0x11, 0x11, 0x11, 0x11,
    0x31, 0x32, 0x32, 0x32, 0x13, 0x23, 0x21, 0x31, 0x33, 0x12, 0x31, 0x31, 0x11, 0x11, 0x11, 0x12,
    0x13, 0x12, 0x12, 0x13, 0x12, 0x11, 0x11, 0x11, 0x13, 0x11, 0x13, 0x11, 0x11, 0x11, 0x11, 0x11,
    0x11, 0x13, 0x11, 0x11, 0x11, 0x11, 0x11, 0x11, 0x23, 0x13, 0x13, 0x13, 0x21, 0x31, 0x32, 0x32,
    0x12, 0x31, 0x21, 0x12, 0x13, 0x12, 0x12, 0x11, 0x11, 0x11, 0x31, 0x11, 0x11, 0x31, 0x21, 0x31,
    0x11, 0x13, 0x11, 0x12, 0x13, 0x12, 0x11, 0x21, 0x31, 0x11, 0x11, 0x11, 0x11, 0x11, 0x11, 0x11,
    0x32, 0x12, 0x32, 0x13, 0x13, 0x21, 0x21, 0x23, 0x13, 0x13, 0x13, 0x11, 0x11, 0x13, 0x11, 0x31,
    0x31, 0x31, 0x11, 0x31, 0x31, 0x11, 0x11, 0x12, 0x13, 0x11, 0x12, 0x11, 0x11, 0x11, 0x13, 0x11,
    0x11, 0x21, 0x11, 0x11, 0x11, 0x11, 0x11, 0x11, 0x13, 0x23, 0x13, 0x23, 0x21, 0x32, 0x33, 0x12,
    0x32, 0x12, 0x11, 0x31, 0x31, 0x11, 0x13, 0x11, 0x11, 0x12, 0x11, 0x11, 0x12, 0x13, 0x13, 0x11,
    0x11, 0x12, 0x11, 0x31, 0x13, 0x11, 0x11, 0x11, 0x31, 0x11, 0x31, 0x11, 0x11, 0x11, 0x11, 0x11,
    0x13, 0x12, 0x31, 0x21, 0x32, 0x13, 0x12, 0x31, 0x13, 0x21, 0x31, 0x11, 0x12, 0x13, 0x11, 0x21,
    0x31, 0x11, 0x31, 0x21, 0x11, 0x11, 0x11, 0x13, 0x12, 0x11, 0x31, 0x11, 0x11, 0x13, 0x11, 0x31,
    0x11, 0x31, 0x11, 0x31, 0x11, 0x11, 0x11, 0x11, 0x12, 0x31, 0x23, 0x13, 0x23, 0x21, 0x31, 0x23,
    0x21, 0x31, 0x12, 0x13, 0x11, 0x11, 0x21, 0x11, 0x12, 0x11, 0x11, 0x13, 0x13, 0x11, 0x21, 0x11,
    0x11, 0x31, 0x11, 0x31, 0x21, 0x11, 0x21, 0x11, 0x21, 0x11, 0x21, 0x11, 0x31, 0x11, 0x11, 0x11,
    0x11, 0x23, 0x12, 0x32, 0x13, 0x13, 0x23, 0x13, 0x13, 0x12, 0x13, 0x11, 0x21, 0x31, 0x13, 0x13,
    0x11, 0x31, 0x31, 0x11, 0x11, 0x21, 0x13, 0x12, 0x11, 0x11, 0x31, 0x11, 0x13, 0x11, 0x11, 0x31,
    0x11, 0x31, 0x11, 0x11, 0x11, 0x31, 0x11, 0x11, 0x11, 0x32, 0x31, 0x31, 0x23, 0x21, 0x32, 0x12,
    0x32, 0x11, 0x11, 0x31, 0x13, 0x11, 0x31, 0x11, 0x21, 0x11, 0x12, 0x13, 0x11, 0x13, 0x11, 0x11,
    0x31, 0x11, 0x12, 0x13, 0x11, 0x13, 0x11, 0x11, 0x31, 0x11, 0x31, 0x31, 0x21, 0x11, 0x11, 0x11,
    0x11, 0x13, 0x23, 0x23, 0x13, 0x12, 0x31, 0x31, 0x31, 0x31, 0x31, 0x12, 0x11, 0x21, 0x12, 0x13,
    0x11, 0x31, 0x13, 0x11, 0x21, 0x11, 0x13, 0x11, 0x11, 0x31, 0x11, 0x11, 0x12, 0x11, 0x12, 0x11,
    0x11, 0x21, 0x11, 0x11, 0x11, 0x13, 0x11, 0x11, 0x11, 0x11, 0x13, 0x12, 0x32, 0x31, 0x23, 0x23,
    0x21, 0x12, 0x11, 0x31, 0x31, 0x13, 0x11, 0x11, 0x31, 0x12, 0x11, 0x11, 0x31, 0x31, 0x11, 0x21,
    0x31, 0x12, 0x13, 0x11, 0x31, 0x13, 0x11, 0x31, 0x11, 0x11, 0x31, 0x12, 0x13, 0x11, 0x11, 0x11,
    0x11, 0x11, 0x12, 0x31, 0x21, 0x32, 0x31, 0x31, 0x32, 0x11, 0x31, 0x11, 0x13, 0x11, 0x13, 0x11,
    0x12, 0x11, 0x31, 0x31, 0x11, 0x12, 0x11, 0x11, 0x12, 0x11, 0x11, 0x11, 0x11, 0x11, 0x11, 0x11,
    0x31, 0x31, 0x11, 0x11, 0x11, 0x12, 0x13, 0x11, 0x11, 0x11, 0x11, 0x23, 0x32, 0x13, 0x21, 0x23,
    0x21, 0x31, 0x12, 0x13, 0x11, 0x21, 0x31, 0x21, 0x31, 0x31, 0x11, 0x12, 0x13, 0x11, 0x31, 0x31,
    0x11, 0x31, 0x31, 0x21, 0x31, 0x21, 0x31, 0x21, 0x11, 0x11, 0x21, 0x31, 0x13, 0x11, 0x11, 0x11,
    0x11, 0x11, 0x11, 0x11, 0x13, 0x21, 0x33, 0x12, 0x31, 0x12, 0x13, 0x11, 0x21, 0x11, 0x11, 0x31,
    0x11, 0x11, 0x21, 0x13, 0x11, 0x11, 0x11, 0x12, 0x11, 0x11, 0x11, 0x11, 0x11, 0x11, 0x11, 0x11,
    0x31, 0x21, 0x11, 0x11, 0x11, 0x11, 0x31, 0x13, 0x11, 0x11, 0x11, 0x11, 0x11, 0x32, 0x12, 0x31,
    0x23, 0x11, 0x11, 0x31, 0x13, 0x13, 0x12, 0x11, 0x31, 0x21, 0x31, 0x11, 0x13, 0x12, 0x13, 0x11,
    0x31, 0x31, 0x21, 0x31, 0x13, 0x13, 0x11, 0x31, 0x11, 0x11, 0x31, 0x13, 0x12, 0x11, 0x11, 0x11,
    0x11, 0x11, 0x11, 0x11, 0x11, 0x11, 0x11, 0x13, 0x11, 0x31, 0x31, 0x12, 0x11, 0x12, 0x11, 0x31,
    0x11, 0x31, 0x11, 0x31, 0x21, 0x13, 0x11, 0x11, 0x11, 0x11, 0x11, 0x11, 0x21, 0x11, 0x21, 0x11,
    0x21, 0x31, 0x11, 0x11, 0x11, 0x13, 0x12, 0x11, 0x11, 0x11, 0x11, 0x11, 0x11, 0x11, 0x11, 0x11,
    0x11, 0x11, 0x21, 0x31, 0x31, 0x31, 0x31, 0x12, 0x11, 0x11, 0x31, 0x11, 0x13, 0x11, 0x13, 0x12,
    0x13, 0x12, 0x13, 0x11, 0x13, 0x11, 0x11, 0x31, 0x11, 0x11, 0x21, 0x31, 0x13, 0x11, 0x11, 0x13,
    0x11, 0x11, 0x11, 0x11, 0x11, 0x11, 0x11, 0x11, 0x11, 0x31, 0x11, 0x11, 0x11, 0x11, 0x12, 0x11,
    0x31, 0x31, 0x12, 0x13, 0x11, 0x13, 0x11, 0x13, 0x11, 0x11, 0x11, 0x21, 0x11, 0x13, 0x11, 0x11,
    0x31, 0x13, 0x11, 0x11, 0x21, 0x11, 0x31, 0x11, 0x11, 0x11, 0x11, 0x11, 0x11, 0x11, 0x11, 0x11,
    0x11, 0x11, 0x31, 0x31, 0x23, 0x12, 0x13, 0x11, 0x12, 0x12, 0x11, 0x11, 0x21, 0x12, 0x12, 0x11,
    0x13, 0x13, 0x11, 0x31, 0x31, 0x11, 0x21, 0x31, 0x11, 0x11, 0x13, 0x11, 0x11, 0x31, 0x11, 0x13,
    0x11, 0x11, 0x11, 0x11, 0x11, 0x11, 0x11, 0x11, 0x11, 0x11, 0x21, 0x13, 0x11, 0x13, 0x11, 0x31,
    0x31, 0x11, 0x31, 0x31, 0x13, 0x11, 0x11, 0x31, 0x11, 0x11, 0x21, 0x11, 0x12, 0x11, 0x11, 0x11,
    0x21, 0x31, 0x11, 0x21, 0x31, 0x11, 0x21, 0x11, 0x11, 0x11, 0x11, 0x11, 0x11, 0x11, 0x11, 0x11,
    0x11, 0x11, 0x31, 0x11, 0x21, 0x31, 0x12, 0x11, 0x13, 0x11, 0x11, 0x13, 0x11, 0x13, 0x11, 0x12,
    0x13, 0x11, 0x13, 0x11, 0x11, 0x31, 0x31, 0x21, 0x11, 0x12, 0x11, 0x11, 0x11, 0x21, 0x11, 0x31,
    0x11, 0x11, 0x11, 0x11, 0x11, 0x11, 0x11, 0x11, 0x11, 0x11, 0x13, 0x13, 0x11, 0x13, 0x11, 0x31,
    0x11, 0x23, 0x12, 0x11, 0x21, 0x31, 0x21, 0x31, 0x11, 0x21, 0x11, 0x21, 0x31, 0x11, 0x11, 0x13,
    0x13, 0x11, 0x13, 0x11, 0x31, 0x11, 0x31, 0x11, 0x11, 0x11, 0x11, 0x11, 0x11, 0x11, 0x11, 0x11,
    0x11, 0x11, 0x11, 0x11, 0x31, 0x21, 0x31, 0x12, 0x13, 0x11, 0x13, 0x11, 0x31, 0x11, 0x31, 0x11,
    0x31, 0x13, 0x11, 0x31, 0x11, 0x21, 0x31, 0x11, 0x11, 0x13, 0x11, 0x11, 0x11, 0x31, 0x11, 0x11,
    0x11, 0x11, 0x11, 0x11, 0x11, 0x11, 0x11, 0x11, 0x11, 0x11, 0x11, 0x31, 0x21, 0x11, 0x12, 0x13,
    0x11, 0x13, 0x11, 0x31, 0x11, 0x31, 0x11, 0x31, 0x12, 0x11, 0x13, 0x11, 0x31, 0x11, 0x11, 0x31,
    0x21, 0x11, 0x12, 0x13, 0x11, 0x11, 0x11, 0x11, 0x11, 0x11, 0x11, 0x11, 0x11, 0x11, 0x11, 0x11,
    0x11, 0x11, 0x11, 0x11, 0x13, 0x13, 0x11, 0x31, 0x13, 0x11, 0x21, 0x12, 0x12, 0x11, 0x31, 0x12,
    0x11, 0x31, 0x11, 0x21, 0x11, 0x31, 0x21, 0x11, 0x13, 0x12, 0x11, 0x11, 0x21, 0x13, 0x11, 0x11,
    0x11, 0x11, 0x11, 0x11, 0x11, 0x11, 0x11, 0x11, 0x11, 0x11, 0x11, 0x11, 0x11, 0x11, 0x31, 0x12,
    0x11, 0x21, 0x13, 0x11, 0x31, 0x31, 0x12, 0x11, 0x31, 0x12, 0x13, 0x11, 0x31, 0x11, 0x13, 0x13,
    0x11, 0x11, 0x31, 0x31, 0x11, 0x11, 0x11, 0x11, 0x11, 0x11, 0x11, 0x11, 0x11, 0x11, 0x11, 0x11,
    0x11, 0x11, 0x11, 0x11, 0x11, 0x31, 0x12, 0x11, 0x31, 0x13, 0x11, 0x31, 0x11, 0x12, 0x11, 0x31,
    0x11, 0x13, 0x11, 0x11, 0x12, 0x13, 0x11, 0x11, 0x12, 0x11, 0x11, 0x11, 0x31, 0x11, 0x11, 0x11,
    0x11, 0x11, 0x11, 0x11, 0x11, 0x11, 0x11, 0x11, 0x11, 0x11, 0x11, 0x11, 0x11, 0x11, 0x11, 0x31,
    0x13, 0x11, 0x21, 0x12, 0x13, 0x11, 0x31, 0x11, 0x31, 0x11, 0x13, 0x13, 0x11, 0x11, 0x12, 0x13,
    0x11, 0x31, 0x13, 0x11, 0x11, 0x11, 0x11, 0x11, 0x11, 0x11, 0x11, 0x11, 0x11, 0x11, 0x11, 0x11,
    0x11, 0x11, 0x11, 0x11, 0x11, 0x11, 0x11, 0x11, 0x11, 0x11, 0x11, 0x11, 0x11, 0x11, 0x11, 0x11,
    0x11, 0x11, 0x11, 0x11, 0x11, 0x11, 0x11, 0x11, 0x11, 0x11, 0x11, 0x11, 0x11, 0x11, 0x11, 0x11,
    0x11, 0x11, 0x11, 0x11, 0x11, 0x11, 0x11, 0x11, 0x11, 0x11, 0x11, 0x11, 0x11, 0x11, 0x11, 0x11,
    0x11, 0x11, 0x11, 0x11, 0x11, 0x11, 0x11, 0x11, 0x11, 0x11, 0x11, 0x11, 0x11, 0x11, 0x11, 0x11,
    0x11, 0x11, 0x11, 0x11, 0x11, 0x11, 0x11, 0x11, 0x11, 0x11, 0x11, 0x11, 0x11, 0x11, 0x11, 0x11,
    0x11, 0x11, 0x11, 0x11, 0x11, 0x11, 0x11, 0x11, 0x11, 0x11, 0x11, 0x11, 0x11, 0x11, 0x11, 0x11,
    0x11, 0x11, 0x11, 0x11, 0x11, 0x11, 0x11, 0x11, 0x11, 0x11, 0x11, 0x11, 0x11, 0x11, 0x11, 0x11,
    0x11, 0x11, 0x11, 0x11, 0x11, 0x11, 0x11, 0x11, 0x11, 0x11, 0x11, 0x11, 0x11, 0x11, 0x11, 0x11,
    0x11, 0x11, 0x11, 0x11, 0x11, 0x11, 0x11, 0x11, 0x11, 0x11, 0x11, 0x11, 0x11, 0x11, 0x11, 0x11,
    0x11, 0x11, 0x11, 0x11, 0x11, 0x11, 0x11, 0x11, 0x11, 0x11, 0x11, 0x11, 0x11, 0x11, 0x11, 0x11,
    0x11, 0x11, 0x11, 0x11, 0x11, 0x11, 0x11, 0x11, 0x11, 0x11, 0x11, 0x11, 0x11, 0x11, 0x11, 0x11,
    0x11, 0x11, 0x11, 0x11, 0x11, 0x11, 0x11, 0x11, 0x11, 0x11, 0x11, 0x11, 0x11, 0x11, 0x11, 0x11,
    0x11, 0x11, 0x11, 0x11, 0x11, 0x11, 0x11, 0x11, 0x11, 0x11, 0x11, 0x11, 0x11, 0x11, 0x11, 0x11,
    0x13, 0x11, 0x11, 0x11, 0x11, 0x11, 0x11, 0x11, 0x11, 0x11, 0x11, 0x11, 0x11, 0x11, 0x11, 0x11,
    0x11, 0x11, 0x11, 0x11, 0x11, 0x11, 0x11, 0x11, 0x11, 0x11, 0x11, 0x11, 0x11, 0x11, 0x11, 0x11,
    0x11, 0x11, 0x11, 0x11, 0x11, 0x11, 0x11, 0x11, 0x31, 0x11, 0x11, 0x11, 0x11, 0x11, 0x11, 0x11,
    0x11, 0x11, 0x31, 0x31, 0x11, 0x11, 0x11, 0x11, 0x11, 0x11, 0x11, 0x11, 0x11, 0x11, 0x11, 0x11,
    0x11, 0x11, 0x11, 0x11, 0x11, 0x11, 0x11, 0x11, 0x11, 0x11, 0x11, 0x11, 0x11, 0x11, 0x11, 0x11,
    0x11, 0x31, 0x11, 0x11, 0x11, 0x11, 0x11, 0x11, 0x11, 0x11, 0x11, 0x11, 0x11, 0x11, 0x11, 0x11,
    0x11, 0x11, 0x11, 0x11, 0x11, 0x11, 0x11, 0x11, 0x11, 0x11, 0x11, 0x11, 0x11, 0x11, 0x11, 0x11,
    0x11, 0x11, 0x11, 0x11, 0x11, 0x11, 0x11, 0x13, 0x11, 0x11, 0x11, 0x11, 0x11, 0x11, 0x11, 0x11,
    0x11, 0x13, 0x12, 0x13, 0x11, 0x11, 0x11, 0x11, 0x11, 0x11, 0x11, 0x11, 0x11, 0x11, 0x11, 0x11,
    0x11, 0x11, 0x11, 0x11, 0x11, 0x11, 0x11, 0x11, 0x11, 0x11, 0x11, 0x11, 0x11, 0x11, 0x11, 0x11,
    0x13, 0x11, 0x11, 0x11, 0x11, 0x11, 0x11, 0x11, 0x11, 0x11, 0x13, 0x11, 0x11, 0x11, 0x11, 0x11,
    0x11, 0x11, 0x11, 0x11, 0x11, 0x11, 0x11, 0x11, 0x11, 0x11, 0x11, 0x11, 0x11, 0x11, 0x11, 0x11,
    0x11, 0x11, 0x11, 0x11, 0x11, 0x11, 0x11, 0x11, 0x11, 0x11, 0x11, 0x11, 0x11, 0x11, 0x11, 0x11,
    0x11, 0x11, 0x11, 0x11, 0x11, 0x11, 0x11, 0x11, 0x11, 0x11, 0x11, 0x11, 0x11, 0x11, 0x11, 0x11,
    0x11, 0x11, 0x11, 0x11, 0x11, 0x11, 0x11, 0x11, 0x11, 0x11, 0x11, 0x11, 0x11, 0x11, 0x11, 0x11,
    0x11, 0x11, 0x11, 0x11, 0x11, 0x11, 0x11, 0x11, 0x11, 0x11, 0x11, 0x11, 0x11, 0x11, 0x11, 0x11,
    0x11, 0x11, 0x11, 0x11, 0x11, 0x11, 0x11, 0x11, 0x11, 0x11, 0x11, 0x11, 0x11, 0x11, 0x11, 0x11,
    0x11, 0x11, 0x11, 0x11, 0x11, 0x11, 0x11, 0x11, 0x11, 0x11, 0x11, 0x11, 0x11, 0x11, 0x11, 0x11,
    0x11, 0x11, 0x11, 0x11, 0x11, 0x11, 0x11, 0x11, 0x11, 0x11, 0x11, 0x11, 0x11, 0x11, 0x11, 0x11,
    0x11, 0x11, 0x11, 0x11, 0x11, 0x11, 0x11, 0x11, 0x11, 0x11, 0x11, 0x11, 0x11, 0x11, 0x11, 0x11,
    0x11, 0x11, 0x11, 0x11, 0x11, 0x11, 0x11, 0x11, 0x11, 0x11, 0x11, 0x11, 0x11, 0x11, 0x11, 0x11,
    0x11, 0x11, 0x11, 0x11, 0x11, 0x11, 0x11, 0x11, 0x11, 0x11, 0x11, 0x11, 0x11, 0x11, 0x11, 0x11,
    0x11, 0x11, 0x11, 0x11, 0x11, 0x11, 0x11, 0x11, 0x11, 0x11, 0x11, 0x11, 0x11, 0x11, 0x11, 0x11,
    0x11, 0x11, 0x11, 0x11, 0x11, 0x11, 0x11, 0x11, 0x11, 0x11, 0x11, 0x11, 0x11, 0x11, 0x11, 0x11,
    0x11, 0x11, 0x11, 0x11, 0x11, 0x11, 0x11, 0x11, 0x11, 0x11, 0x11, 0x11, 0x11, 0x11, 0x11, 0x11,
    0x11, 0x11, 0x11, 0x11, 0x11, 0x11, 0x11, 0x11, 0x11, 0x11, 0x11, 0x11, 0x11, 0x11, 0x11, 0x11,
    0x11, 0x11, 0x11, 0x11, 0x11, 0x11, 0x11, 0x11, 0x11, 0x11, 0x11, 0x11, 0x11, 0x11, 0x11, 0x11,
    0x11, 0x11, 0x11, 0x11, 0x11, 0x11, 0x11, 0x11, 0x11, 0x11, 0x11, 0x11, 0x11, 0x31, 0x31, 0x11,
    0x11, 0x11, 0x11, 0x11, 0x11, 0x11, 0x11, 0x11, 0x11, 0x31, 0x11, 0x11, 0x11, 0x11, 0x11, 0x11,
    0x11, 0x11, 0x11, 0x11, 0x11, 0x11, 0x11, 0x11, 0x11, 0x11, 0x11, 0x11, 0x11, 0x11, 0x11, 0x11,
    0x11, 0x11, 0x11, 0x11, 0x13, 0x11, 0x11, 0x11, 0x11, 0x11, 0x11, 0x11, 0x11, 0x11, 0x11, 0x11,
    0x11, 0x13, 0x11, 0x11, 0x11, 0x11, 0x11, 0x11, 0x11, 0x11, 0x11, 0x11, 0x11, 0x11, 0x11, 0x11,
    0x11, 0x11, 0x11, 0x11, 0x11, 0x11, 0x11, 0x11, 0x11, 0x11, 0x11, 0x11, 0x31, 0x13, 0x13, 0x11,
    0x11, 0x11, 0x11, 0x11, 0x11, 0x11, 0x11, 0x11, 0x31, 0x11, 0x11, 0x11, 0x11, 0x11, 0x11, 0x11,
    0x11, 0x11, 0x11, 0x11, 0x11, 0x11, 0x11, 0x11, 0x11, 0x11, 0x11, 0x11, 0x11, 0x11, 0x11, 0x11,
    0x11, 0x11, 0x11, 0x11, 0x11, 0x11, 0x11, 0x11, 0x11, 0x11, 0x11, 0x11, 0x11, 0x11, 0x11, 0x11,
    0x11, 0x31, 0x21, 0x11, 0x11, 0x11, 0x11, 0x11, 0x11, 0x11, 0x11, 0x11, 0x11, 0x11, 0x11, 0x11,
    0x11, 0x11, 0x11, 0x11, 0x11, 0x11, 0x11, 0x11, 0x11, 0x11, 0x11, 0x11, 0x13, 0x11, 0x11, 0x11,
    0x11, 0x11, 0x11, 0x11, 0x11, 0x11, 0x11, 0x11, 0x11, 0x11, 0x11, 0x11, 0x11, 0x11, 0x11, 0x11,
    0x11, 0x11, 0x11, 0x11, 0x11, 0x11, 0x11, 0x11, 0x11, 0x11, 0x11, 0x11, 0x11, 0x11, 0x11, 0x11,
    0x11, 0x11, 0x11, 0x11, 0x11, 0x11, 0x11, 0x11, 0x11, 0x11, 0x11, 0x11, 0x11, 0x11, 0x11, 0x11,
    0x11, 0x11, 0x11, 0x11, 0x11, 0x11, 0x11, 0x11, 0x11, 0x11, 0x11, 0x11, 0x11, 0x11, 0x11, 0x11,
    0x11, 0x11, 0x11, 0x11, 0x11, 0x11, 0x11, 0x11, 0x11, 0x11, 0x11, 0x11, 0x11, 0x11, 0x11, 0x11,
    0x11, 0x11, 0x11, 0x11, 0x11, 0x11, 0x11, 0x11, 0x11, 0x11, 0x11, 0x11, 0x11, 0x11, 0x11, 0x11,
    0x11, 0x11, 0x11, 0x11, 0x11, 0x11, 0x11, 0x11, 0x11, 0x11, 0x11, 0x11, 0x11, 0x11, 0x11, 0x11,
    0x11, 0x11, 0x11, 0x11, 0x11, 0x11, 0x11, 0x11, 0x11, 0x11, 0x11, 0x11, 0x11, 0x11, 0x11, 0x11,
    0x11, 0x11, 0x11, 0x11, 0x11, 0x11, 0x11, 0x11, 0x11, 0x11, 0x11, 0x11, 0x11, 0x11, 0x11, 0x11,
    0x11, 0x11, 0x11, 0x11, 0x11, 0x11, 0x11, 0x11, 0x11, 0x11, 0x11, 0x11, 0x11, 0x11, 0x11, 0x11,
    0x11, 0x11, 0x11, 0x11, 0x11, 0x11, 0x11, 0x11, 0x11, 0x11, 0x11, 0x11, 0x11, 0x11, 0x11, 0x11,
};

// Auto-generated icon: wx_57d (80x80)
// Each byte holds 2 pixels (high nibble first)
#define ICON_WX_57D_W 80
#define ICON_WX_57D_H 80
static const uint8_t PROGMEM icon_wx_57d[] = {
    0x11, 0x11, 0x11, 0x11, 0x11, 0x11, 0x11, 0x11, 0x11, 0x11, 0x11, 0x11, 0x11, 0x11, 0x11, 0x13,
    0x13, 0x13, 0x13, 0x11, 0x11, 0x11, 0x11, 0x11, 0x11, 0x11, 0x11, 0x11, 0x11, 0x11, 0x11, 0x11,
    0x11, 0x11, 0x11, 0x11, 0x11, 0x11, 0x11, 0x11, 0x11, 0x11, 0x11, 0x11, 0x11, 0x11, 0x11, 0x11,
    0x11, 0x11, 0x11, 0x11, 0x11, 0x11, 0x31, 0x31, 0x21, 0x21, 0x21, 0x31, 0x31, 0x11, 0x11, 0x11,
    0x11, 0x11, 0x11, 0x11, 0x11, 0x11, 0x11, 0x11, 0x11, 0x11, 0x11, 0x11, 0x11, 0x11, 0x11, 0x11,
    0x11, 0x11, 0x11, 0x11, 0x11, 0x11, 0x11, 0x11, 0x11, 0x11, 0x11, 0x11, 0x11, 0x32, 0x13, 0x21,
    0x31, 0x31, 0x31, 0x21, 0x13, 0x11, 0x11, 0x11, 0x11, 0x11, 0x11, 0x11, 0x11, 0x11, 0x11, 0x11,
    0x11, 0x11, 0x11, 0x11, 0x11, 0x11, 0x11, 0x11, 0x11, 0x11, 0x11, 0x11, 0x11, 0x11, 0x11, 0x11,
    0x11, 0x11, 0x11, 0x13, 0x13, 0x13, 0x11, 0x31, 0x21, 0x31, 0x21, 0x31, 0x21, 0x31, 0x11, 0x11,
    0x11, 0x11, 0x11, 0x11, 0x11, 0x11, 0x11, 0x11, 0x11, 0x11, 0x11, 0x11, 0x11, 0x11, 0x11, 0x11,
    0x11, 0x11, 0x11, 0x11, 0x11, 0x11, 0x11, 0x11, 0x11, 0x11, 0x11, 0x12, 0x12, 0x12, 0x31, 0x21,
    0x31, 0x21, 0x31, 0x13, 0x13, 0x12, 0x11, 0x11, 0x11, 0x11, 0x11, 0x11, 0x11, 0x11, 0x11, 0x11,
    0x11, 0x11, 0x11, 0x11, 0x11, 0x11, 0x11, 0x11, 0x11, 0x11, 0x11, 0x11, 0x11, 0x11, 0x11, 0x11,
    0x11, 0x11, 0x13, 0x13, 0x31, 0x31, 0x13, 0x13, 0x13, 0x13, 0x12, 0x31, 0x21, 0x31, 0x31, 0x11,
    0x11, 0x11, 0x11, 0x11, 0x11, 0x11, 0x11, 0x11, 0x11, 0x11, 0x11, 0x11, 0x11, 0x11, 0x11, 0x11,
    0x11, 0x11, 0x11, 0x11, 0x11, 0x11, 0x11, 0x11, 0x11, 0x11, 0x12, 0x31, 0x21, 0x32, 0x12, 0x12,
    0x12, 0x12, 0x13, 0x13, 0x11, 0x21, 0x13, 0x11, 0x11, 0x11, 0x11, 0x11, 0x11, 0x11, 0x11, 0x11,
    0x11, 0x11, 0x11, 0x11, 0x11, 0x11, 0x11, 0x11, 0x11, 0x11, 0x11, 0x11, 0x11, 0x11, 0x11, 0x11,
    0x11, 0x13, 0x13, 0x13, 0x13, 0x13, 0x13, 0x13, 0x13, 0x13, 0x11, 0x21, 0x31, 0x31, 0x31, 0x21,
    0x11, 0x11, 0x11, 0x11, 0x11, 0x11, 0x11, 0x11, 0x11, 0x11, 0x11, 0x11, 0x11, 0x11, 0x11, 0x11,
    0x11, 0x11, 0x11, 0x11, 0x11, 0x11, 0x11, 0x11, 0x11, 0x12, 0x31, 0x21, 0x21, 0x21, 0x31, 0x21,
    0x31, 0x21, 0x31, 0x31, 0x21, 0x31, 0x21, 0x31, 0x31, 0x11, 0x11, 0x11, 0x11, 0x11, 0x11, 0x11,
    0x11, 0x11, 0x11, 0x11, 0x11, 0x11, 0x11, 0x11, 0x11, 0x11, 0x11, 0x11, 0x11, 0x11, 0x11, 0x11,
    0x11, 0x31, 0x13, 0x13, 0x13, 0x13, 0x12, 0x31, 0x21, 0x31, 0x21, 0x31, 0x31, 0x21, 0x31, 0x13,
    0x11, 0x11, 0x11, 0x11, 0x11, 0x11, 0x11, 0x11, 0x11, 0x11, 0x11, 0x11, 0x11, 0x11, 0x11, 0x11,
    0x11, 0x11, 0x11, 0x11, 0x11, 0x11, 0x11, 0x11, 0x11, 0x13, 0x21, 0x32, 0x13, 0x12, 0x13, 0x13,
    0x13, 0x13, 0x13, 0x12, 0x13, 0x13, 0x12, 0x31, 0x21, 0x11, 0x11, 0x11, 0x11, 0x11, 0x11, 0x11,
    0x11, 0x11, 0x11, 0x11, 0x11, 0x11, 0x11, 0x11, 0x11, 0x11, 0x11, 0x11, 0x11, 0x11, 0x11, 0x11,
    0x13, 0x21, 0x31, 0x21, 0x32, 0x13, 0x12, 0x12, 0x12, 0x12, 0x12, 0x13, 0x11, 0x21, 0x31, 0x13,
    0x13, 0x11, 0x11, 0x11, 0x11, 0x11, 0x11, 0x11, 0x11, 0x11, 0x11, 0x11, 0x11, 0x11, 0x11, 0x11,
    0x11, 0x11, 0x11, 0x11, 0x11, 0x11, 0x11, 0x11, 0x11, 0x31, 0x23, 0x13, 0x13, 0x12, 0x31, 0x31,
    0x31, 0x31, 0x31, 0x31, 0x23, 0x13, 0x12, 0x13, 0x11, 0x11, 0x11, 0x11, 0x11, 0x11, 0x11, 0x11,
    0x11, 0x11, 0x11, 0x11, 0x11, 0x11, 0x11, 0x11, 0x11, 0x11, 0x11, 0x11, 0x11, 0x31, 0x31, 0x31,
    0x32, 0x13, 0x12, 0x12, 0x12, 0x31, 0x13, 0x12, 0x13, 0x12, 0x13, 0x12, 0x11, 0x31, 0x21, 0x11,
    0x12, 0x11, 0x11, 0x11, 0x11, 0x11, 0x11, 0x11, 0x11, 0x11, 0x11, 0x11, 0x11, 0x11, 0x11, 0x11,
    0x11, 0x11, 0x11, 0x11, 0x31, 0x23, 0x23, 0x21, 0x23, 0x12, 0x31, 0x31, 0x31, 0x13, 0x21, 0x31,
    0x31, 0x23, 0x12, 0x13, 0x13, 0x11, 0x13, 0x11, 0x11, 0x31, 0x13, 0x11, 0x11, 0x11, 0x11, 0x11,
    0x11, 0x11, 0x11, 0x11, 0x11, 0x11, 0x11, 0x11, 0x11, 0x11, 0x11, 0x31, 0x23, 0x12, 0x11, 0x31,
    0x31, 0x31, 0x23, 0x12, 0x31, 0x21, 0x31, 0x21, 0x23, 0x11, 0x31, 0x31, 0x21, 0x21, 0x11, 0x13,
    0x11, 0x11, 0x11, 0x13, 0x11, 0x11, 0x11, 0x11, 0x11, 0x11, 0x11, 0x11, 0x11, 0x11, 0x11, 0x11,
    0x11, 0x11, 0x12, 0x13, 0x12, 0x31, 0x32, 0x13, 0x21, 0x23, 0x12, 0x31, 0x23, 0x13, 0x13, 0x13,
    0x11, 0x32, 0x13, 0x12, 0x11, 0x13, 0x11, 0x11, 0x12, 0x13, 0x11, 0x11, 0x13, 0x11, 0x11, 0x11,
    0x11, 0x11, 0x11, 0x11, 0x11, 0x11, 0x11, 0x11, 0x11, 0x11, 0x31, 0x32, 0x31, 0x32, 0x13, 0x21,
    0x31, 0x31, 0x31, 0x13, 0x13, 0x12, 0x12, 0x31, 0x32, 0x13, 0x12, 0x13, 0x13, 0x11, 0x13, 0x12,
    0x11, 0x11, 0x12, 0x11, 0x21, 0x13, 0x11, 0x11, 0x11, 0x11, 0x11, 0x11, 0x11, 0x11, 0x11, 0x11,
    0x11, 0x13, 0x23, 0x12, 0x13, 0x13, 0x21, 0x31, 0x23, 0x12, 0x13, 0x21, 0x21, 0x31, 0x31, 0x21,
    0x21, 0x31, 0x23, 0x11, 0x11, 0x13, 0x11, 0x11, 0x13, 0x11, 0x11, 0x31, 0x11, 0x11, 0x13, 0x11,
    0x11, 0x11, 0x11, 0x11, 0x11, 0x11, 0x11, 0x11, 0x11, 0x21, 0x31, 0x23, 0x21, 0x21, 0x31, 0x23,
    0x12, 0x31, 0x31, 0x31, 0x31, 0x23, 0x13, 0x13, 0x13, 0x12, 0x11, 0x13, 0x11, 0x11, 0x21, 0x13,
    0x11, 0x13, 0x11, 0x11, 0x13, 0x11, 0x11, 0x11, 0x11, 0x11, 0x11, 0x11, 0x11, 0x11, 0x11, 0x11,
    0x11, 0x32, 0x13, 0x13, 0x13, 0x32, 0x13, 0x12, 0x31, 0x23, 0x21, 0x23, 0x13, 0x12, 0x12, 0x31,
    0x21, 0x31, 0x31, 0x11, 0x21, 0x31, 0x11, 0x11, 0x12, 0x11, 0x12, 0x13, 0x11, 0x12, 0x11, 0x21,
    0x11, 0x11, 0x11, 0x11, 0x11, 0x11, 0x11, 0x11, 0x13, 0x13, 0x23, 0x21, 0x21, 0x31, 0x32, 0x31,
    0x31, 0x31, 0x31, 0x31, 0x21, 0x31, 0x31, 0x23, 0x13, 0x21, 0x11, 0x21, 0x11, 0x11, 0x31, 0x31,
    0x11, 0x13, 0x11, 0x11, 0x12, 0x11, 0x13, 0x11, 0x31, 0x11, 0x11, 0x11, 0x11, 0x11, 0x11, 0x11,
    0x12, 0x31, 0x21, 0x33, 0x32, 0x12, 0x13, 0x12, 0x12, 0x13, 0x21, 0x23, 0x13, 0x21, 0x31, 0x31,
    0x21, 0x31, 0x31, 0x13, 0x11, 0x31, 0x11, 0x12, 0x13, 0x11, 0x13, 0x11, 0x11, 0x13, 0x11, 0x11,
    0x11, 0x11, 0x11, 0x11, 0x11, 0x11, 0x11, 0x11, 0x13, 0x21, 0x32, 0x12, 0x13, 0x31, 0x32, 0x31,
    0x33, 0x21, 0x31, 0x31, 0x21, 0x32, 0x13, 0x21, 0x31, 0x21, 0x11, 0x11, 0x11, 0x12, 0x11, 0x11,
    0x11, 0x12, 0x11, 0x13, 0x13, 0x11, 0x11, 0x31, 0x13, 0x11, 0x11, 0x11, 0x11, 0x11, 0x11, 0x11,
    0x21, 0x32, 0x13, 0x31, 0x32, 0x12, 0x13, 0x12, 0x13, 0x13, 0x21, 0x23, 0x13, 0x13, 0x12, 0x13,
    0x13, 0x11, 0x31, 0x21, 0x31, 0x11, 0x31, 0x31, 0x13, 0x11, 0x13, 0x11, 0x11, 0x11, 0x31, 0x11,
    0x11, 0x11, 0x11, 0x11, 0x11, 0x11, 0x11, 0x11, 0x32, 0x13, 0x21, 0x23, 0x12, 0x33, 0x21, 0x33,
    0x21, 0x21, 0x31, 0x31, 0x23, 0x12, 0x13, 0x11, 0x21, 0x11, 0x11, 0x11, 0x12, 0x11, 0x11, 0x11,
    0x21, 0x13, 0x11, 0x12, 0x11, 0x21, 0x11, 0x21, 0x12, 0x11, 0x11, 0x11, 0x11, 0x11, 0x11, 0x11,
    0x31, 0x32, 0x33, 0x12, 0x31, 0x21, 0x32, 0x12, 0x13, 0x31, 0x23, 0x12, 0x12, 0x11, 0x11, 0x11,
    0x13, 0x13, 0x13, 0x13, 0x11, 0x31, 0x12, 0x11, 0x13, 0x11, 0x12, 0x11, 0x13, 0x11, 0x11, 0x13,
    0x11, 0x11, 0x11, 0x11, 0x11, 0x11, 0x11, 0x11, 0x23, 0x21, 0x21, 0x31, 0x23, 0x13, 0x13, 0x13,
    0x21, 0x23, 0x12, 0x31, 0x31, 0x31, 0x31, 0x31, 0x11, 0x11, 0x11, 0x11, 0x11, 0x11, 0x31, 0x13,
    0x11, 0x12, 0x11, 0x13, 0x11, 0x13, 0x13, 0x11, 0x13, 0x11, 0x11, 0x11, 0x11, 0x11, 0x11, 0x11,
    0x31, 0x32, 0x32, 0x32, 0x13, 0x23, 0x21, 0x31, 0x33, 0x12, 0x31, 0x31, 0x11, 0x11, 0x11, 0x12,
    0x13, 0x12, 0x12, 0x13, 0x12, 0x11, 0x11, 0x11, 0x13, 0x11, 0x13, 0x11, 0x11, 0x11, 0x11, 0x11,
    0x11, 0x13, 0x11, 0x11, 0x11, 0x11, 0x11, 0x11, 0x23, 0x13, 0x13, 0x13, 0x21, 0x31, 0x32, 0x32,
    0x12, 0x31, 0x21, 0x12, 0x13, 0x12, 0x12, 0x11, 0x11, 0x11, 0x31, 0x11, 0x11, 0x31, 0x21, 0x31,
    0x11, 0x13, 0x11, 0x12, 0x13, 0x12, 0x11, 0x21, 0x31, 0x11, 0x11, 0x11, 0x11, 0x11, 0x11, 0x11,
    0x32, 0x12, 0x32, 0x13, 0x13, 0x21, 0x21, 0x23, 0x13, 0x13, 0x13, 0x11, 0x11, 0x13, 0x11, 0x31,
    0x31, 0x31, 0x11, 0x31, 0x31, 0x11, 0x11, 0x12, 0x13, 0x11, 0x12, 0x11, 0x11, 0x11, 0x13, 0x11,
    0x11, 0x21, 0x11, 0x11, 0x11, 0x11, 0x11, 0x11, 0x13, 0x23, 0x13, 0x23, 0x21, 0x32, 0x33, 0x12,
    0x32, 0x12, 0x11, 0x31, 0x31, 0x11, 0x13, 0x11, 0x11, 0x12, 0x11, 0x11, 0x12, 0x13, 0x13, 0x11,
    0x11, 0x12, 0x11, 0x31, 0x13, 0x11, 0x11, 0x11, 0x31, 0x11, 0x31, 0x11, 0x11, 0x11, 0x11, 0x11,
    0x13, 0x12, 0x31, 0x21, 0x32, 0x13, 0x12, 0x31, 0x13, 0x21, 0x31, 0x11, 0x12, 0x13, 0x11, 0x21,
    0x31, 0x11, 0x31, 0x21, 0x11, 0x11, 0x11, 0x13, 0x12, 0x11, 0x31, 0x11, 0x11, 0x13, 0x11, 0x31,
    0x11, 0x31, 0x11, 0x31, 0x11, 0x11, 0x11, 0x11, 0x12, 0x31, 0x23, 0x13, 0x23, 0x21, 0x31, 0x23,
    0x21, 0x31, 0x12, 0x13, 0x11, 0x11, 0x21, 0x11, 0x12, 0x11, 0x11, 0x13, 0x13, 0x11, 0x21, 0x11,
    0x11, 0x31, 0x11, 0x31, 0x21, 0x11, 0x21, 0x11, 0x21, 0x11, 0x21, 0x11, 0x31, 0x11, 0x11, 0x11,
    0x11, 0x23, 0x12, 0x32, 0x13, 0x13, 0x23, 0x13, 0x13, 0x12, 0x13, 0x11, 0x21, 0x31, 0x13, 0x13,
    0x11, 0x31, 0x31, 0x11, 0x11, 0x21, 0x13, 0x12, 0x11, 0x11, 0x31, 0x11, 0x13, 0x11, 0x11, 0x31,
    0x11, 0x31, 0x11, 0x11, 0x11, 0x31, 0x11, 0x11, 0x11, 0x32, 0x31, 0x31, 0x23, 0x21, 0x32, 0x12,
    0x32, 0x11, 0x11, 0x31, 0x13, 0x11, 0x31, 0x11, 0x21, 0x11, 0x12, 0x13, 0x11, 0x13, 0x11, 0x11,
    0x31, 0x11, 0x12, 0x13, 0x11, 0x13, 0x11, 0x11, 0x31, 0x11, 0x31, 0x31, 0x21, 0x11, 0x11, 0x11,
    0x11, 0x13, 0x23, 0x23, 0x13, 0x12, 0x31, 0x31, 0x31, 0x31, 0x31, 0x12, 0x11, 0x21, 0x12, 0x13,
    0x11, 0x31, 0x13, 0x11, 0x21, 0x11, 0x13, 0x11, 0x11, 0x31, 0x11, 0x11, 0x12, 0x11, 0x12, 0x11,
    0x11, 0x21, 0x11, 0x11, 0x11, 0x13, 0x11, 0x11, 0x11, 0x11, 0x13, 0x12, 0x32, 0x31, 0x23, 0x23,
    0x21, 0x12, 0x11, 0x31, 0x31, 0x13, 0x11, 0x11, 0x31, 0x12, 0x11, 0x11, 0x31, 0x31, 0x11, 0x21,
    0x31, 0x12, 0x13, 0x11, 0x31, 0x13, 0x11, 0x31, 0x11, 0x11, 0x31, 0x12, 0x13, 0x11, 0x11, 0x11,
    0x11, 0x11, 0x12, 0x31, 0x21, 0x32, 0x31, 0x31, 0x32, 0x11, 0x31, 0x11, 0x13, 0x11, 0x13, 0x11,
    0x12, 0x11, 0x31, 0x31, 0x11, 0x12, 0x11, 0x11, 0x12, 0x11, 0x11, 0x11, 0x11, 0x11, 0x11, 0x11,
    0x31, 0x31, 0x11, 0x11, 0x11, 0x12, 0x13, 0x11, 0x11, 0x11, 0x11, 0x23, 0x32, 0x13, 0x21, 0x23,
    0x21, 0x31, 0x12, 0x13, 0x11, 0x21, 0x31, 0x21, 0x31, 0x31, 0x11, 0x12, 0x13, 0x11, 0x31, 0x31,
    0x11, 0x31, 0x31, 0x21, 0x31, 0x21, 0x31, 0x21, 0x11, 0x11, 0x21, 0x31, 0x13, 0x11, 0x11, 0x11,
    0x11, 0x11, 0x11, 0x11, 0x13, 0x21, 0x33, 0x12, 0x31, 0x12, 0x13, 0x11, 0x21, 0x11, 0x11, 0x31,
    0x11, 0x11, 0x21, 0x13, 0x11, 0x11, 0x11, 0x12, 0x11, 0x11, 0x11, 0x11, 0x11, 0x11, 0x11, 0x11,
    0x31, 0x21, 0x11, 0x11, 0x11, 0x11, 0x31, 0x13, 0x11, 0x11, 0x11, 0x11, 0x11, 0x32, 0x12, 0x31,
    0x23, 0x11, 0x11, 0x31, 0x13, 0x13, 0x12, 0x11, 0x31, 0x21, 0x31, 0x11, 0x13, 0x12, 0x13, 0x11,
    0x31, 0x31, 0x21, 0x31, 0x13, 0x13, 0x11, 0x31, 0x11, 0x11, 0x31, 0x13, 0x12, 0x11, 0x11, 0x11,
    0x11, 0x11, 0x11, 0x11, 0x11, 0x11, 0x11, 0x13, 0x11, 0x31, 0x31, 0x12, 0x11, 0x12, 0x11, 0x31,
    0x11, 0x31, 0x11, 0x31, 0x21, 0x13, 0x11, 0x11, 0x11, 0x11, 0x11, 0x11, 0x21, 0x11, 0x21, 0x11,
    0x21, 0x31, 0x11, 0x11, 0x11, 0x13, 0x12, 0x11, 0x11, 0x11, 0x11, 0x11, 0x11, 0x11, 0x11, 0x11,
    0x11, 0x11, 0x21, 0x31, 0x31, 0x31, 0x31, 0x12, 0x11, 0x11, 0x31, 0x11, 0x13, 0x11, 0x13, 0x12,
    0x13, 0x12, 0x13, 0x11, 0x13, 0x11, 0x11, 0x31, 0x11, 0x11, 0x21, 0x31, 0x13, 0x11, 0x11, 0x13,
    0x11, 0x11, 0x11, 0x11, 0x11, 0x11, 0x11, 0x11, 0x11, 0x31, 0x11, 0x11, 0x11, 0x11, 0x12, 0x11,
    0x31, 0x31, 0x12, 0x13, 0x11, 0x13, 0x11, 0x13, 0x11, 0x11, 0x11, 0x21, 0x11, 0x13, 0x11, 0x11,
    0x31, 0x13, 0x11, 0x11, 0x21, 0x11, 0x31, 0x11, 0x11, 0x11, 0x11, 0x11, 0x11, 0x11, 0x11, 0x11,
    0x11, 0x11, 0x31, 0x31, 0x23, 0x12, 0x13, 0x11, 0x12, 0x12, 0x11, 0x11, 0x21, 0x12, 0x12, 0x11,
    0x13, 0x13, 0x11, 0x31, 0x31, 0x11, 0x21, 0x31, 0x11, 0x11, 0x13, 0x11, 0x11, 0x31, 0x11, 0x13,
    0x11, 0x11, 0x11, 0x11, 0x11, 0x11, 0x11, 0x11, 0x11, 0x11, 0x21, 0x13, 0x11, 0x13, 0x11, 0x31,
    0x31, 0x11, 0x31, 0x31, 0x13, 0x11, 0x11, 0x31, 0x11, 0x11, 0x21, 0x11, 0x12, 0x11, 0x11, 0x11,
    0x21, 0x31, 0x11, 0x21, 0x31, 0x11, 0x21, 0x11, 0x11, 0x11, 0x11, 0x11, 0x11, 0x11, 0x11, 0x11,
    0x11, 0x11, 0x31, 0x11, 0x21, 0x31, 0x12, 0x11, 0x13, 0x11, 0x11, 0x13, 0x11, 0x13, 0x11, 0x12,
    0x13, 0x11, 0x13, 0x11, 0x11, 0x31, 0x31, 0x21, 0x11, 0x12, 0x11, 0x11, 0x11, 0x21, 0x11, 0x31,
    0x11, 0x11, 0x11, 0x11, 0x11, 0x11, 0x11, 0x11, 0x11, 0x11, 0x13, 0x13, 0x11, 0x13, 0x11, 0x31,
    0x11, 0x23, 0x12, 0x11, 0x21, 0x31, 0x21, 0x31, 0x11, 0x21, 0x11, 0x21, 0x31, 0x11, 0x11, 0x13,
    0x13, 0x11, 0x13, 0x11, 0x31, 0x11, 0x31, 0x11, 0x11, 0x11, 0x11, 0x11, 0x11, 0x11, 0x11, 0x11,
    0x11, 0x11, 0x11, 0x11, 0x31, 0x21, 0x31, 0x12, 0x13, 0x11, 0x13, 0x11, 0x31, 0x11, 0x31, 0x11,
    0x31, 0x13, 0x11, 0x31, 0x11, 0x21, 0x31, 0x11, 0x11, 0x13, 0x11, 0x11, 0x11, 0x31, 0x11, 0x11,
    0x11, 0x11, 0x11, 0x11, 0x11, 0x11, 0x11, 0x11, 0x11, 0x11, 0x11, 0x31, 0x21, 0x11, 0x12, 0x13,
    0x11, 0x13, 0x11, 0x31, 0x11, 0x31, 0x11, 0x31, 0x12, 0x11, 0x13, 0x11, 0x31, 0x11, 0x11, 0x31,
    0x21, 0x11, 0x12, 0x13, 0x11, 0x11, 0x11, 0x11, 0x11, 0x11, 0x11, 0x11, 0x11, 0x11, 0x11, 0x11,
    0x11, 0x11, 0x11, 0x11, 0x13, 0x13, 0x11, 0x31, 0x13, 0x11, 0x21, 0x12, 0x12, 0x11, 0x31, 0x12,
    0x11, 0x31, 0x11, 0x21, 0x11, 0x31, 0x21, 0x11, 0x13, 0x12, 0x11, 0x11, 0x21, 0x13, 0x11, 0x11,
    0x11, 0x11, 0x11, 0x11, 0x11, 0x11, 0x11, 0x11, 0x11, 0x11, 0x11, 0x11, 0x11, 0x11, 0x31, 0x12,
    0x11, 0x21, 0x13, 0x11, 0x31, 0x31, 0x12, 0x11, 0x31, 0x12, 0x13, 0x11, 0x31, 0x11, 0x13, 0x13,
    0x11, 0x11, 0x31, 0x31, 0x11, 0x11, 0x11, 0x11, 0x11, 0x11, 0x11, 0x11, 0x11, 0x11, 0x11, 0x11,
    0x11, 0x11, 0x11, 0x11, 0x11, 0x31, 0x12, 0x11, 0x31, 0x13, 0x11, 0x31, 0x11, 0x12, 0x11, 0x31,
    0x11, 0x13, 0x11, 0x11, 0x12, 0x13, 0x11, 0x11, 0x12, 0x11, 0x11, 0x11, 0x31, 0x11, 0x11, 0x11,
    0x11, 0x11, 0x11, 0x11, 0x11, 0x11, 0x11, 0x11, 0x11, 0x11, 0x11, 0x11, 0x11, 0x11, 0x11, 0x31,
    0x13, 0x11, 0x21, 0x12, 0x13, 0x11, 0x31, 0x11, 0x31, 0x11, 0x13, 0x13, 0x11, 0x11, 0x12, 0x13,
    0x11, 0x31, 0x13, 0x11, 0x11, 0x11, 0x11, 0x11, 0x11, 0x11, 0x11, 0x11, 0x11, 0x11, 0x11, 0x11,
    0x11, 0x11, 0x11, 0x11, 0x11, 0x11, 0x11, 0x11, 0x11, 0x11, 0x11, 0x11, 0x11, 0x11, 0x11, 0x11,
    0x11, 0x11, 0x11, 0x11, 0x11, 0x11, 0x11, 0x11, 0x11, 0x11, 0x11, 0x11, 0x11, 0x11, 0x11, 0x11,
    0x11, 0x11, 0x11, 0x11, 0x11, 0x11, 0x11, 0x11, 0x11, 0x11, 0x11, 0x11, 0x11, 0x11, 0x11, 0x11,
    0x11, 0x11, 0x11, 0x11, 0x11, 0x11, 0x11, 0x11, 0x11, 0x11, 0x11, 0x11, 0x11, 0x11, 0x11, 0x11,
    0x11, 0x11, 0x11, 0x11, 0x11, 0x11, 0x11, 0x11, 0x11, 0x11, 0x11, 0x11, 0x11, 0x11, 0x11, 0x11,
    0x11, 0x11, 0x11, 0x11, 0x11, 0x11, 0x11, 0x11, 0x11, 0x11, 0x11, 0x11, 0x11, 0x11, 0x11, 0x11,
    0x11, 0x11, 0x11, 0x11, 0x11, 0x11, 0x11, 0x11, 0x11, 0x11, 0x11, 0x11, 0x11, 0x11, 0x11, 0x11,
    0x11, 0x11, 0x11, 0x11, 0x11, 0x11, 0x11, 0x11, 0x11, 0x11, 0x11, 0x11, 0x11, 0x11, 0x11, 0x11,
    0x11, 0x11, 0x11, 0x11, 0x11, 0x11, 0x11, 0x11, 0x11, 0x11, 0x11, 0x11, 0x11, 0x11, 0x11, 0x11,
    0x11, 0x11, 0x11, 0x11, 0x11, 0x11, 0x11, 0x11, 0x11, 0x11, 0x11, 0x11, 0x11, 0x11, 0x11, 0x11,
    0x11, 0x11, 0x11, 0x11, 0x11, 0x11, 0x11, 0x11, 0x11, 0x11, 0x11, 0x11, 0x11, 0x11, 0x11, 0x11,
    0x11, 0x11, 0x11, 0x11, 0x11, 0x11, 0x11, 0x11, 0x11, 0x11, 0x11, 0x11, 0x11, 0x11, 0x11, 0x11,
    0x11, 0x11, 0x11, 0x11, 0x11, 0x11, 0x11, 0x11, 0x11, 0x11, 0x11, 0x11, 0x13, 0x11, 0x11, 0x11,
    0x11, 0x11, 0x11, 0x11, 0x11, 0x13, 0x11, 0x11, 0x11, 0x11, 0x11, 0x11, 0x11, 0x11, 0x11, 0x11,
    0x11, 0x11, 0x11, 0x11, 0x11, 0x11, 0x11, 0x11, 0x11, 0x11, 0x11, 0x11, 0x11, 0x11, 0x11, 0x11,
    0x11, 0x11, 0x11, 0x13, 0x11, 0x11, 0x11, 0x11, 0x11, 0x11, 0x11, 0x11, 0x13, 0x11, 0x11, 0x11,
    0x11, 0x11, 0x31, 0x31, 0x11, 0x11, 0x11, 0x11, 0x11, 0x13, 0x13, 0x11, 0x11, 0x11, 0x11, 0x11,
    0x11, 0x11, 0x11, 0x11, 0x11, 0x11, 0x11, 0x11, 0x11, 0x11, 0x13, 0x11, 0x11, 0x11, 0x11, 0x11,
    0x11, 0x11, 0x11, 0x13, 0x11, 0x11, 0x11, 0x11, 0x11, 0x11, 0x11, 0x11, 0x11, 0x11, 0x11, 0x11,
    0x11, 0x11, 0x11, 0x11, 0x11, 0x11, 0x11, 0x11, 0x11, 0x11, 0x11, 0x11, 0x11, 0x11, 0x11, 0x11,
    0x11, 0x11, 0x31, 0x13, 0x13, 0x13, 0x11, 0x11, 0x11, 0x11, 0x11, 0x31, 0x13, 0x13, 0x13, 0x11,
    0x11, 0x13, 0x12, 0x13, 0x11, 0x11, 0x11, 0x11, 0x11, 0x31, 0x21, 0x31, 0x11, 0x11, 0x11, 0x11,
    0x11, 0x11, 0x11, 0x11, 0x11, 0x11, 0x11, 0x11, 0x11, 0x11, 0x11, 0x11, 0x11, 0x11, 0x11, 0x11,
    0x11, 0x11, 0x11, 0x11, 0x11, 0x11, 0x11, 0x11, 0x11, 0x11, 0x13, 0x11, 0x11, 0x11, 0x11, 0x11,
    0x11, 0x11, 0x31, 0x11, 0x11, 0x11, 0x11, 0x11, 0x11, 0x11, 0x11, 0x11, 0x11, 0x11, 0x11, 0x11,
    0x11, 0x11, 0x11, 0x31, 0x11, 0x11, 0x11, 0x11, 0x11, 0x11, 0x11, 0x11, 0x31, 0x11, 0x11, 0x11,
    0x11, 0x11, 0x11, 0x11, 0x11, 0x11, 0x11, 0x11, 0x11, 0x11, 0x11, 0x11, 0x11, 0x11, 0x11, 0x11,
    0x11, 0x11, 0x11, 0x11, 0x11, 0x11, 0x11, 0x11, 0x11, 0x11, 0x11, 0x11, 0x13, 0x11, 0x11, 0x11,
    0x11, 0x11, 0x11, 0x11, 0x11, 0x11, 0x11, 0x11, 0x11, 0x11, 0x11, 0x11, 0x11, 0x11, 0x11, 0x11,
    0x11, 0x11, 0x11, 0x11, 0x11, 0x11, 0x11, 0x11, 0x11, 0x11, 0x11, 0x11, 0x11, 0x11, 0x11, 0x11,
    0x11, 0x11, 0x11, 0x11, 0x11, 0x11, 0x11, 0x11, 0x11, 0x11, 0x11, 0x11, 0x11, 0x11, 0x11, 0x11,
    0x11, 0x11, 0x11, 0x11, 0x11, 0x11, 0x11, 0x11, 0x11, 0x11, 0x11, 0x11, 0x11, 0x11, 0x11, 0x11,
    0x11, 0x11, 0x11, 0x11, 0x11, 0x11, 0x11, 0x11, 0x11, 0x11, 0x11, 0x11, 0x11, 0x11, 0x11, 0x11,
    0x11, 0x11, 0x11, 0x11, 0x11, 0x11, 0x11, 0x11, 0x11, 0x11, 0x11, 0x11, 0x11, 0x11, 0x13, 0x11,
    0x11, 0x11, 0x11, 0x11, 0x11, 0x11, 0x11, 0x11, 0x11, 0x11, 0x11, 0x11, 0x11, 0x11, 0x11, 0x11,
    0x11, 0x11, 0x11, 0x11, 0x11, 0x11, 0x11, 0x11, 0x11, 0x11, 0x11, 0x11, 0x11, 0x11, 0x11, 0x11,
    0x11, 0x11, 0x11, 0x11, 0x11, 0x13, 0x11, 0x11, 0x11, 0x11, 0x11, 0x11, 0x11, 0x11, 0x11, 0x11,
    0x11, 0x11, 0x11, 0x11, 0x11, 0x11, 0x11, 0x11, 0x11, 0x11, 0x11, 0x11, 0x11, 0x11, 0x11, 0x11,
    0x11, 0x11, 0x11, 0x11, 0x11, 0x11, 0x11, 0x11, 0x11, 0x11, 0x11, 0x11, 0x11, 0x11, 0x12, 0x11,
    0x11, 0x11, 0x11, 0x11, 0x11, 0x11, 0x11, 0x11, 0x11, 0x11, 0x11, 0x11, 0x11, 0x11, 0x11, 0x11,
    0x11, 0x11, 0x11, 0x11, 0x11, 0x11, 0x11, 0x31, 0x31, 0x11, 0x11, 0x11, 0x11, 0x11, 0x11, 0x11,
    0x11, 0x11, 0x11, 0x11, 0x11, 0x13, 0x11, 0x31, 0x11, 0x11, 0x11, 0x11, 0x11, 0x11, 0x11, 0x11,
    0x11, 0x11, 0x11, 0x11, 0x11, 0x11, 0x11, 0x11, 0x11, 0x11, 0x11, 0x11, 0x11, 0x11, 0x11, 0x11,
    0x11, 0x11, 0x11, 0x11, 0x11, 0x11, 0x11, 0x11, 0x11, 0x11, 0x11, 0x11, 0x11, 0x31, 0x11, 0x11,
    0x31, 0x11, 0x11, 0x11, 0x11, 0x11, 0x11, 0x11, 0x11, 0x11, 0x11, 0x11, 0x11, 0x11, 0x11, 0x11,
    0x11, 0x11, 0x11, 0x11, 0x11, 0x11, 0x11, 0x31, 0x13, 0x11, 0x11, 0x11, 0x11, 0x11, 0x11, 0x11,
    0x11, 0x11, 0x11, 0x11, 0x11, 0x12, 0x13, 0x11, 0x11, 0x11, 0x11, 0x11, 0x11, 0x11, 0x11, 0x11,
    0x11, 0x11, 0x11, 0x11, 0x11, 0x11, 0x11, 0x11, 0x11, 0x11, 0x11, 0x11, 0x11, 0x11, 0x11, 0x11,
    0x11, 0x11, 0x11, 0x11, 0x11, 0x11, 0x11, 0x11, 0x11, 0x11, 0x11, 0x11, 0x11, 0x13, 0x11, 0x21,
    0x11, 0x11, 0x11, 0x11, 0x11, 0x11, 0x11, 0x11, 0x11, 0x11, 0x11, 0x11, 0x11, 0x11, 0x11, 0x11,
    0x11, 0x11, 0x11, 0x11, 0x11, 0x11, 0x11, 0x13, 0x11, 0x11, 0x11, 0x11, 0x11, 0x11, 0x11, 0x11,
    0x11, 0x11, 0x11, 0x11, 0x11, 0x11, 0x13, 0x11, 0x11, 0x11, 0x11, 0x11, 0x11, 0x11, 0x11, 0x11,
    0x11, 0x11, 0x11, 0x11, 0x11, 0x11, 0x11, 0x11, 0x11, 0x11, 0x11, 0x11, 0x11, 0x11, 0x11, 0x11,
    0x11, 0x11, 0x11, 0x11, 0x11, 0x11, 0x11, 0x11, 0x13, 0x11, 0x11, 0x11, 0x11, 0x11, 0x11, 0x11,
    0x11, 0x11, 0x11, 0x11, 0x11, 0x11, 0x11, 0x11, 0x11, 0x11, 0x11, 0x11, 0x11, 0x11, 0x11, 0x11,
    0x11, 0x11, 0x11, 0x11, 0x11, 0x11, 0x11, 0x11, 0x11, 0x11, 0x11, 0x11, 0x11, 0x11, 0x11, 0x11,
    0x11, 0x31, 0x11, 0x11, 0x11, 0x11, 0x11, 0x11, 0x11, 0x11, 0x11, 0x11, 0x11, 0x11, 0x11, 0x11,
    0x11, 0x11, 0x11, 0x11, 0x11, 0x11, 0x11, 0x11, 0x11, 0x11, 0x11, 0x11, 0x11, 0x11, 0x11, 0x11,
    0x11, 0x11, 0x11, 0x11, 0x11, 0x11, 0x11, 0x11, 0x31, 0x11, 0x11, 0x11, 0x11, 0x11, 0x11, 0x11,
    0x11, 0x11, 0x11, 0x11, 0x11, 0x11, 0x11, 0x11, 0x11, 0x11, 0x11, 0x11, 0x11, 0x11, 0x11, 0x11,
    0x11, 0x11, 0x11, 0x11, 0x11, 0x11, 0x11, 0x11, 0x11, 0x11, 0x11, 0x11, 0x11, 0x11, 0x11, 0x11,
    0x11, 0x31, 0x11, 0x11, 0x11, 0x11, 0x11, 0x11, 0x11, 0x11, 0x11, 0x11, 0x11, 0x11, 0x11, 0x11,
};

// Auto-generated icon: wx_71d (80x80)
// Each byte holds 2 pixels (high nibble first)
#define ICON_WX_71D_W 80
#define ICON_WX_71D_H 80
static const uint8_t PROGMEM icon_wx_71d[] = {
    0x11, 0x11, 0x11, 0x11, 0x11, 0x11, 0x11, 0x11, 0x11, 0x11, 0x11, 0x11, 0x11, 0x11, 0x11, 0x13,
    0x13, 0x13, 0x13, 0x11, 0x11, 0x11, 0x11, 0x11, 0x11, 0x11, 0x11, 0x11, 0x11, 0x11, 0x11, 0x11,
    0x11, 0x11, 0x11, 0x11, 0x11, 0x11, 0x11, 0x11, 0x11, 0x11, 0x11, 0x11, 0x11, 0x11, 0x11, 0x11,
    0x11, 0x11, 0x11, 0x11, 0x11, 0x11, 0x31, 0x31, 0x21, 0x21, 0x21, 0x31, 0x31, 0x11, 0x11, 0x11,
    0x11, 0x11, 0x11, 0x11, 0x11, 0x11, 0x11, 0x11, 0x11, 0x11, 0x11, 0x11, 0x11, 0x11, 0x11, 0x11,
    0x11, 0x11, 0x11, 0x11, 0x11, 0x11, 0x11, 0x11, 0x11, 0x11, 0x11, 0x11, 0x11, 0x32, 0x13, 0x21,
    0x31, 0x31, 0x31, 0x21, 0x13, 0x11, 0x11, 0x11, 0x11, 0x11, 0x11, 0x11, 0x11, 0x11, 0x11, 0x11,
    0x11, 0x11, 0x11, 0x11, 0x11, 0x11, 0x11, 0x11, 0x11, 0x11, 0x11, 0x11, 0x11, 0x11, 0x11, 0x11,
    0x11, 0x11, 0x11, 0x13, 0x13, 0x13, 0x11, 0x31, 0x21, 0x31, 0x21, 0x31, 0x21, 0x31, 0x11, 0x11,
    0x11, 0x11, 0x11, 0x11, 0x11, 0x11, 0x11, 0x11, 0x11, 0x11, 0x11, 0x11, 0x11, 0x11, 0x11, 0x11,
    0x11, 0x11, 0x11, 0x11, 0x11, 0x11, 0x11, 0x11, 0x11, 0x11, 0x11, 0x12, 0x12, 0x12, 0x31, 0x21,
    0x31, 0x21, 0x31, 0x13, 0x13, 0x12, 0x11, 0x11, 0x11, 0x11, 0x11, 0x11, 0x11, 0x11, 0x11, 0x11,
    0x11, 0x11, 0x11, 0x11, 0x11, 0x11, 0x11, 0x11, 0x11, 0x11, 0x11, 0x11, 0x11, 0x11, 0x11, 0x11,
    0x11, 0x11, 0x13, 0x13, 0x31, 0x31, 0x13, 0x13, 0x13, 0x13, 0x12, 0x31, 0x21, 0x31, 0x31, 0x11,
    0x11, 0x11, 0x11, 0x11, 0x11, 0x11, 0x11, 0x11, 0x11, 0x11, 0x11, 0x11, 0x11, 0x11, 0x11, 0x11,
    0x11, 0x11, 0x11, 0x11, 0x11, 0x11, 0x11, 0x11, 0x11, 0x11, 0x12, 0x31, 0x21, 0x32, 0x12, 0x12,
    0x12, 0x12, 0x13, 0x13, 0x11, 0x21, 0x13, 0x11, 0x11, 0x11, 0x11, 0x11, 0x11, 0x11, 0x11, 0x11,
    0x11, 0x11, 0x11, 0x11, 0x11, 0x11, 0x11, 0x11, 0x11, 0x11, 0x11, 0x11, 0x11, 0x11, 0x11, 0x11,
    0x11, 0x13, 0x13, 0x13, 0x13, 0x13, 0x13, 0x13, 0x13, 0x13, 0x11, 0x21, 0x31, 0x31, 0x31, 0x21,
    0x11, 0x11, 0x11, 0x11, 0x11, 0x11, 0x11, 0x11, 0x11, 0x11, 0x11, 0x11, 0x11, 0x11, 0x11, 0x11,
    0x11, 0x11, 0x11, 0x11, 0x11, 0x11, 0x11, 0x11, 0x11, 0x12, 0x31, 0x21, 0x21, 0x21, 0x31, 0x21,
    0x31, 0x21, 0x31, 0x31, 0x21, 0x31, 0x21, 0x31, 0x31, 0x11, 0x11, 0x11, 0x11, 0x11, 0x11, 0x11,
    0x11, 0x11, 0x11, 0x11, 0x11, 0x11, 0x11, 0x11, 0x11, 0x11, 0x11, 0x11, 0x11, 0x11, 0x11, 0x11,
    0x11, 0x31, 0x13, 0x13, 0x13, 0x13, 0x12, 0x31, 0x21, 0x31, 0x21, 0x31, 0x31, 0x21, 0x31, 0x13,
    0x11, 0x11, 0x11, 0x11, 0x11, 0x11, 0x11, 0x11, 0x11, 0x11, 0x11, 0x11, 0x11, 0x11, 0x11, 0x11,
    0x11, 0x11, 0x11, 0x11, 0x11, 0x11, 0x11, 0x11, 0x11, 0x13, 0x21, 0x32, 0x13, 0x12, 0x13, 0x13,
    0x13, 0x13, 0x13, 0x12, 0x13, 0x13, 0x12, 0x31, 0x21, 0x11, 0x11, 0x11, 0x11, 0x11, 0x11, 0x11,
    0x11, 0x11, 0x11, 0x11, 0x11, 0x11, 0x11, 0x11, 0x11, 0x11, 0x11, 0x11, 0x11, 0x11, 0x11, 0x11,
    0x13, 0x21, 0x31, 0x21, 0x32, 0x13, 0x12, 0x12, 0x12, 0x12, 0x12, 0x13, 0x11, 0x21, 0x31, 0x13,
    0x13, 0x11, 0x11, 0x11, 0x11, 0x11, 0x11, 0x11, 0x11, 0x11, 0x11, 0x11, 0x11, 0x11, 0x11, 0x11,
    0x11, 0x11, 0x11, 0x11, 0x11, 0x11, 0x11, 0x11, 0x11, 0x31, 0x23, 0x13, 0x13, 0x12, 0x31, 0x31,
    0x31, 0x31, 0x31, 0x31, 0x23, 0x13, 0x12, 0x13, 0x11, 0x11, 0x11, 0x11, 0x11, 0x11, 0x11, 0x11,
    0x11, 0x11, 0x11, 0x11, 0x11, 0x11, 0x11, 0x11, 0x11, 0x11, 0x11, 0x11, 0x11, 0x31, 0x31, 0x31,
    0x32, 0x13, 0x12, 0x12, 0x12, 0x31, 0x13, 0x12, 0x13, 0x12, 0x13, 0x12, 0x11, 0x31, 0x21, 0x11,
    0x12, 0x11, 0x11, 0x11, 0x11, 0x11, 0x11, 0x11, 0x11, 0x11, 0x11, 0x11, 0x11, 0x11, 0x11, 0x11,
    0x11, 0x11, 0x11, 0x11, 0x31, 0x23, 0x23, 0x21, 0x23, 0x12, 0x31, 0x31, 0x31, 0x13, 0x21, 0x31,
    0x31, 0x23, 0x12, 0x13, 0x13, 0x11, 0x13, 0x11, 0x11, 0x31, 0x13, 0x11, 0x11, 0x11, 0x11, 0x11,
    0x11, 0x11, 0x11, 0x11, 0x11, 0x11, 0x11, 0x11, 0x11, 0x11, 0x11, 0x31, 0x23, 0x12, 0x11, 0x31,
    0x31, 0x31, 0x23, 0x12, 0x31, 0x21, 0x31, 0x21, 0x23, 0x11, 0x31, 0x31, 0x21, 0x21, 0x11, 0x13,
    0x11, 0x11, 0x11, 0x13, 0x11, 0x11, 0x11, 0x11, 0x11, 0x11, 0x11, 0x11, 0x11, 0x11, 0x11, 0x11,
    0x11, 0x11, 0x12, 0x13, 0x12, 0x31, 0x32, 0x13, 0x21, 0x23, 0x12, 0x31, 0x23, 0x13, 0x13, 0x13,
    0x11, 0x32, 0x13, 0x12, 0x11, 0x13, 0x11, 0x11, 0x12, 0x13, 0x11, 0x11, 0x13, 0x11, 0x11, 0x11,
    0x11, 0x11, 0x11, 0x11, 0x11, 0x11, 0x11, 0x11, 0x11, 0x11, 0x31, 0x32, 0x31, 0x32, 0x13, 0x21,
    0x31, 0x31, 0x31, 0x13, 0x13, 0x12, 0x12, 0x31, 0x32, 0x13, 0x12, 0x13, 0x13, 0x11, 0x13, 0x12,
    0x11, 0x11, 0x12, 0x11, 0x21, 0x13, 0x11, 0x11, 0x11, 0x11, 0x11, 0x11, 0x11, 0x11, 0x11, 0x11,
    0x11, 0x13, 0x23, 0x12, 0x13, 0x13, 0x21, 0x31, 0x23, 0x12, 0x13, 0x21, 0x21, 0x31, 0x31, 0x21,
    0x21, 0x31, 0x23, 0x11, 0x11, 0x13, 0x11, 0x11, 0x13, 0x11, 0x11, 0x31, 0x11, 0x11, 0x13, 0x11,
    0x11, 0x11, 0x11, 0x11, 0x11, 0x11, 0x11, 0x11, 0x11, 0x21, 0x31, 0x23, 0x21, 0x21, 0x31, 0x23,
    0x12, 0x31, 0x31, 0x31, 0x31, 0x23, 0x13, 0x13, 0x13, 0x12, 0x11, 0x13, 0x11, 0x11, 0x21, 0x13,
    0x11, 0x13, 0x11, 0x11, 0x13, 0x11, 0x11, 0x11, 0x11, 0x11, 0x11, 0x11, 0x11, 0x11, 0x11, 0x11,
    0x11, 0x32, 0x13, 0x13, 0x13, 0x32, 0x13, 0x12, 0x31, 0x23, 0x21, 0x23, 0x13, 0x12, 0x12, 0x31,
    0x21, 0x31, 0x31, 0x11, 0x21, 0x31, 0x11, 0x11, 0x12, 0x11, 0x12, 0x13, 0x11, 0x12, 0x11, 0x21,
    0x11, 0x11, 0x11, 0x11, 0x11, 0x11, 0x11, 0x11, 0x13, 0x13, 0x23, 0x21, 0x21, 0x31, 0x32, 0x31,
    0x31, 0x31, 0x31, 0x31, 0x21, 0x31, 0x31, 0x23, 0x13, 0x21, 0x11, 0x21, 0x11, 0x11, 0x31, 0x31,
    0x11, 0x13, 0x11, 0x11, 0x12, 0x11, 0x13, 0x11, 0x31, 0x11, 0x11, 0x11, 0x11, 0x11, 0x11, 0x11,
    0x12, 0x31, 0x21, 0x33, 0x32, 0x12, 0x13, 0x12, 0x12, 0x13, 0x21, 0x23, 0x13, 0x21, 0x31, 0x31,
    0x21, 0x31, 0x31, 0x13, 0x11, 0x31, 0x11, 0x12, 0x13, 0x11, 0x13, 0x11, 0x11, 0x13, 0x11, 0x11,
    0x11, 0x11, 0x11, 0x11, 0x11, 0x11, 0x11, 0x11, 0x13, 0x21, 0x32, 0x12, 0x13, 0x31, 0x32, 0x31,
    0x33, 0x21, 0x31, 0x31, 0x21, 0x32, 0x13, 0x21, 0x31, 0x21, 0x11, 0x11, 0x11, 0x12, 0x11, 0x11,
    0x11, 0x12, 0x11, 0x13, 0x13, 0x11, 0x11, 0x31, 0x13, 0x11, 0x11, 0x11, 0x11, 0x11, 0x11, 0x11,
    0x21, 0x32, 0x13, 0x31, 0x32, 0x12, 0x13, 0x12, 0x13, 0x13, 0x21, 0x23, 0x13, 0x13, 0x12, 0x13,
    0x13, 0x11, 0x31, 0x21, 0x31, 0x11, 0x31, 0x31, 0x13, 0x11, 0x13, 0x11, 0x11, 0x11, 0x31, 0x11,
    0x11, 0x11, 0x11, 0x11, 0x11, 0x11, 0x11, 0x11, 0x32, 0x13, 0x21, 0x23, 0x12, 0x33, 0x21, 0x33,
    0x21, 0x21, 0x31, 0x31, 0x23, 0x12, 0x13, 0x11, 0x21, 0x11, 0x11, 0x11, 0x12, 0x11, 0x11, 0x11,
    0x21, 0x13, 0x11, 0x12, 0x11, 0x21, 0x11, 0x21, 0x12, 0x11, 0x11, 0x11, 0x11, 0x11, 0x11, 0x11,
    0x31, 0x32, 0x33, 0x12, 0x31, 0x21, 0x32, 0x12, 0x13, 0x31, 0x23, 0x12, 0x12, 0x11, 0x11, 0x11,
    0x13, 0x13, 0x13, 0x13, 0x11, 0x31, 0x12, 0x11, 0x13, 0x11, 0x12, 0x11, 0x13, 0x11, 0x11, 0x13,
    0x11, 0x11, 0x11, 0x11, 0x11, 0x11, 0x11, 0x11, 0x23, 0x21, 0x21, 0x31, 0x23, 0x13, 0x13, 0x13,
    0x21, 0x23, 0x12, 0x31, 0x31, 0x31, 0x31, 0x31, 0x11, 0x11, 0x11, 0x11, 0x11, 0x11, 0x31, 0x13,
    0x11, 0x12, 0x11, 0x13, 0x11, 0x13, 0x13, 0x11, 0x13, 0x11, 0x11, 0x11, 0x11, 0x11, 0x11, 0x11,
    0x31, 0x32, 0x32, 0x32, 0x13, 0x23, 0x21, 0x31, 0x33, 0x12, 0x31, 0x31, 0x11, 0x11, 0x11, 0x12,
    0x13, 0x12, 0x12, 0x13, 0x12, 0x11, 0x11, 0x11, 0x13, 0x11, 0x13, 0x11, 0x11, 0x11, 0x11, 0x11,
    0x11, 0x13, 0x11, 0x11, 0x11, 0x11, 0x11, 0x11, 0x23, 0x13, 0x13, 0x13, 0x21, 0x31, 0x32, 0x32,
    0x12, 0x31, 0x21, 0x12, 0x13, 0x12, 0x12, 0x11, 0x11, 0x11, 0x31, 0x11, 0x11, 0x31, 0x21, 0x31,
    0x11, 0x13, 0x11, 0x12, 0x13, 0x12, 0x11, 0x21, 0x31, 0x11, 0x11, 0x11, 0x11, 0x11, 0x11, 0x11,
    0x32, 0x12, 0x32, 0x13, 0x13, 0x21, 0x21, 0x23, 0x13, 0x13, 0x13, 0x11, 0x11, 0x13, 0x11, 0x31,
    0x31, 0x31, 0x11, 0x31, 0x31, 0x11, 0x11, 0x12, 0x13, 0x11, 0x12, 0x11, 0x11, 0x11, 0x13, 0x11,
    0x11, 0x21, 0x11, 0x11, 0x11, 0x11, 0x11, 0x11, 0x13, 0x23, 0x13, 0x23, 0x21, 0x32, 0x33, 0x12,
    0x32, 0x12, 0x11, 0x31, 0x31, 0x11, 0x13, 0x11, 0x11, 0x12, 0x11, 0x11, 0x12, 0x13, 0x13, 0x11,
    0x11, 0x12, 0x11, 0x31, 0x13, 0x11, 0x11, 0x11, 0x31, 0x11, 0x31, 0x11, 0x11, 0x11, 0x11, 0x11,
    0x13, 0x12, 0x31, 0x21, 0x32, 0x13, 0x12, 0x31, 0x13, 0x21, 0x31, 0x11, 0x12, 0x13, 0x11, 0x21,
    0x31, 0x11, 0x31, 0x21, 0x11, 0x11, 0x11, 0x13, 0x12, 0x11, 0x31, 0x11, 0x11, 0x13, 0x11, 0x31,
    0x11, 0x31, 0x11, 0x31, 0x11, 0x11, 0x11, 0x11, 0x12, 0x31, 0x23, 0x13, 0x23, 0x21, 0x31, 0x23,
    0x21, 0x31, 0x12, 0x13, 0x11, 0x11, 0x21, 0x11, 0x12, 0x11, 0x11, 0x13, 0x13, 0x11, 0x21, 0x11,
    0x11, 0x31, 0x11, 0x31, 0x21, 0x11, 0x21, 0x11, 0x21, 0x11, 0x21, 0x11, 0x31, 0x11, 0x11, 0x11,
    0x11, 0x23, 0x12, 0x32, 0x13, 0x13, 0x23, 0x13, 0x13, 0x12, 0x13, 0x11, 0x21, 0x31, 0x13, 0x13,
    0x11, 0x31, 0x31, 0x11, 0x11, 0x21, 0x13, 0x12, 0x11, 0x11, 0x31, 0x11, 0x13, 0x11, 0x11, 0x31,
    0x11, 0x31, 0x11, 0x11, 0x11, 0x31, 0x11, 0x11, 0x11, 0x32, 0x31, 0x31, 0x23, 0x21, 0x32, 0x12,
    0x32, 0x11, 0x11, 0x31, 0x13, 0x11, 0x31, 0x11, 0x21, 0x11, 0x12, 0x13, 0x11, 0x13, 0x11, 0x11,
    0x31, 0x11, 0x12, 0x13, 0x11, 0x13, 0x11, 0x11, 0x31, 0x11, 0x31, 0x31, 0x21, 0x11, 0x11, 0x11,
    0x11, 0x13, 0x23, 0x23, 0x13, 0x12, 0x31, 0x31, 0x31, 0x31, 0x31, 0x12, 0x11, 0x21, 0x12, 0x13,
    0x11, 0x31, 0x13, 0x11, 0x21, 0x11, 0x13, 0x11, 0x11, 0x31, 0x11, 0x11, 0x12, 0x11, 0x12, 0x11,
    0x11, 0x21, 0x11, 0x11, 0x11, 0x13, 0x11, 0x11, 0x11, 0x11, 0x13, 0x12, 0x32, 0x31, 0x23, 0x23,
    0x21, 0x12, 0x11, 0x31, 0x31, 0x13, 0x11, 0x11, 0x31, 0x12, 0x11, 0x11, 0x31, 0x31, 0x11, 0x21,
    0x31, 0x12, 0x13, 0x11, 0x31, 0x13, 0x11, 0x31, 0x11, 0x11, 0x31, 0x12, 0x13, 0x11, 0x11, 0x11,
    0x11, 0x11, 0x12, 0x31, 0x21, 0x32, 0x31, 0x31, 0x32, 0x11, 0x31, 0x11, 0x13, 0x11, 0x13, 0x11,
    0x12, 0x11, 0x31, 0x31, 0x11, 0x12, 0x11, 0x11, 0x12, 0x11, 0x11, 0x11, 0x11, 0x11, 0x11, 0x11,
    0x31, 0x31, 0x11, 0x11, 0x11, 0x12, 0x13, 0x11, 0x11, 0x11, 0x11, 0x23, 0x32, 0x13, 0x21, 0x23,
    0x21, 0x31, 0x12, 0x13, 0x11, 0x21, 0x31, 0x21, 0x31, 0x31, 0x11, 0x12, 0x13, 0x11, 0x31, 0x31,
    0x11, 0x31, 0x31, 0x21, 0x31, 0x21, 0x31, 0x21, 0x11, 0x11, 0x21, 0x31, 0x13, 0x11, 0x11, 0x11,
    0x11, 0x11, 0x11, 0x11, 0x13, 0x21, 0x33, 0x12, 0x31, 0x12, 0x13, 0x11, 0x21, 0x11, 0x11, 0x31,
    0x11, 0x11, 0x21, 0x13, 0x11, 0x11, 0x11, 0x12, 0x11, 0x11, 0x11, 0x11, 0x11, 0x11, 0x11, 0x11,
    0x31, 0x21, 0x11, 0x11, 0x11, 0x11, 0x31, 0x13, 0x11, 0x11, 0x11, 0x11, 0x11, 0x32, 0x12, 0x31,
    0x23, 0x11, 0x11, 0x31, 0x13, 0x13, 0x12, 0x11, 0x31, 0x21, 0x31, 0x11, 0x13, 0x12, 0x13, 0x11,
    0x31, 0x31, 0x21, 0x31, 0x13, 0x13, 0x11, 0x31, 0x11, 0x11, 0x31, 0x13, 0x12, 0x11, 0x11, 0x11,
    0x11, 0x11, 0x11, 0x11, 0x11, 0x11, 0x11, 0x13, 0x11, 0x31, 0x31, 0x12, 0x11, 0x12, 0x11, 0x31,
    0x11, 0x31, 0x11, 0x31, 0x21, 0x13, 0x11, 0x11, 0x11, 0x11, 0x11, 0x11, 0x21, 0x11, 0x21, 0x11,
    0x21, 0x31, 0x11, 0x11, 0x11, 0x13, 0x12, 0x11, 0x11, 0x11, 0x11, 0x11, 0x11, 0x11, 0x11, 0x11,
    0x11, 0x11, 0x21, 0x31, 0x31, 0x31, 0x31, 0x12, 0x11, 0x11, 0x31, 0x11, 0x13, 0x11, 0x13, 0x12,
    0x13, 0x12, 0x13, 0x11, 0x13, 0x11, 0x11, 0x31, 0x11, 0x11, 0x21, 0x31, 0x13, 0x11, 0x11, 0x13,
    0x11, 0x11, 0x11, 0x11, 0x11, 0x11, 0x11, 0x11, 0x11, 0x31, 0x11, 0x11, 0x11, 0x11, 0x12, 0x11,
    0x31, 0x31, 0x12, 0x13, 0x11, 0x13, 0x11, 0x13, 0x11, 0x11, 0x11, 0x21, 0x11, 0x13, 0x11, 0x11,
    0x31, 0x13, 0x11, 0x11, 0x21, 0x11, 0x31, 0x11, 0x11, 0x11, 0x11, 0x11, 0x11, 0x11, 0x11, 0x11,
    0x11, 0x11, 0x31, 0x31, 0x23, 0x12, 0x13, 0x11, 0x12, 0x12, 0x11, 0x11, 0x21, 0x12, 0x12, 0x11,
    0x13, 0x13, 0x11, 0x31, 0x31, 0x11, 0x21, 0x31, 0x11, 0x11, 0x13, 0x11, 0x11, 0x31, 0x11, 0x13,
    0x11, 0x11, 0x11, 0x11, 0x11, 0x11, 0x11, 0x11, 0x11, 0x11, 0x21, 0x13, 0x11, 0x13, 0x11, 0x31,
    0x31, 0x11, 0x31, 0x31, 0x13, 0x11, 0x11, 0x31, 0x11, 0x11, 0x21, 0x11, 0x12, 0x11, 0x11, 0x11,
    0x21, 0x31, 0x11, 0x21, 0x31, 0x11, 0x21, 0x11, 0x11, 0x11, 0x11, 0x11, 0x11, 0x11, 0x11, 0x11,
    0x11, 0x11, 0x31, 0x11, 0x21, 0x31, 0x12, 0x11, 0x13, 0x11, 0x11, 0x13, 0x11, 0x13, 0x11, 0x12,
    0x13, 0x11, 0x13, 0x11, 0x11, 0x31, 0x31, 0x21, 0x11, 0x12, 0x11, 0x11, 0x11, 0x21, 0x11, 0x31,
    0x11, 0x11, 0x11, 0x11, 0x11, 0x11, 0x11, 0x11, 0x11, 0x11, 0x13, 0x13, 0x11, 0x13, 0x11, 0x31,
    0x11, 0x23, 0x12, 0x11, 0x21, 0x31, 0x21, 0x31, 0x11, 0x21, 0x11, 0x21, 0x31, 0x11, 0x11, 0x13,
    0x13, 0x11, 0x13, 0x11, 0x31, 0x11, 0x31, 0x11, 0x11, 0x11, 0x11, 0x11, 0x11, 0x11, 0x11, 0x11,
    0x11, 0x11, 0x11, 0x11, 0x31, 0x21, 0x31, 0x12, 0x13, 0x11, 0x13, 0x11, 0x31, 0x11, 0x31, 0x11,
    0x31, 0x13, 0x11, 0x31, 0x11, 0x21, 0x31, 0x11, 0x11, 0x13, 0x11, 0x11, 0x11, 0x31, 0x11, 0x11,
    0x11, 0x11, 0x11, 0x11, 0x11, 0x11, 0x11, 0x11, 0x11, 0x11, 0x11, 0x31, 0x21, 0x11, 0x12, 0x13,
    0x11, 0x13, 0x11, 0x31, 0x11, 0x31, 0x11, 0x31, 0x12, 0x11, 0x13, 0x11, 0x31, 0x11, 0x11, 0x31,
    0x21, 0x11, 0x12, 0x13, 0x11, 0x11, 0x11, 0x11, 0x11, 0x11, 0x11, 0x11, 0x11, 0x11, 0x11, 0x11,
    0x11, 0x11, 0x11, 0x11, 0x13, 0x13, 0x11, 0x31, 0x13, 0x11, 0x21, 0x12, 0x12, 0x11, 0x31, 0x12,
    0x11, 0x31, 0x11, 0x21, 0x11, 0x31, 0x21, 0x11, 0x13, 0x12, 0x11, 0x11, 0x21, 0x13, 0x11, 0x11,
    0x11, 0x11, 0x11, 0x11, 0x11, 0x11, 0x11, 0x11, 0x11, 0x11, 0x11, 0x11, 0x11, 0x11, 0x31, 0x12,
    0x11, 0x21, 0x13, 0x11, 0x31, 0x31, 0x12, 0x11, 0x31, 0x12, 0x13, 0x11, 0x31, 0x11, 0x13, 0x13,
    0x11, 0x11, 0x31, 0x31, 0x11, 0x11, 0x11, 0x11, 0x11, 0x11, 0x11, 0x11, 0x11, 0x11, 0x11, 0x11,
    0x11, 0x11, 0x11, 0x11, 0x11, 0x31, 0x12, 0x11, 0x31, 0x13, 0x11, 0x31, 0x11, 0x12, 0x11, 0x31,
    0x11, 0x13, 0x11, 0x11, 0x12, 0x13, 0x11, 0x11, 0x12, 0x11, 0x11, 0x11, 0x31, 0x11, 0x11, 0x11,
    0x11, 0x11, 0x11, 0x11, 0x11, 0x11, 0x11, 0x11, 0x11, 0x11, 0x11, 0x11, 0x11, 0x11, 0x11, 0x31,
    0x13, 0x11, 0x21, 0x12, 0x13, 0x11, 0x31, 0x11, 0x31, 0x11, 0x13, 0x13, 0x11, 0x11, 0x12, 0x13,
    0x11, 0x31, 0x13, 0x11, 0x11, 0x11, 0x11, 0x11, 0x11, 0x11, 0x11, 0x11, 0x11, 0x11, 0x11, 0x11,
    0x11, 0x11, 0x11, 0x11, 0x11, 0x11, 0x11, 0x11, 0x11, 0x11, 0x11, 0x11, 0x11, 0x11, 0x11, 0x11,
    0x11, 0x11, 0x11, 0x11, 0x11, 0x11, 0x11, 0x11, 0x11, 0x11, 0x11, 0x11, 0x11, 0x11, 0x11, 0x11,
    0x11, 0x11, 0x11, 0x11, 0x11, 0x11, 0x11, 0x11, 0x11, 0x11, 0x11, 0x11, 0x11, 0x11, 0x11, 0x11,
    0x11, 0x11, 0x11, 0x11, 0x11, 0x11, 0x11, 0x11, 0x11, 0x11, 0x11, 0x11, 0x11, 0x11, 0x11, 0x11,
    0x11, 0x11, 0x11, 0x11, 0x11, 0x11, 0x11, 0x11, 0x11, 0x11, 0x11, 0x11, 0x11, 0x11, 0x11, 0x11,
    0x11, 0x11, 0x11, 0x11, 0x11, 0x11, 0x11, 0x11, 0x11, 0x11, 0x11, 0x11, 0x11, 0x11, 0x11, 0x11,
    0x11, 0x11, 0x11, 0x11, 0x11, 0x11, 0x11, 0x11, 0x11, 0x11, 0x11, 0x11, 0x11, 0x11, 0x11, 0x11,
    0x11, 0x11, 0x11, 0x11, 0x11, 0x11, 0x11, 0x11, 0x11, 0x11, 0x11, 0x11, 0x11, 0x11, 0x11, 0x11,
    0x11, 0x11, 0x11, 0x11, 0x11, 0x11, 0x11, 0x11, 0x11, 0x11, 0x11, 0x11, 0x11, 0x11, 0x11, 0x11,
    0x11, 0x11, 0x11, 0x11, 0x11, 0x11, 0x11, 0x11, 0x11, 0x11, 0x11, 0x11, 0x11, 0x11, 0x11, 0x11,
    0x11, 0x11, 0x11, 0x11, 0x11, 0x11, 0x11, 0x11, 0x11, 0x11, 0x11, 0x11, 0x11, 0x11, 0x13, 0x11,
    0x11, 0x11, 0x11, 0x11, 0x11, 0x11, 0x11, 0x31, 0x11, 0x11, 0x11, 0x11, 0x11, 0x11, 0x11, 0x11,
    0x11, 0x11, 0x11, 0x11, 0x11, 0x11, 0x11, 0x11, 0x11, 0x11, 0x11, 0x11, 0x13, 0x11, 0x11, 0x11,
    0x11, 0x11, 0x11, 0x11, 0x11, 0x31, 0x11, 0x11, 0x11, 0x11, 0x11, 0x11, 0x11, 0x11, 0x31, 0x11,
    0x11, 0x11, 0x11, 0x11, 0x11, 0x11, 0x11, 0x11, 0x11, 0x11, 0x11, 0x11, 0x11, 0x11, 0x11, 0x11,
    0x11, 0x11, 0x11, 0x11, 0x31, 0x13, 0x11, 0x11, 0x11, 0x11, 0x11, 0x11, 0x13, 0x11, 0x31, 0x11,
    0x11, 0x11, 0x11, 0x11, 0x11, 0x31, 0x11, 0x11, 0x11, 0x11, 0x11, 0x11, 0x11, 0x11, 0x11, 0x11,
    0x11, 0x11, 0x11, 0x11, 0x11, 0x11, 0x11, 0x11, 0x11, 0x11, 0x11, 0x13, 0x11, 0x11, 0x13, 0x11,
    0x11, 0x11, 0x11, 0x11, 0x31, 0x11, 0x11, 0x31, 0x11, 0x11, 0x11, 0x11, 0x13, 0x11, 0x31, 0x31,
    0x11, 0x11, 0x11, 0x11, 0x11, 0x11, 0x11, 0x11, 0x11, 0x11, 0x11, 0x11, 0x11, 0x11, 0x11, 0x11,
    0x11, 0x11, 0x11, 0x11, 0x13, 0x13, 0x11, 0x11, 0x11, 0x11, 0x11, 0x11, 0x11, 0x31, 0x11, 0x11,
    0x11, 0x11, 0x11, 0x11, 0x11, 0x11, 0x11, 0x11, 0x11, 0x11, 0x11, 0x11, 0x11, 0x11, 0x11, 0x11,
    0x11, 0x11, 0x11, 0x11, 0x11, 0x11, 0x11, 0x11, 0x11, 0x11, 0x11, 0x11, 0x11, 0x11, 0x11, 0x11,
    0x11, 0x11, 0x11, 0x11, 0x11, 0x11, 0x11, 0x11, 0x11, 0x11, 0x11, 0x11, 0x11, 0x13, 0x11, 0x11,
    0x11, 0x11, 0x11, 0x11, 0x11, 0x11, 0x11, 0x11, 0x11, 0x11, 0x11, 0x11, 0x11, 0x11, 0x11, 0x11,
    0x11, 0x11, 0x11, 0x11, 0x11, 0x11, 0x31, 0x11, 0x11, 0x11, 0x11, 0x11, 0x11, 0x11, 0x11, 0x11,
    0x11, 0x11, 0x11, 0x11, 0x11, 0x11, 0x11, 0x11, 0x11, 0x11, 0x11, 0x11, 0x11, 0x11, 0x11, 0x11,
    0x11, 0x11, 0x11, 0x11, 0x11, 0x11, 0x11, 0x11, 0x11, 0x11, 0x11, 0x11, 0x11, 0x11, 0x11, 0x11,
    0x11, 0x11, 0x11, 0x11, 0x11, 0x11, 0x11, 0x11, 0x11, 0x11, 0x11, 0x11, 0x11, 0x11, 0x11, 0x11,
    0x11, 0x11, 0x11, 0x11, 0x11, 0x11, 0x11, 0x11, 0x11, 0x11, 0x11, 0x11, 0x11, 0x11, 0x11, 0x11,
    0x11, 0x11, 0x11, 0x11, 0x11, 0x11, 0x11, 0x11, 0x11, 0x11, 0x11, 0x11, 0x11, 0x11, 0x11, 0x11,
    0x11, 0x11, 0x11, 0x11, 0x11, 0x11, 0x11, 0x11, 0x11, 0x11, 0x11, 0x11, 0x11, 0x11, 0x11, 0x11,
    0x11, 0x11, 0x11, 0x11, 0x11, 0x11, 0x11, 0x11, 0x11, 0x11, 0x11, 0x11, 0x11, 0x11, 0x11, 0x11,
    0x11, 0x11, 0x11, 0x11, 0x11, 0x11, 0x11, 0x11, 0x11, 0x11, 0x11, 0x11, 0x11, 0x11, 0x11, 0x11,
    0x11, 0x11, 0x11, 0x11, 0x11, 0x11, 0x11, 0x11, 0x11, 0x11, 0x11, 0x11, 0x11, 0x11, 0x11, 0x11,
    0x11, 0x11, 0x11, 0x11, 0x11, 0x11, 0x11, 0x11, 0x11, 0x11, 0x11, 0x11, 0x11, 0x11, 0x11, 0x11,
    0x11, 0x11, 0x11, 0x11, 0x11, 0x11, 0x11, 0x11, 0x11, 0x11, 0x11, 0x11, 0x11, 0x11, 0x11, 0x11,
    0x11, 0x11, 0x11, 0x11, 0x11, 0x11, 0x11, 0x11, 0x11, 0x11, 0x11, 0x11, 0x11, 0x11, 0x11, 0x11,
    0x11, 0x11, 0x11, 0x11, 0x11, 0x11, 0x11, 0x11, 0x11, 0x11, 0x11, 0x11, 0x11, 0x11, 0x11, 0x11,
    0x11, 0x11, 0x11, 0x11, 0x11, 0x11, 0x11, 0x11, 0x11, 0x11, 0x11, 0x11, 0x11, 0x11, 0x11, 0x11,
    0x11, 0x11, 0x11, 0x11, 0x11, 0x11, 0x11, 0x11, 0x11, 0x11, 0x11, 0x11, 0x11, 0x11, 0x11, 0x11,
    0x11, 0x11, 0x11, 0x11, 0x11, 0x11, 0x11, 0x11, 0x11, 0x11, 0x11, 0x11, 0x11, 0x11, 0x11, 0x11,
    0x11, 0x11, 0x11, 0x11, 0x11, 0x11, 0x11, 0x11, 0x11, 0x11, 0x11, 0x11, 0x11, 0x11, 0x11, 0x11,
    0x11, 0x11, 0x11, 0x11, 0x11, 0x11, 0x11, 0x11, 0x11, 0x11, 0x11, 0x11, 0x11, 0x11, 0x11, 0x11,
    0x11, 0x11, 0x11, 0x11, 0x11, 0x11, 0x11, 0x11, 0x11, 0x11, 0x11, 0x11, 0x11, 0x11, 0x11, 0x11,
    0x11, 0x11, 0x11, 0x11, 0x11, 0x11, 0x11, 0x11, 0x11, 0x11, 0x11, 0x11, 0x11, 0x11, 0x11, 0x11,
    0x11, 0x11, 0x11, 0x11, 0x11, 0x11, 0x11, 0x11, 0x11, 0x11, 0x11, 0x11, 0x11, 0x11, 0x11, 0x11,
    0x11, 0x11, 0x11, 0x11, 0x11, 0x11, 0x11, 0x11, 0x11, 0x11, 0x11, 0x11, 0x11, 0x11, 0x11, 0x11,
    0x11, 0x11, 0x11, 0x11, 0x11, 0x11, 0x11, 0x11, 0x11, 0x11, 0x11, 0x11, 0x11, 0x11, 0x11, 0x11,
    0x11, 0x11, 0x11, 0x11, 0x11, 0x11, 0x11, 0x11, 0x11, 0x11, 0x11, 0x11, 0x11, 0x11, 0x11, 0x11,
    0x11, 0x11, 0x11, 0x11, 0x11, 0x11, 0x11, 0x11, 0x11, 0x11, 0x11, 0x11, 0x11, 0x11, 0x11, 0x11,
    0x11, 0x11, 0x11, 0x11, 0x11, 0x11, 0x11, 0x11, 0x11, 0x11, 0x11, 0x11, 0x11, 0x11, 0x11, 0x11,
    0x11, 0x11, 0x11, 0x11, 0x11, 0x11, 0x11, 0x11, 0x11, 0x11, 0x11, 0x11, 0x11, 0x11, 0x11, 0x11,
    0x11, 0x11, 0x11, 0x11, 0x11, 0x11, 0x11, 0x11, 0x11, 0x11, 0x11, 0x11, 0x11, 0x11, 0x11, 0x11,
    0x11, 0x11, 0x11, 0x11, 0x11, 0x11, 0x11, 0x11, 0x11, 0x11, 0x11, 0x11, 0x11, 0x11, 0x11, 0x11,
    0x11, 0x11, 0x11, 0x11, 0x11, 0x11, 0x11, 0x11, 0x11, 0x11, 0x11, 0x11, 0x11, 0x11, 0x11, 0x11,
    0x11, 0x11, 0x11, 0x11, 0x11, 0x11, 0x11, 0x11, 0x11, 0x11, 0x11, 0x11, 0x11, 0x11, 0x11, 0x11,
    0x11, 0x11, 0x11, 0x11, 0x11, 0x11, 0x11, 0x11, 0x11, 0x11, 0x11, 0x11, 0x11, 0x11, 0x11, 0x11,
    0x11, 0x11, 0x11, 0x11, 0x11, 0x11, 0x11, 0x11, 0x11, 0x11, 0x11, 0x11, 0x11, 0x11, 0x11, 0x11,
    0x11, 0x11, 0x11, 0x11, 0x11, 0x11, 0x11, 0x11, 0x11, 0x11, 0x11, 0x11, 0x11, 0x11, 0x11, 0x11,
    0x11, 0x11, 0x11, 0x11, 0x11, 0x11, 0x11, 0x11, 0x11, 0x11, 0x11, 0x11, 0x11, 0x11, 0x11, 0x11,
    0x11, 0x11, 0x11, 0x11, 0x11, 0x11, 0x11, 0x11, 0x11, 0x11, 0x11, 0x11, 0x11, 0x11, 0x11, 0x11,
};

// Auto-generated icon: wx_73d (80x80)
// Each byte holds 2 pixels (high nibble first)
#define ICON_WX_73D_W 80
#define ICON_WX_73D_H 80
static const uint8_t PROGMEM icon_wx_73d[] = {
    0x11, 0x11, 0x11, 0x11, 0x11, 0x11, 0x11, 0x11, 0x11, 0x11, 0x11, 0x11, 0x11, 0x11, 0x11, 0x13,
    0x13, 0x13, 0x13, 0x11, 0x11, 0x11, 0x11, 0x11, 0x11, 0x11, 0x11, 0x11, 0x11, 0x11, 0x11, 0x11,
    0x11, 0x11, 0x11, 0x11, 0x11, 0x11, 0x11, 0x11, 0x11, 0x11, 0x11, 0x11, 0x11, 0x11, 0x11, 0x11,
    0x11, 0x11, 0x11, 0x11, 0x11, 0x11, 0x31, 0x31, 0x21, 0x21, 0x21, 0x31, 0x31, 0x11, 0x11, 0x11,
    0x11, 0x11, 0x11, 0x11, 0x11, 0x11, 0x11, 0x11, 0x11, 0x11, 0x11, 0x11, 0x11, 0x11, 0x11, 0x11,
    0x11, 0x11, 0x11, 0x11, 0x11, 0x11, 0x11, 0x11, 0x11, 0x11, 0x11, 0x11, 0x11, 0x32, 0x13, 0x21,
    0x31, 0x31, 0x31, 0x21, 0x13, 0x11, 0x11, 0x11, 0x11, 0x11, 0x11, 0x11, 0x11, 0x11, 0x11, 0x11,
    0x11, 0x11, 0x11, 0x11, 0x11, 0x11, 0x11, 0x11, 0x11, 0x11, 0x11, 0x11, 0x11, 0x11, 0x11, 0x11,
    0x11, 0x11, 0x11, 0x13, 0x13, 0x13, 0x11, 0x31, 0x21, 0x31, 0x21, 0x31, 0x21, 0x31, 0x11, 0x11,
    0x11, 0x11, 0x11, 0x11, 0x11, 0x11, 0x11, 0x11, 0x11, 0x11, 0x11, 0x11, 0x11, 0x11, 0x11, 0x11,
    0x11, 0x11, 0x11, 0x11, 0x11, 0x11, 0x11, 0x11, 0x11, 0x11, 0x11, 0x12, 0x12, 0x12, 0x31, 0x21,
    0x31, 0x21, 0x31, 0x13, 0x13, 0x12, 0x11, 0x11, 0x11, 0x11, 0x11, 0x11, 0x11, 0x11, 0x11, 0x11,
    0x11, 0x11, 0x11, 0x11, 0x11, 0x11, 0x11, 0x11, 0x11, 0x11, 0x11, 0x11, 0x11, 0x11, 0x11, 0x11,
    0x11, 0x11, 0x13, 0x13, 0x31, 0x31, 0x13, 0x13, 0x13, 0x13, 0x12, 0x31, 0x21, 0x31, 0x31, 0x11,
    0x11, 0x11, 0x11, 0x11, 0x11, 0x11, 0x11, 0x11, 0x11, 0x11, 0x11, 0x11, 0x11, 0x11, 0x11, 0x11,
    0x11, 0x11, 0x11, 0x11, 0x11, 0x11, 0x11, 0x11, 0x11, 0x11, 0x12, 0x31, 0x21, 0x32, 0x12, 0x12,
    0x12, 0x12, 0x13, 0x13, 0x11, 0x21, 0x13, 0x11, 0x11, 0x11, 0x11, 0x11, 0x11, 0x11, 0x11, 0x11,
    0x11, 0x11, 0x11, 0x11, 0x11, 0x11, 0x11, 0x11, 0x11, 0x11, 0x11, 0x11, 0x11, 0x11, 0x11, 0x11,
    0x11, 0x13, 0x13, 0x13, 0x13, 0x13, 0x13, 0x13, 0x13, 0x13, 0x11, 0x21, 0x31, 0x31, 0x31, 0x21,
    0x11, 0x11, 0x11, 0x11, 0x11, 0x11, 0x11, 0x11, 0x11, 0x11, 0x11, 0x11, 0x11, 0x11, 0x11, 0x11,
    0x11, 0x11, 0x11, 0x11, 0x11, 0x11, 0x11, 0x11, 0x11, 0x12, 0x31, 0x21, 0x21, 0x21, 0x31, 0x21,
    0x31, 0x21, 0x31, 0x31, 0x21, 0x31, 0x21, 0x31, 0x31, 0x11, 0x11, 0x11, 0x11, 0x11, 0x11, 0x11,
    0x11, 0x11, 0x11, 0x11, 0x11, 0x11, 0x11, 0x11, 0x11, 0x11, 0x11, 0x11, 0x11, 0x11, 0x11, 0x11,
    0x11, 0x31, 0x13, 0x13, 0x13, 0x13, 0x12, 0x31, 0x21, 0x31, 0x21, 0x31, 0x31, 0x21, 0x31, 0x13,
    0x11, 0x11, 0x11, 0x11, 0x11, 0x11, 0x11, 0x11, 0x11, 0x11, 0x11, 0x11, 0x11, 0x11, 0x11, 0x11,
    0x11, 0x11, 0x11, 0x11, 0x11, 0x11, 0x11, 0x11, 0x11, 0x13, 0x21, 0x32, 0x13, 0x12, 0x13, 0x13,
    0x13, 0x13, 0x13, 0x12, 0x13, 0x13, 0x12, 0x31, 0x21, 0x11, 0x11, 0x11, 0x11, 0x11, 0x11, 0x11,
    0x11, 0x11, 0x11, 0x11, 0x11, 0x11, 0x11, 0x11, 0x11, 0x11, 0x11, 0x11, 0x11, 0x11, 0x11, 0x11,
    0x13, 0x21, 0x31, 0x21, 0x32, 0x13, 0x12, 0x12, 0x12, 0x12, 0x12, 0x13, 0x11, 0x21, 0x31, 0x13,
    0x13, 0x11, 0x11, 0x11, 0x11, 0x11, 0x11, 0x11, 0x11, 0x11, 0x11, 0x11, 0x11, 0x11, 0x11, 0x11,
    0x11, 0x11, 0x11, 0x11, 0x11, 0x11, 0x11, 0x11, 0x11, 0x31, 0x23, 0x13, 0x13, 0x12, 0x31, 0x31,
    0x31, 0x31, 0x31, 0x31, 0x23, 0x13, 0x12, 0x13, 0x11, 0x11, 0x11, 0x11, 0x11, 0x11, 0x11, 0x11,
    0x11, 0x11, 0x11, 0x11, 0x11, 0x11, 0x11, 0x11, 0x11, 0x11, 0x11, 0x11, 0x11, 0x31, 0x31, 0x31,
    0x32, 0x13, 0x12, 0x12, 0x12, 0x31, 0x13, 0x12, 0x13, 0x12, 0x13, 0x12, 0x11, 0x31, 0x21, 0x11,
    0x12, 0x11, 0x11, 0x11, 0x11, 0x11, 0x11, 0x11, 0x11, 0x11, 0x11, 0x11, 0x11, 0x11, 0x11, 0x11,
    0x11, 0x11, 0x11, 0x11, 0x31, 0x23, 0x23, 0x21, 0x23, 0x12, 0x31, 0x31, 0x31, 0x13, 0x21, 0x31,
    0x31, 0x23, 0x12, 0x13, 0x13, 0x11, 0x13, 0x11, 0x11, 0x31, 0x13, 0x11, 0x11, 0x11, 0x11, 0x11,
    0x11, 0x11, 0x11, 0x11, 0x11, 0x11, 0x11, 0x11, 0x11, 0x11, 0x11, 0x31, 0x23, 0x12, 0x11, 0x31,
    0x31, 0x31, 0x23, 0x12, 0x31, 0x21, 0x31, 0x21, 0x23, 0x11, 0x31, 0x31, 0x21, 0x21, 0x11, 0x13,
    0x11, 0x11, 0x11, 0x13, 0x11, 0x11, 0x11, 0x11, 0x11, 0x11, 0x11, 0x11, 0x11, 0x11, 0x11, 0x11,
    0x11, 0x11, 0x12, 0x13, 0x12, 0x31, 0x32, 0x13, 0x21, 0x23, 0x12, 0x31, 0x23, 0x13, 0x13, 0x13,
    0x11, 0x32, 0x13, 0x12, 0x11, 0x13, 0x11, 0x11, 0x12, 0x13, 0x11, 0x11, 0x13, 0x11, 0x11, 0x11,
    0x11, 0x11, 0x11, 0x11, 0x11, 0x11, 0x11, 0x11, 0x11, 0x11, 0x31, 0x32, 0x31, 0x32, 0x13, 0x21,
    0x31, 0x31, 0x31, 0x13, 0x13, 0x12, 0x12, 0x31, 0x32, 0x13, 0x12, 0x13, 0x13, 0x11, 0x13, 0x12,
    0x11, 0x11, 0x12, 0x11, 0x21, 0x13, 0x11, 0x11, 0x11, 0x11, 0x11, 0x11, 0x11, 0x11, 0x11, 0x11,
    0x11, 0x13, 0x23, 0x12, 0x13, 0x13, 0x21, 0x31, 0x23, 0x12, 0x13, 0x21, 0x21, 0x31, 0x31, 0x21,
    0x21, 0x31, 0x23, 0x11, 0x11, 0x13, 0x11, 0x11, 0x13, 0x11, 0x11, 0x31, 0x11, 0x11, 0x13, 0x11,
    0x11, 0x11, 0x11, 0x11, 0x11, 0x11, 0x11, 0x11, 0x11, 0x21, 0x31, 0x23, 0x21, 0x21, 0x31, 0x23,
    0x12, 0x31, 0x31, 0x31, 0x31, 0x23, 0x13, 0x13, 0x13, 0x12, 0x11, 0x13, 0x11, 0x11, 0x21, 0x13,
    0x11, 0x13, 0x11, 0x11, 0x13, 0x11, 0x11, 0x11, 0x11, 0x11, 0x11, 0x11, 0x11, 0x11, 0x11, 0x11,
    0x11, 0x32, 0x13, 0x13, 0x13, 0x32, 0x13, 0x12, 0x31, 0x23, 0x21, 0x23, 0x13, 0x12, 0x12, 0x31,
    0x21, 0x31, 0x31, 0x11, 0x21, 0x31, 0x11, 0x11, 0x12, 0x11, 0x12, 0x13, 0x11, 0x12, 0x11, 0x21,
    0x11, 0x11, 0x11, 0x11, 0x11, 0x11, 0x11, 0x11, 0x13, 0x13, 0x23, 0x21, 0x21, 0x31, 0x32, 0x31,
    0x31, 0x31, 0x31, 0x31, 0x21, 0x31, 0x31, 0x23, 0x13, 0x21, 0x11, 0x21, 0x11, 0x11, 0x31, 0x31,
    0x11, 0x13, 0x11, 0x11, 0x12, 0x11, 0x13, 0x11, 0x31, 0x11, 0x11, 0x11, 0x11, 0x11, 0x11, 0x11,
    0x12, 0x31, 0x21, 0x33, 0x32, 0x12, 0x13, 0x12, 0x12, 0x13, 0x21, 0x23, 0x13, 0x21, 0x31, 0x31,
    0x21, 0x31, 0x31, 0x13, 0x11, 0x31, 0x11, 0x12, 0x13, 0x11, 0x13, 0x11, 0x11, 0x13, 0x11, 0x11,
    0x11, 0x11, 0x11, 0x11, 0x11, 0x11, 0x11, 0x11, 0x13, 0x21, 0x32, 0x12, 0x13, 0x31, 0x32, 0x31,
    0x33, 0x21, 0x31, 0x31, 0x21, 0x32, 0x13, 0x21, 0x31, 0x21, 0x11, 0x11, 0x11, 0x12, 0x11, 0x11,
    0x11, 0x12, 0x11, 0x13, 0x13, 0x11, 0x11, 0x31, 0x13, 0x11, 0x11, 0x11, 0x11, 0x11, 0x11, 0x11,
    0x21, 0x32, 0x13, 0x31, 0x32, 0x12, 0x13, 0x12, 0x13, 0x13, 0x21, 0x23, 0x13, 0x13, 0x12, 0x13,
    0x13, 0x11, 0x31, 0x21, 0x31, 0x11, 0x31, 0x31, 0x13, 0x11, 0x13, 0x11, 0x11, 0x11, 0x31, 0x11,
    0x11, 0x11, 0x11, 0x11, 0x11, 0x11, 0x11, 0x11, 0x32, 0x13, 0x21, 0x23, 0x12, 0x33, 0x21, 0x33,
    0x21, 0x21, 0x31, 0x31, 0x23, 0x12, 0x13, 0x11, 0x21, 0x11, 0x11, 0x11, 0x12, 0x11, 0x11, 0x11,
    0x21, 0x13, 0x11, 0x12, 0x11, 0x21, 0x11, 0x21, 0x12, 0x11, 0x11, 0x11, 0x11, 0x11, 0x11, 0x11,
    0x31, 0x32, 0x33, 0x12, 0x31, 0x21, 0x32, 0x12, 0x13, 0x31, 0x23, 0x12, 0x12, 0x11, 0x11, 0x11,
    0x13, 0x13, 0x13, 0x13, 0x11, 0x31, 0x12, 0x11, 0x13, 0x11, 0x12, 0x11, 0x13, 0x11, 0x11, 0x13,
    0x11, 0x11, 0x11, 0x11, 0x11, 0x11, 0x11, 0x11, 0x23, 0x21, 0x21, 0x31, 0x23, 0x13, 0x13, 0x13,
    0x21, 0x23, 0x12, 0x31, 0x31, 0x31, 0x31, 0x31, 0x11, 0x11, 0x11, 0x11, 0x11, 0x11, 0x31, 0x13,
    0x11, 0x12, 0x11, 0x13, 0x11, 0x13, 0x13, 0x11, 0x13, 0x11, 0x11, 0x11, 0x11, 0x11, 0x11, 0x11,
    0x31, 0x32, 0x32, 0x32, 0x13, 0x23, 0x21, 0x31, 0x33, 0x12, 0x31, 0x31, 0x11, 0x11, 0x11, 0x12,
    0x13, 0x12, 0x12, 0x13, 0x12, 0x11, 0x11, 0x11, 0x13, 0x11, 0x13, 0x11, 0x11, 0x11, 0x11, 0x11,
    0x11, 0x13, 0x11, 0x11, 0x11, 0x11, 0x11, 0x11, 0x23, 0x13, 0x13, 0x13, 0x21, 0x31, 0x32, 0x32,
    0x12, 0x31, 0x21, 0x12, 0x13, 0x12, 0x12, 0x11, 0x11, 0x11, 0x31, 0x11, 0x11, 0x31, 0x21, 0x31,
    0x11, 0x13, 0x11, 0x12, 0x13, 0x12, 0x11, 0x21, 0x31, 0x11, 0x11, 0x11, 0x11, 0x11, 0x11, 0x11,
    0x32, 0x12, 0x32, 0x13, 0x13, 0x21, 0x21, 0x23, 0x13, 0x13, 0x13, 0x11, 0x11, 0x13, 0x11, 0x31,
    0x31, 0x31, 0x11, 0x31, 0x31, 0x11, 0x11, 0x12, 0x13, 0x11, 0x12, 0x11, 0x11, 0x11, 0x13, 0x11,
    0x11, 0x21, 0x11, 0x11, 0x11, 0x11, 0x11, 0x11, 0x13, 0x23, 0x13, 0x23, 0x21, 0x32, 0x33, 0x12,
    0x32, 0x12, 0x11, 0x31, 0x31, 0x11, 0x13, 0x11, 0x11, 0x12, 0x11, 0x11, 0x12, 0x13, 0x13, 0x11,
    0x11, 0x12, 0x11, 0x31, 0x13, 0x11, 0x11, 0x11, 0x31, 0x11, 0x31, 0x11, 0x11, 0x11, 0x11, 0x11,
    0x13, 0x12, 0x31, 0x21, 0x32, 0x13, 0x12, 0x31, 0x13, 0x21, 0x31, 0x11, 0x12, 0x13, 0x11, 0x21,
    0x31, 0x11, 0x31, 0x21, 0x11, 0x11, 0x11, 0x13, 0x12, 0x11, 0x31, 0x11, 0x11, 0x13, 0x11, 0x31,
    0x11, 0x31, 0x11, 0x31, 0x11, 0x11, 0x11, 0x11, 0x12, 0x31, 0x23, 0x13, 0x23, 0x21, 0x31, 0x23,
    0x21, 0x31, 0x12, 0x13, 0x11, 0x11, 0x21, 0x11, 0x12, 0x11, 0x11, 0x13, 0x13, 0x11, 0x21, 0x11,
    0x11, 0x31, 0x11, 0x31, 0x21, 0x11, 0x21, 0x11, 0x21, 0x11, 0x21, 0x11, 0x31, 0x11, 0x11, 0x11,
    0x11, 0x23, 0x12, 0x32, 0x13, 0x13, 0x23, 0x13, 0x13, 0x12, 0x13, 0x11, 0x21, 0x31, 0x13, 0x13,
    0x11, 0x31, 0x31, 0x11, 0x11, 0x21, 0x13, 0x12, 0x11, 0x11, 0x31, 0x11, 0x13, 0x11, 0x11, 0x31,
    0x11, 0x31, 0x11, 0x11, 0x11, 0x31, 0x11, 0x11, 0x11, 0x32, 0x31, 0x31, 0x23, 0x21, 0x32, 0x12,
    0x32, 0x11, 0x11, 0x31, 0x13, 0x11, 0x31, 0x11, 0x21, 0x11, 0x12, 0x13, 0x11, 0x13, 0x11, 0x11,
    0x31, 0x11, 0x12, 0x13, 0x11, 0x13, 0x11, 0x11, 0x31, 0x11, 0x31, 0x31, 0x21, 0x11, 0x11, 0x11,
    0x11, 0x13, 0x23, 0x23, 0x13, 0x12, 0x31, 0x31, 0x31, 0x31, 0x31, 0x12, 0x11, 0x21, 0x12, 0x13,
    0x11, 0x31, 0x13, 0x11, 0x21, 0x11, 0x13, 0x11, 0x11, 0x31, 0x11, 0x11, 0x12, 0x11, 0x12, 0x11,
    0x11, 0x21, 0x11, 0x11, 0x11, 0x13, 0x11, 0x11, 0x11, 0x11, 0x13, 0x12, 0x32, 0x31, 0x23, 0x23,
    0x21, 0x12, 0x11, 0x31, 0x31, 0x13, 0x11, 0x11, 0x31, 0x12, 0x11, 0x11, 0x31, 0x31, 0x11, 0x21,
    0x31, 0x12, 0x13, 0x11, 0x31, 0x13, 0x11, 0x31, 0x11, 0x11, 0x31, 0x12, 0x13, 0x11, 0x11, 0x11,
    0x11, 0x11, 0x12, 0x31, 0x21, 0x32, 0x31, 0x31, 0x32, 0x11, 0x31, 0x11, 0x13, 0x11, 0x13, 0x11,
    0x12, 0x11, 0x31, 0x31, 0x11, 0x12, 0x11, 0x11, 0x12, 0x11, 0x11, 0x11, 0x11, 0x11, 0x11, 0x11,
    0x31, 0x31, 0x11, 0x11, 0x11, 0x12, 0x13, 0x11, 0x11, 0x11, 0x11, 0x23, 0x32, 0x13, 0x21, 0x23,
    0x21, 0x31, 0x12, 0x13, 0x11, 0x21, 0x31, 0x21, 0x31, 0x31, 0x11, 0x12, 0x13, 0x11, 0x31, 0x31,
    0x11, 0x31, 0x31, 0x21, 0x31, 0x21, 0x31, 0x21, 0x11, 0x11, 0x21, 0x31, 0x13, 0x11, 0x11, 0x11,
    0x11, 0x11, 0x11, 0x11, 0x13, 0x21, 0x33, 0x12, 0x31, 0x12, 0x13, 0x11, 0x21, 0x11, 0x11, 0x31,
    0x11, 0x11, 0x21, 0x13, 0x11, 0x11, 0x11, 0x12, 0x11, 0x11, 0x11, 0x11, 0x11, 0x11, 0x11, 0x11,
    0x31, 0x21, 0x11, 0x11, 0x11, 0x11, 0x31, 0x13, 0x11, 0x11, 0x11, 0x11, 0x11, 0x32, 0x12, 0x31,
    0x23, 0x11, 0x11, 0x31, 0x13, 0x13, 0x12, 0x11, 0x31, 0x21, 0x31, 0x11, 0x13, 0x12, 0x13, 0x11,
    0x31, 0x31, 0x21, 0x31, 0x13, 0x13, 0x11, 0x31, 0x11, 0x11, 0x31, 0x13, 0x12, 0x11, 0x11, 0x11,
    0x11, 0x11, 0x11, 0x11, 0x11, 0x11, 0x11, 0x13, 0x11, 0x31, 0x31, 0x12, 0x11, 0x12, 0x11, 0x31,
    0x11, 0x31, 0x11, 0x31, 0x21, 0x13, 0x11, 0x11, 0x11, 0x11, 0x11, 0x11, 0x21, 0x11, 0x21, 0x11,
    0x21, 0x31, 0x11, 0x11, 0x11, 0x13, 0x12, 0x11, 0x11, 0x11, 0x11, 0x11, 0x11, 0x11, 0x11, 0x11,
    0x11, 0x11, 0x21, 0x31, 0x31, 0x31, 0x31, 0x12, 0x11, 0x11, 0x31, 0x11, 0x13, 0x11, 0x13, 0x12,
    0x13, 0x12, 0x13, 0x11, 0x13, 0x11, 0x11, 0x31, 0x11, 0x11, 0x21, 0x31, 0x13, 0x11, 0x11, 0x13,
    0x11, 0x11, 0x11, 0x11, 0x11, 0x11, 0x11, 0x11, 0x11, 0x31, 0x11, 0x11, 0x11, 0x11, 0x12, 0x11,
    0x31, 0x31, 0x12, 0x13, 0x11, 0x13, 0x11, 0x13, 0x11, 0x11, 0x11, 0x21, 0x11, 0x13, 0x11, 0x11,
    0x31, 0x13, 0x11, 0x11, 0x21, 0x11, 0x31, 0x11, 0x11, 0x11, 0x11, 0x11, 0x11, 0x11, 0x11, 0x11,
    0x11, 0x11, 0x31, 0x31, 0x23, 0x12, 0x13, 0x11, 0x12, 0x12, 0x11, 0x11, 0x21, 0x12, 0x12, 0x11,
    0x13, 0x13, 0x11, 0x31, 0x31, 0x11, 0x21, 0x31, 0x11, 0x11, 0x13, 0x11, 0x11, 0x31, 0x11, 0x13,
    0x11, 0x11, 0x11, 0x11, 0x11, 0x11, 0x11, 0x11, 0x11, 0x11, 0x21, 0x13, 0x11, 0x13, 0x11, 0x31,
    0x31, 0x11, 0x31, 0x31, 0x13, 0x11, 0x11, 0x31, 0x11, 0x11, 0x21, 0x11, 0x12, 0x11, 0x11, 0x11,
    0x21, 0x31, 0x11, 0x21, 0x31, 0x11, 0x21, 0x11, 0x11, 0x11, 0x11, 0x11, 0x11, 0x11, 0x11, 0x11,
    0x11, 0x11, 0x31, 0x11, 0x21, 0x31, 0x12, 0x11, 0x13, 0x11, 0x11, 0x13, 0x11, 0x13, 0x11, 0x12,
    0x13, 0x11, 0x13, 0x11, 0x11, 0x31, 0x31, 0x21, 0x11, 0x12, 0x11, 0x11, 0x11, 0x21, 0x11, 0x31,
    0x11, 0x11, 0x11, 0x11, 0x11, 0x11, 0x11, 0x11, 0x11, 0x11, 0x13, 0x13, 0x11, 0x13, 0x11, 0x31,
    0x11, 0x23, 0x12, 0x11, 0x21, 0x31, 0x21, 0x31, 0x11, 0x21, 0x11, 0x21, 0x31, 0x11, 0x11, 0x13,
    0x13, 0x11, 0x13, 0x11, 0x31, 0x11, 0x31, 0x11, 0x11, 0x11, 0x11, 0x11, 0x11, 0x11, 0x11, 0x11,
    0x11, 0x11, 0x11, 0x11, 0x31, 0x21, 0x31, 0x12, 0x13, 0x11, 0x13, 0x11, 0x31, 0x11, 0x31, 0x11,
    0x31, 0x13, 0x11, 0x31, 0x11, 0x21, 0x31, 0x11, 0x11, 0x13, 0x11, 0x11, 0x11, 0x31, 0x11, 0x11,
    0x11, 0x11, 0x11, 0x11, 0x11, 0x11, 0x11, 0x11, 0x11, 0x11, 0x11, 0x31, 0x21, 0x11, 0x12, 0x13,
    0x11, 0x13, 0x11, 0x31, 0x11, 0x31, 0x11, 0x31, 0x12, 0x11, 0x13, 0x11, 0x31, 0x11, 0x11, 0x31,
    0x21, 0x11, 0x12, 0x13, 0x11, 0x11, 0x11, 0x11, 0x11, 0x11, 0x11, 0x11, 0x11, 0x11, 0x11, 0x11,
    0x11, 0x11, 0x11, 0x11, 0x13, 0x13, 0x11, 0x31, 0x13, 0x11, 0x21, 0x12, 0x12, 0x11, 0x31, 0x12,
    0x11, 0x31, 0x11, 0x21, 0x11, 0x31, 0x21, 0x11, 0x13, 0x12, 0x11, 0x11, 0x21, 0x13, 0x11, 0x11,
    0x11, 0x11, 0x11, 0x11, 0x11, 0x11, 0x11, 0x11, 0x11, 0x11, 0x11, 0x11, 0x11, 0x11, 0x31, 0x12,
    0x11, 0x21, 0x13, 0x11, 0x31, 0x31, 0x12, 0x11, 0x31, 0x12, 0x13, 0x11, 0x31, 0x11, 0x13, 0x13,
    0x11, 0x11, 0x31, 0x31, 0x11, 0x11, 0x11, 0x11, 0x11, 0x11, 0x11, 0x11, 0x11, 0x11, 0x11, 0x11,
    0x11, 0x11, 0x11, 0x11, 0x11, 0x31, 0x12, 0x11, 0x31, 0x13, 0x11, 0x31, 0x11, 0x12, 0x11, 0x31,
    0x11, 0x13, 0x11, 0x11, 0x12, 0x13, 0x11, 0x11, 0x12, 0x11, 0x11, 0x11, 0x31, 0x11, 0x11, 0x11,
    0x11, 0x11, 0x11, 0x11, 0x11, 0x11, 0x11, 0x11, 0x11, 0x11, 0x11, 0x11, 0x11, 0x11, 0x11, 0x31,
    0x13, 0x11, 0x21, 0x12, 0x13, 0x11, 0x31, 0x11, 0x31, 0x11, 0x13, 0x13, 0x11, 0x11, 0x12, 0x13,
    0x11, 0x31, 0x13, 0x11, 0x11, 0x11, 0x11, 0x11, 0x11, 0x11, 0x11, 0x11, 0x11, 0x11, 0x11, 0x11,
    0x11, 0x11, 0x11, 0x11, 0x11, 0x11, 0x11, 0x11, 0x11, 0x11, 0x11, 0x11, 0x11, 0x11, 0x11, 0x11,
    0x11, 0x11, 0x11, 0x11, 0x11, 0x11, 0x11, 0x11, 0x11, 0x11, 0x11, 0x11, 0x11, 0x11, 0x11, 0x11,
    0x11, 0x11, 0x11, 0x11, 0x11, 0x11, 0x11, 0x11, 0x11, 0x11, 0x11, 0x11, 0x11, 0x11, 0x11, 0x11,
    0x11, 0x11, 0x11, 0x11, 0x11, 0x11, 0x11, 0x11, 0x11, 0x11, 0x11, 0x11, 0x11, 0x11, 0x11, 0x11,
    0x11, 0x11, 0x11, 0x11, 0x11, 0x11, 0x11, 0x11, 0x11, 0x11, 0x11, 0x11, 0x11, 0x11, 0x11, 0x11,
    0x11, 0x11, 0x11, 0x11, 0x11, 0x11, 0x11, 0x11, 0x11, 0x11, 0x11, 0x11, 0x11, 0x11, 0x11, 0x11,
    0x11, 0x11, 0x11, 0x11, 0x11, 0x11, 0x11, 0x11, 0x11, 0x11, 0x11, 0x11, 0x11, 0x11, 0x11, 0x11,
    0x11, 0x11, 0x11, 0x11, 0x11, 0x11, 0x11, 0x11, 0x11, 0x11, 0x11, 0x11, 0x11, 0x11, 0x11, 0x11,
    0x11, 0x11, 0x11, 0x11, 0x11, 0x11, 0x11, 0x11, 0x11, 0x11, 0x11, 0x11, 0x11, 0x11, 0x11, 0x11,
    0x11, 0x11, 0x11, 0x11, 0x11, 0x11, 0x11, 0x11, 0x11, 0x11, 0x11, 0x11, 0x11, 0x11, 0x11, 0x11,
    0x11, 0x11, 0x11, 0x11, 0x11, 0x11, 0x11, 0x11, 0x11, 0x11, 0x11, 0x11, 0x11, 0x11, 0x13, 0x11,
    0x11, 0x11, 0x11, 0x11, 0x11, 0x11, 0x11, 0x11, 0x11, 0x11, 0x11, 0x11, 0x11, 0x11, 0x11, 0x11,
    0x11, 0x11, 0x11, 0x11, 0x11, 0x11, 0x11, 0x11, 0x11, 0x11, 0x11, 0x11, 0x11, 0x31, 0x11, 0x11,
    0x11, 0x11, 0x11, 0x11, 0x11, 0x13, 0x11, 0x11, 0x11, 0x11, 0x11, 0x11, 0x11, 0x11, 0x31, 0x11,
    0x11, 0x11, 0x11, 0x11, 0x11, 0x11, 0x11, 0x11, 0x11, 0x11, 0x11, 0x11, 0x11, 0x11, 0x11, 0x11,
    0x11, 0x11, 0x11, 0x11, 0x31, 0x11, 0x11, 0x11, 0x11, 0x11, 0x11, 0x11, 0x13, 0x11, 0x11, 0x11,
    0x11, 0x11, 0x11, 0x11, 0x11, 0x31, 0x11, 0x11, 0x11, 0x11, 0x11, 0x11, 0x11, 0x11, 0x11, 0x11,
    0x11, 0x11, 0x11, 0x11, 0x11, 0x11, 0x11, 0x11, 0x11, 0x11, 0x11, 0x13, 0x11, 0x31, 0x31, 0x11,
    0x11, 0x11, 0x11, 0x11, 0x11, 0x13, 0x13, 0x11, 0x11, 0x11, 0x11, 0x11, 0x11, 0x11, 0x31, 0x31,
    0x31, 0x11, 0x11, 0x11, 0x11, 0x11, 0x11, 0x11, 0x11, 0x11, 0x11, 0x11, 0x11, 0x11, 0x11, 0x11,
    0x11, 0x11, 0x11, 0x11, 0x11, 0x11, 0x11, 0x11, 0x11, 0x11, 0x11, 0x11, 0x11, 0x11, 0x11, 0x11,
    0x11, 0x11, 0x11, 0x11, 0x11, 0x11, 0x11, 0x11, 0x11, 0x11, 0x11, 0x11, 0x11, 0x11, 0x11, 0x11,
    0x11, 0x11, 0x11, 0x11, 0x11, 0x11, 0x11, 0x11, 0x11, 0x11, 0x11, 0x11, 0x13, 0x11, 0x11, 0x11,
    0x11, 0x11, 0x11, 0x11, 0x11, 0x31, 0x11, 0x11, 0x11, 0x11, 0x11, 0x11, 0x11, 0x13, 0x11, 0x11,
    0x11, 0x11, 0x11, 0x11, 0x11, 0x11, 0x11, 0x11, 0x11, 0x11, 0x11, 0x11, 0x11, 0x11, 0x11, 0x11,
    0x11, 0x11, 0x11, 0x11, 0x11, 0x11, 0x31, 0x11, 0x11, 0x11, 0x11, 0x11, 0x11, 0x11, 0x13, 0x11,
    0x11, 0x11, 0x11, 0x11, 0x11, 0x11, 0x11, 0x31, 0x11, 0x11, 0x11, 0x11, 0x11, 0x11, 0x11, 0x11,
    0x11, 0x11, 0x11, 0x11, 0x11, 0x11, 0x11, 0x11, 0x11, 0x11, 0x11, 0x11, 0x11, 0x11, 0x11, 0x11,
    0x11, 0x11, 0x11, 0x11, 0x11, 0x11, 0x11, 0x11, 0x11, 0x11, 0x11, 0x11, 0x11, 0x11, 0x11, 0x11,
    0x11, 0x11, 0x11, 0x11, 0x11, 0x11, 0x11, 0x11, 0x11, 0x11, 0x11, 0x11, 0x11, 0x11, 0x11, 0x11,
    0x11, 0x11, 0x11, 0x11, 0x11, 0x11, 0x11, 0x11, 0x11, 0x11, 0x11, 0x11, 0x11, 0x11, 0x11, 0x11,
    0x11, 0x11, 0x11, 0x11, 0x11, 0x11, 0x11, 0x11, 0x11, 0x11, 0x11, 0x11, 0x11, 0x11, 0x11, 0x11,
    0x11, 0x11, 0x11, 0x11, 0x11, 0x11, 0x11, 0x11, 0x11, 0x11, 0x11, 0x11, 0x11, 0x11, 0x11, 0x11,
    0x11, 0x11, 0x11, 0x11, 0x11, 0x11, 0x11, 0x11, 0x11, 0x11, 0x11, 0x11, 0x11, 0x11, 0x11, 0x11,
    0x11, 0x11, 0x11, 0x11, 0x11, 0x11, 0x11, 0x11, 0x11, 0x11, 0x11, 0x11, 0x11, 0x11, 0x11, 0x11,
    0x11, 0x11, 0x11, 0x11, 0x11, 0x11, 0x11, 0x11, 0x11, 0x11, 0x11, 0x11, 0x11, 0x11, 0x11, 0x11,
    0x11, 0x11, 0x11, 0x11, 0x11, 0x11, 0x11, 0x11, 0x11, 0x11, 0x11, 0x11, 0x11, 0x11, 0x11, 0x11,
    0x11, 0x11, 0x11, 0x11, 0x11, 0x11, 0x11, 0x11, 0x11, 0x11, 0x11, 0x11, 0x11, 0x11, 0x11, 0x11,
    0x11, 0x11, 0x11, 0x11, 0x13, 0x11, 0x13, 0x11, 0x11, 0x11, 0x11, 0x11, 0x11, 0x11, 0x11, 0x11,
    0x11, 0x11, 0x11, 0x11, 0x11, 0x11, 0x11, 0x11, 0x11, 0x11, 0x11, 0x11, 0x11, 0x11, 0x11, 0x11,
    0x11, 0x11, 0x11, 0x11, 0x11, 0x11, 0x11, 0x11, 0x11, 0x11, 0x11, 0x11, 0x11, 0x11, 0x11, 0x11,
    0x11, 0x11, 0x11, 0x11, 0x11, 0x11, 0x11, 0x11, 0x11, 0x11, 0x11, 0x11, 0x11, 0x11, 0x11, 0x11,
    0x11, 0x11, 0x11, 0x11, 0x11, 0x11, 0x11, 0x11, 0x11, 0x11, 0x11, 0x11, 0x11, 0x11, 0x11, 0x11,
    0x11, 0x11, 0x11, 0x11, 0x11, 0x31, 0x31, 0x11, 0x11, 0x11, 0x11, 0x11, 0x11, 0x11, 0x11, 0x11,
    0x11, 0x11, 0x11, 0x11, 0x11, 0x11, 0x11, 0x11, 0x11, 0x11, 0x11, 0x11, 0x11, 0x11, 0x11, 0x11,
    0x11, 0x11, 0x11, 0x11, 0x11, 0x11, 0x11, 0x11, 0x11, 0x11, 0x11, 0x11, 0x11, 0x11, 0x11, 0x11,
    0x11, 0x11, 0x11, 0x11, 0x11, 0x11, 0x11, 0x11, 0x11, 0x11, 0x11, 0x11, 0x11, 0x11, 0x11, 0x11,
    0x11, 0x11, 0x11, 0x11, 0x11, 0x11, 0x11, 0x11, 0x11, 0x11, 0x11, 0x11, 0x11, 0x11, 0x11, 0x11,
    0x11, 0x11, 0x11, 0x13, 0x13, 0x11, 0x31, 0x31, 0x11, 0x11, 0x11, 0x11, 0x11, 0x11, 0x11, 0x11,
    0x11, 0x11, 0x11, 0x11, 0x11, 0x11, 0x11, 0x11, 0x11, 0x11, 0x11, 0x11, 0x11, 0x11, 0x11, 0x11,
    0x11, 0x11, 0x11, 0x11, 0x11, 0x11, 0x11, 0x11, 0x11, 0x11, 0x11, 0x11, 0x11, 0x11, 0x11, 0x11,
    0x11, 0x11, 0x11, 0x11, 0x11, 0x11, 0x11, 0x11, 0x11, 0x11, 0x11, 0x11, 0x11, 0x11, 0x11, 0x11,
    0x11, 0x11, 0x11, 0x11, 0x11, 0x11, 0x11, 0x11, 0x11, 0x11, 0x11, 0x11, 0x11, 0x11, 0x11, 0x11,
    0x11, 0x11, 0x11, 0x11, 0x11, 0x11, 0x11, 0x11, 0x11, 0x11, 0x11, 0x11, 0x11, 0x11, 0x11, 0x11,
    0x11, 0x11, 0x11, 0x11, 0x11, 0x11, 0x11, 0x11, 0x11, 0x11, 0x11, 0x11, 0x11, 0x11, 0x11, 0x11,
    0x11, 0x11, 0x11, 0x11, 0x11, 0x11, 0x11, 0x11, 0x11, 0x11, 0x11, 0x11, 0x13, 0x11, 0x13, 0x11,
    0x11, 0x11, 0x11, 0x11, 0x11, 0x11, 0x11, 0x11, 0x11, 0x11, 0x11, 0x11, 0x11, 0x11, 0x11, 0x11,
    0x11, 0x11, 0x11, 0x11, 0x11, 0x11, 0x11, 0x11, 0x11, 0x11, 0x11, 0x11, 0x11, 0x11, 0x11, 0x11,
    0x11, 0x11, 0x11, 0x11, 0x11, 0x11, 0x11, 0x11, 0x11, 0x11, 0x11, 0x11, 0x11, 0x11, 0x11, 0x11,
    0x11, 0x11, 0x11, 0x11, 0x11, 0x11, 0x11, 0x11, 0x11, 0x11, 0x11, 0x11, 0x11, 0x11, 0x11, 0x11,
    0x11, 0x11, 0x11, 0x11, 0x11, 0x11, 0x11, 0x11, 0x11, 0x11, 0x11, 0x11, 0x11, 0x11, 0x11, 0x11,
    0x11, 0x11, 0x11, 0x11, 0x11, 0x11, 0x11, 0x11, 0x11, 0x11, 0x11, 0x11, 0x11, 0x11, 0x11, 0x11,
};

// Auto-generated icon: wx_77d (80x80)
// Each byte holds 2 pixels (high nibble first)
#define ICON_WX_77D_W 80
#define ICON_WX_77D_H 80
static const uint8_t PROGMEM icon_wx_77d[] = {
    0x11, 0x11, 0x11, 0x11, 0x11, 0x11, 0x11, 0x11, 0x11, 0x11, 0x11, 0x11, 0x11, 0x11, 0x11, 0x11,
    0x11, 0x11, 0x11, 0x11, 0x11, 0x11, 0x11, 0x11, 0x11, 0x11, 0x11, 0x11, 0x11, 0x11, 0x11, 0x11,
    0x11, 0x11, 0x11, 0x11, 0x11, 0x11, 0x11, 0x11, 0x11, 0x11, 0x11, 0x11, 0x11, 0x11, 0x11, 0x11,
    0x11, 0x11, 0x11, 0x11, 0x11, 0x11, 0x11, 0x11, 0x11, 0x11, 0x11, 0x11, 0x11, 0x11, 0x11, 0x11,
    0x11, 0x11, 0x11, 0x11, 0x11, 0x11, 0x11, 0x11, 0x11, 0x11, 0x11, 0x11, 0x11, 0x11, 0x11, 0x11,
    0x11, 0x11, 0x11, 0x11, 0x11, 0x11, 0x11, 0x11, 0x11, 0x11, 0x11, 0x11, 0x11, 0x11, 0x11, 0x11,
    0x11, 0x11, 0x11, 0x11, 0x11, 0x11, 0x11, 0x11, 0x11, 0x11, 0x11, 0x11, 0x11, 0x11, 0x11, 0x11,
    0x11, 0x11, 0x11, 0x11, 0x11, 0x11, 0x11, 0x11, 0x11, 0x11, 0x11, 0x11, 0x11, 0x11, 0x11, 0x11,
    0x11, 0x11, 0x11, 0x11, 0x11, 0x11, 0x11, 0x11, 0x11, 0x11, 0x11, 0x11, 0x11, 0x11, 0x11, 0x11,
    0x11, 0x11, 0x11, 0x11, 0x11, 0x11, 0x11, 0x11, 0x11, 0x11, 0x11, 0x11, 0x11, 0x11, 0x11, 0x11,
    0x11, 0x11, 0x11, 0x11, 0x11, 0x11, 0x11, 0x11, 0x11, 0x11, 0x11, 0x11, 0x11, 0x11, 0x11, 0x11,
    0x11, 0x11, 0x11, 0x13, 0x11, 0x11, 0x11, 0x11, 0x11, 0x11, 0x11, 0x11, 0x11, 0x11, 0x11, 0x11,
    0x11, 0x11, 0x11, 0x11, 0x11, 0x11, 0x11, 0x11, 0x11, 0x11, 0x11, 0x11, 0x11, 0x11, 0x11, 0x11,
    0x11, 0x11, 0x11, 0x11, 0x11, 0x11, 0x11, 0x11, 0x11, 0x11, 0x11, 0x11, 0x13, 0x11, 0x11, 0x11,
    0x11, 0x11, 0x11, 0x11, 0x11, 0x11, 0x11, 0x11, 0x11, 0x11, 0x11, 0x11, 0x11, 0x11, 0x11, 0x11,
    0x11, 0x11, 0x11, 0x11, 0x11, 0x11, 0x11, 0x11, 0x11, 0x11, 0x11, 0x11, 0x11, 0x13, 0x11, 0x11,
    0x11, 0x11, 0x13, 0x13, 0x11, 0x11, 0x11, 0x11, 0x11, 0x13, 0x11, 0x11, 0x11, 0x11, 0x11, 0x11,
    0x11, 0x11, 0x11, 0x11, 0x11, 0x11, 0x11, 0x11, 0x11, 0x11, 0x11, 0x11, 0x11, 0x11, 0x11, 0x11,
    0x11, 0x11, 0x11, 0x11, 0x11, 0x11, 0x31, 0x31, 0x11, 0x11, 0x11, 0x11, 0x21, 0x11, 0x11, 0x11,
    0x13, 0x11, 0x13, 0x11, 0x11, 0x11, 0x11, 0x11, 0x11, 0x11, 0x11, 0x11, 0x11, 0x11, 0x11, 0x11,
    0x11, 0x11, 0x11, 0x11, 0x11, 0x11, 0x11, 0x11, 0x11, 0x11, 0x11, 0x11, 0x11, 0x31, 0x11, 0x11,
    0x11, 0x11, 0x13, 0x13, 0x13, 0x11, 0x11, 0x11, 0x11, 0x31, 0x11, 0x11, 0x11, 0x11, 0x11, 0x11,
    0x11, 0x11, 0x11, 0x11, 0x11, 0x11, 0x11, 0x11, 0x11, 0x11, 0x11, 0x11, 0x11, 0x11, 0x11, 0x11,
    0x11, 0x11, 0x11, 0x11, 0x11, 0x11, 0x31, 0x23, 0x11, 0x11, 0x11, 0x11, 0x11, 0x11, 0x11, 0x13,
    0x11, 0x12, 0x13, 0x11, 0x11, 0x11, 0x11, 0x11, 0x11, 0x11, 0x11, 0x11, 0x11, 0x11, 0x11, 0x11,
    0x11, 0x11, 0x11, 0x11, 0x11, 0x11, 0x11, 0x11, 0x11, 0x11, 0x11, 0x11, 0x11, 0x11, 0x13, 0x11,
    0x13, 0x11, 0x13, 0x13, 0x13, 0x11, 0x11, 0x11, 0x31, 0x31, 0x11, 0x11, 0x11, 0x11, 0x11, 0x11,
    0x11, 0x11, 0x11, 0x11, 0x11, 0x11, 0x11, 0x11, 0x11, 0x11, 0x11, 0x11, 0x11, 0x11, 0x11, 0x11,
    0x11, 0x11, 0x11, 0x11, 0x11, 0x11, 0x11, 0x31, 0x11, 0x31, 0x11, 0x11, 0x21, 0x11, 0x13, 0x11,
    0x12, 0x11, 0x11, 0x11, 0x11, 0x11, 0x11, 0x11, 0x11, 0x11, 0x11, 0x11, 0x11, 0x11, 0x11, 0x11,
    0x11, 0x11, 0x11, 0x11, 0x11, 0x11, 0x11, 0x11, 0x11, 0x31, 0x11, 0x11, 0x11, 0x11, 0x11, 0x12,
    0x31, 0x11, 0x11, 0x31, 0x13, 0x11, 0x11, 0x31, 0x31, 0x31, 0x11, 0x11, 0x11, 0x11, 0x13, 0x11,
    0x11, 0x11, 0x11, 0x11, 0x11, 0x11, 0x11, 0x11, 0x11, 0x11, 0x11, 0x11, 0x11, 0x11, 0x11, 0x11,
    0x31, 0x11, 0x31, 0x11, 0x11, 0x11, 0x11, 0x31, 0x11, 0x31, 0x31, 0x13, 0x11, 0x13, 0x11, 0x12,
    0x11, 0x11, 0x11, 0x11, 0x11, 0x13, 0x11, 0x13, 0x11, 0x11, 0x11, 0x11, 0x11, 0x11, 0x11, 0x11,
    0x11, 0x11, 0x11, 0x11, 0x11, 0x11, 0x11, 0x11, 0x13, 0x12, 0x11, 0x11, 0x11, 0x11, 0x11, 0x11,
    0x31, 0x12, 0x11, 0x21, 0x13, 0x11, 0x23, 0x11, 0x31, 0x11, 0x11, 0x11, 0x11, 0x11, 0x31, 0x11,
    0x11, 0x11, 0x11, 0x11, 0x11, 0x11, 0x11, 0x11, 0x11, 0x11, 0x11, 0x11, 0x11, 0x11, 0x11, 0x11,
    0x11, 0x13, 0x11, 0x11, 0x11, 0x11, 0x11, 0x11, 0x12, 0x11, 0x31, 0x13, 0x11, 0x21, 0x11, 0x31,
    0x11, 0x11, 0x11, 0x11, 0x11, 0x11, 0x12, 0x13, 0x11, 0x11, 0x11, 0x11, 0x11, 0x11, 0x11, 0x11,
    0x11, 0x11, 0x11, 0x11, 0x11, 0x11, 0x11, 0x11, 0x31, 0x11, 0x31, 0x11, 0x11, 0x11, 0x11, 0x11,
    0x11, 0x31, 0x13, 0x11, 0x21, 0x31, 0x31, 0x11, 0x11, 0x11, 0x11, 0x11, 0x11, 0x31, 0x31, 0x11,
    0x11, 0x11, 0x11, 0x11, 0x11, 0x11, 0x11, 0x11, 0x11, 0x11, 0x11, 0x11, 0x11, 0x11, 0x11, 0x11,
    0x11, 0x31, 0x12, 0x11, 0x11, 0x11, 0x11, 0x11, 0x11, 0x13, 0x11, 0x21, 0x31, 0x11, 0x13, 0x11,
    0x11, 0x11, 0x11, 0x11, 0x11, 0x11, 0x13, 0x11, 0x11, 0x11, 0x11, 0x11, 0x11, 0x11, 0x11, 0x11,
    0x11, 0x11, 0x11, 0x11, 0x11, 0x11, 0x11, 0x11, 0x11, 0x21, 0x31, 0x11, 0x11, 0x11, 0x11, 0x11,
    0x11, 0x11, 0x13, 0x11, 0x13, 0x13, 0x11, 0x11, 0x11, 0x11, 0x11, 0x11, 0x11, 0x31, 0x21, 0x11,
    0x11, 0x11, 0x11, 0x11, 0x11, 0x11, 0x11, 0x11, 0x11, 0x11, 0x11, 0x11, 0x11, 0x11, 0x11, 0x11,
    0x13, 0x11, 0x11, 0x11, 0x11, 0x11, 0x11, 0x11, 0x11, 0x11, 0x11, 0x31, 0x11, 0x11, 0x11, 0x11,
    0x11, 0x11, 0x11, 0x11, 0x11, 0x11, 0x31, 0x31, 0x11, 0x11, 0x11, 0x11, 0x11, 0x11, 0x11, 0x11,
    0x11, 0x11, 0x11, 0x11, 0x11, 0x11, 0x11, 0x11, 0x11, 0x13, 0x13, 0x11, 0x11, 0x11, 0x11, 0x11,
    0x11, 0x11, 0x11, 0x13, 0x12, 0x31, 0x11, 0x11, 0x11, 0x11, 0x11, 0x11, 0x13, 0x11, 0x11, 0x11,
    0x11, 0x11, 0x11, 0x11, 0x11, 0x11, 0x11, 0x11, 0x11, 0x11, 0x11, 0x11, 0x13, 0x13, 0x11, 0x11,
    0x11, 0x11, 0x21, 0x11, 0x11, 0x11, 0x11, 0x11, 0x11, 0x11, 0x13, 0x11, 0x31, 0x11, 0x11, 0x11,
    0x11, 0x11, 0x11, 0x11, 0x11, 0x31, 0x31, 0x11, 0x11, 0x13, 0x11, 0x11, 0x11, 0x11, 0x11, 0x11,
    0x11, 0x11, 0x11, 0x11, 0x11, 0x11, 0x13, 0x11, 0x11, 0x31, 0x13, 0x11, 0x11, 0x11, 0x11, 0x11,
    0x11, 0x11, 0x11, 0x12, 0x11, 0x11, 0x11, 0x11, 0x11, 0x11, 0x11, 0x11, 0x11, 0x12, 0x11, 0x11,
    0x13, 0x11, 0x31, 0x31, 0x11, 0x11, 0x11, 0x11, 0x11, 0x11, 0x11, 0x11, 0x11, 0x31, 0x21, 0x13,
    0x11, 0x13, 0x11, 0x13, 0x11, 0x11, 0x11, 0x11, 0x11, 0x11, 0x13, 0x11, 0x31, 0x11, 0x11, 0x11,
    0x11, 0x11, 0x11, 0x11, 0x31, 0x31, 0x13, 0x11, 0x11, 0x12, 0x11, 0x11, 0x11, 0x11, 0x11, 0x11,
    0x11, 0x11, 0x11, 0x11, 0x11, 0x13, 0x13, 0x11, 0x13, 0x11, 0x21, 0x31, 0x11, 0x11, 0x11, 0x11,
    0x11, 0x11, 0x11, 0x31, 0x11, 0x11, 0x11, 0x11, 0x11, 0x11, 0x11, 0x11, 0x11, 0x13, 0x11, 0x31,
    0x31, 0x31, 0x31, 0x31, 0x11, 0x11, 0x11, 0x11, 0x11, 0x11, 0x11, 0x11, 0x11, 0x11, 0x11, 0x31,
    0x21, 0x13, 0x11, 0x13, 0x11, 0x11, 0x11, 0x11, 0x11, 0x11, 0x11, 0x13, 0x13, 0x11, 0x11, 0x11,
    0x11, 0x11, 0x11, 0x11, 0x31, 0x11, 0x21, 0x11, 0x11, 0x11, 0x11, 0x11, 0x11, 0x11, 0x11, 0x11,
    0x11, 0x11, 0x11, 0x11, 0x11, 0x11, 0x31, 0x11, 0x31, 0x11, 0x31, 0x21, 0x11, 0x11, 0x11, 0x11,
    0x11, 0x11, 0x13, 0x11, 0x21, 0x11, 0x11, 0x11, 0x11, 0x11, 0x11, 0x11, 0x12, 0x13, 0x13, 0x13,
    0x12, 0x13, 0x11, 0x11, 0x11, 0x11, 0x11, 0x11, 0x11, 0x11, 0x11, 0x11, 0x11, 0x11, 0x11, 0x31,
    0x13, 0x12, 0x11, 0x31, 0x31, 0x11, 0x11, 0x11, 0x11, 0x11, 0x11, 0x13, 0x11, 0x11, 0x11, 0x11,
    0x11, 0x11, 0x11, 0x13, 0x13, 0x11, 0x11, 0x12, 0x13, 0x11, 0x11, 0x11, 0x11, 0x11, 0x11, 0x11,
    0x11, 0x11, 0x11, 0x11, 0x11, 0x11, 0x11, 0x11, 0x12, 0x11, 0x31, 0x11, 0x11, 0x11, 0x11, 0x11,
    0x11, 0x11, 0x13, 0x11, 0x31, 0x11, 0x11, 0x11, 0x11, 0x11, 0x11, 0x11, 0x11, 0x31, 0x31, 0x31,
    0x11, 0x11, 0x11, 0x11, 0x11, 0x11, 0x11, 0x11, 0x11, 0x11, 0x11, 0x11, 0x11, 0x11, 0x11, 0x13,
    0x11, 0x31, 0x13, 0x13, 0x11, 0x31, 0x11, 0x11, 0x11, 0x11, 0x11, 0x12, 0x11, 0x11, 0x11, 0x11,
    0x11, 0x11, 0x13, 0x13, 0x11, 0x12, 0x11, 0x13, 0x11, 0x11, 0x11, 0x11, 0x11, 0x11, 0x11, 0x11,
    0x11, 0x11, 0x11, 0x11, 0x11, 0x13, 0x13, 0x11, 0x31, 0x13, 0x11, 0x21, 0x31, 0x11, 0x31, 0x11,
    0x11, 0x11, 0x13, 0x11, 0x31, 0x11, 0x11, 0x11, 0x11, 0x11, 0x11, 0x11, 0x23, 0x11, 0x31, 0x21,
    0x13, 0x13, 0x11, 0x11, 0x11, 0x11, 0x11, 0x11, 0x11, 0x11, 0x11, 0x13, 0x13, 0x11, 0x11, 0x31,
    0x12, 0x11, 0x21, 0x11, 0x12, 0x13, 0x11, 0x11, 0x11, 0x11, 0x11, 0x31, 0x11, 0x11, 0x11, 0x11,
    0x11, 0x31, 0x31, 0x31, 0x11, 0x13, 0x11, 0x31, 0x11, 0x11, 0x13, 0x13, 0x11, 0x11, 0x11, 0x11,
    0x11, 0x11, 0x13, 0x11, 0x11, 0x31, 0x21, 0x12, 0x13, 0x11, 0x31, 0x31, 0x31, 0x11, 0x31, 0x31,
    0x11, 0x11, 0x11, 0x13, 0x13, 0x11, 0x11, 0x11, 0x11, 0x11, 0x12, 0x11, 0x31, 0x11, 0x31, 0x13,
    0x13, 0x13, 0x11, 0x11, 0x13, 0x11, 0x11, 0x11, 0x11, 0x11, 0x11, 0x13, 0x12, 0x11, 0x31, 0x13,
    0x11, 0x31, 0x11, 0x11, 0x11, 0x31, 0x11, 0x11, 0x31, 0x11, 0x13, 0x11, 0x21, 0x11, 0x11, 0x31,
    0x31, 0x31, 0x31, 0x13, 0x11, 0x11, 0x11, 0x11, 0x11, 0x21, 0x21, 0x31, 0x21, 0x11, 0x11, 0x11,
    0x11, 0x11, 0x13, 0x11, 0x13, 0x11, 0x13, 0x11, 0x11, 0x11, 0x11, 0x11, 0x11, 0x13, 0x12, 0x31,
    0x11, 0x31, 0x11, 0x13, 0x11, 0x11, 0x31, 0x11, 0x12, 0x11, 0x13, 0x11, 0x11, 0x11, 0x11, 0x11,
    0x13, 0x11, 0x31, 0x13, 0x13, 0x11, 0x11, 0x11, 0x11, 0x11, 0x11, 0x13, 0x11, 0x31, 0x11, 0x11,
    0x11, 0x11, 0x11, 0x11, 0x11, 0x11, 0x11, 0x13, 0x12, 0x11, 0x31, 0x11, 0x31, 0x31, 0x11, 0x31,
    0x31, 0x31, 0x11, 0x11, 0x11, 0x11, 0x11, 0x11, 0x11, 0x11, 0x13, 0x11, 0x11, 0x11, 0x11, 0x11,
    0x11, 0x11, 0x11, 0x11, 0x11, 0x11, 0x11, 0x11, 0x11, 0x11, 0x11, 0x11, 0x11, 0x11, 0x13, 0x11,
    0x13, 0x11, 0x13, 0x12, 0x11, 0x11, 0x31, 0x21, 0x11, 0x11, 0x11, 0x11, 0x11, 0x11, 0x11, 0x11,
    0x11, 0x11, 0x11, 0x11, 0x31, 0x11, 0x11, 0x11, 0x11, 0x11, 0x11, 0x11, 0x11, 0x11, 0x11, 0x11,
    0x11, 0x11, 0x11, 0x11, 0x11, 0x11, 0x11, 0x13, 0x11, 0x31, 0x21, 0x13, 0x13, 0x12, 0x11, 0x13,
    0x11, 0x11, 0x11, 0x11, 0x11, 0x11, 0x11, 0x11, 0x11, 0x11, 0x11, 0x11, 0x11, 0x11, 0x11, 0x11,
    0x11, 0x11, 0x11, 0x11, 0x11, 0x11, 0x11, 0x11, 0x11, 0x11, 0x11, 0x11, 0x11, 0x11, 0x11, 0x11,
    0x11, 0x13, 0x13, 0x11, 0x11, 0x31, 0x31, 0x11, 0x11, 0x11, 0x11, 0x11, 0x11, 0x11, 0x11, 0x11,
    0x11, 0x11, 0x11, 0x11, 0x11, 0x11, 0x11, 0x11, 0x11, 0x11, 0x11, 0x11, 0x11, 0x11, 0x11, 0x11,
    0x11, 0x11, 0x11, 0x11, 0x11, 0x11, 0x11, 0x11, 0x11, 0x11, 0x11, 0x31, 0x21, 0x11, 0x13, 0x11,
    0x11, 0x11, 0x11, 0x11, 0x11, 0x11, 0x11, 0x11, 0x11, 0x11, 0x11, 0x11, 0x11, 0x11, 0x11, 0x11,
    0x11, 0x11, 0x11, 0x11, 0x11, 0x11, 0x11, 0x11, 0x11, 0x11, 0x11, 0x11, 0x11, 0x11, 0x11, 0x11,
    0x11, 0x31, 0x31, 0x11, 0x31, 0x31, 0x11, 0x11, 0x11, 0x11, 0x11, 0x11, 0x11, 0x11, 0x11, 0x11,
    0x11, 0x11, 0x11, 0x11, 0x11, 0x11, 0x11, 0x11, 0x11, 0x11, 0x11, 0x11, 0x11, 0x11, 0x11, 0x11,
    0x11, 0x11, 0x11, 0x11, 0x11, 0x11, 0x11, 0x11, 0x31, 0x11, 0x21, 0x31, 0x11, 0x12, 0x31, 0x31,
    0x11, 0x11, 0x11, 0x11, 0x11, 0x11, 0x11, 0x11, 0x11, 0x11, 0x11, 0x11, 0x11, 0x11, 0x11, 0x11,
    0x11, 0x11, 0x11, 0x11, 0x11, 0x11, 0x11, 0x11, 0x11, 0x11, 0x11, 0x11, 0x11, 0x11, 0x11, 0x11,
    0x13, 0x11, 0x31, 0x12, 0x13, 0x11, 0x11, 0x11, 0x31, 0x11, 0x11, 0x11, 0x11, 0x11, 0x11, 0x11,
    0x11, 0x11, 0x11, 0x11, 0x11, 0x11, 0x11, 0x11, 0x11, 0x11, 0x11, 0x13, 0x11, 0x11, 0x11, 0x11,
    0x11, 0x11, 0x11, 0x11, 0x11, 0x11, 0x11, 0x31, 0x11, 0x21, 0x13, 0x13, 0x11, 0x31, 0x31, 0x31,
    0x11, 0x31, 0x11, 0x11, 0x11, 0x11, 0x11, 0x11, 0x11, 0x11, 0x11, 0x11, 0x31, 0x11, 0x11, 0x11,
    0x11, 0x11, 0x13, 0x11, 0x13, 0x13, 0x11, 0x11, 0x11, 0x11, 0x11, 0x11, 0x11, 0x11, 0x31, 0x13,
    0x13, 0x13, 0x11, 0x11, 0x31, 0x11, 0x12, 0x12, 0x13, 0x11, 0x31, 0x11, 0x11, 0x11, 0x11, 0x11,
    0x11, 0x11, 0x31, 0x31, 0x11, 0x31, 0x11, 0x11, 0x11, 0x11, 0x11, 0x13, 0x11, 0x11, 0x13, 0x11,
    0x11, 0x11, 0x11, 0x11, 0x13, 0x11, 0x13, 0x11, 0x21, 0x11, 0x13, 0x11, 0x21, 0x11, 0x11, 0x31,
    0x11, 0x31, 0x11, 0x31, 0x11, 0x11, 0x11, 0x11, 0x13, 0x11, 0x11, 0x13, 0x11, 0x11, 0x11, 0x11,
    0x11, 0x11, 0x13, 0x11, 0x21, 0x31, 0x21, 0x13, 0x13, 0x11, 0x11, 0x11, 0x11, 0x31, 0x21, 0x21,
    0x13, 0x11, 0x11, 0x13, 0x11, 0x11, 0x11, 0x11, 0x31, 0x12, 0x13, 0x11, 0x11, 0x11, 0x13, 0x11,
    0x11, 0x31, 0x31, 0x21, 0x31, 0x31, 0x11, 0x11, 0x11, 0x11, 0x11, 0x13, 0x11, 0x13, 0x13, 0x11,
    0x11, 0x13, 0x13, 0x11, 0x31, 0x11, 0x31, 0x13, 0x11, 0x11, 0x13, 0x11, 0x31, 0x11, 0x11, 0x11,
    0x11, 0x31, 0x11, 0x31, 0x31, 0x31, 0x11, 0x31, 0x31, 0x11, 0x21, 0x11, 0x11, 0x11, 0x11, 0x11,
    0x11, 0x11, 0x11, 0x11, 0x31, 0x11, 0x11, 0x31, 0x23, 0x11, 0x11, 0x31, 0x12, 0x13, 0x11, 0x11,
    0x11, 0x11, 0x11, 0x12, 0x11, 0x11, 0x11, 0x11, 0x11, 0x13, 0x12, 0x11, 0x11, 0x12, 0x11, 0x12,
    0x12, 0x13, 0x11, 0x31, 0x31, 0x11, 0x11, 0x11, 0x11, 0x11, 0x11, 0x11, 0x11, 0x13, 0x11, 0x11,
    0x11, 0x31, 0x21, 0x12, 0x13, 0x11, 0x31, 0x11, 0x11, 0x11, 0x13, 0x11, 0x31, 0x11, 0x11, 0x11,
    0x11, 0x11, 0x11, 0x31, 0x23, 0x11, 0x31, 0x31, 0x11, 0x31, 0x31, 0x11, 0x11, 0x11, 0x11, 0x11,
    0x11, 0x11, 0x11, 0x11, 0x11, 0x11, 0x11, 0x13, 0x11, 0x13, 0x13, 0x11, 0x31, 0x11, 0x11, 0x11,
    0x11, 0x11, 0x11, 0x31, 0x11, 0x11, 0x11, 0x11, 0x11, 0x11, 0x11, 0x13, 0x11, 0x31, 0x12, 0x11,
    0x31, 0x11, 0x11, 0x11, 0x11, 0x11, 0x11, 0x11, 0x11, 0x11, 0x11, 0x11, 0x11, 0x11, 0x11, 0x11,
    0x31, 0x21, 0x11, 0x31, 0x11, 0x11, 0x11, 0x11, 0x11, 0x11, 0x11, 0x13, 0x13, 0x11, 0x11, 0x11,
    0x11, 0x11, 0x11, 0x11, 0x13, 0x12, 0x13, 0x11, 0x11, 0x11, 0x11, 0x11, 0x11, 0x11, 0x11, 0x11,
    0x11, 0x11, 0x11, 0x11, 0x11, 0x11, 0x13, 0x11, 0x11, 0x31, 0x31, 0x11, 0x31, 0x11, 0x11, 0x11,
    0x11, 0x11, 0x13, 0x11, 0x21, 0x11, 0x11, 0x11, 0x11, 0x11, 0x11, 0x13, 0x11, 0x13, 0x11, 0x31,
    0x31, 0x31, 0x11, 0x11, 0x11, 0x11, 0x11, 0x11, 0x11, 0x11, 0x11, 0x11, 0x11, 0x11, 0x11, 0x31,
    0x31, 0x11, 0x12, 0x13, 0x11, 0x11, 0x11, 0x11, 0x11, 0x11, 0x11, 0x13, 0x11, 0x11, 0x11, 0x11,
    0x11, 0x11, 0x11, 0x11, 0x13, 0x11, 0x31, 0x12, 0x11, 0x11, 0x11, 0x11, 0x11, 0x11, 0x11, 0x11,
    0x11, 0x11, 0x11, 0x11, 0x11, 0x13, 0x11, 0x12, 0x11, 0x31, 0x31, 0x11, 0x11, 0x11, 0x11, 0x11,
    0x11, 0x11, 0x13, 0x11, 0x31, 0x11, 0x11, 0x11, 0x11, 0x11, 0x11, 0x11, 0x11, 0x21, 0x12, 0x11,
    0x31, 0x31, 0x31, 0x11, 0x11, 0x11, 0x11, 0x11, 0x11, 0x11, 0x11, 0x11, 0x13, 0x11, 0x31, 0x31,
    0x13, 0x11, 0x13, 0x13, 0x11, 0x11, 0x11, 0x11, 0x11, 0x11, 0x11, 0x12, 0x11, 0x11, 0x11, 0x11,
    0x11, 0x11, 0x11, 0x11, 0x31, 0x31, 0x13, 0x11, 0x11, 0x21, 0x11, 0x31, 0x11, 0x11, 0x11, 0x11,
    0x11, 0x11, 0x11, 0x11, 0x11, 0x31, 0x12, 0x13, 0x11, 0x21, 0x21, 0x11, 0x11, 0x11, 0x11, 0x11,
    0x11, 0x11, 0x13, 0x11, 0x31, 0x11, 0x11, 0x11, 0x11, 0x11, 0x11, 0x11, 0x11, 0x13, 0x11, 0x13,
    0x13, 0x13, 0x11, 0x11, 0x11, 0x11, 0x11, 0x11, 0x11, 0x11, 0x11, 0x11, 0x11, 0x12, 0x11, 0x11,
    0x11, 0x13, 0x13, 0x11, 0x11, 0x11, 0x11, 0x11, 0x11, 0x11, 0x11, 0x31, 0x11, 0x11, 0x11, 0x11,
    0x11, 0x11, 0x11, 0x11, 0x13, 0x11, 0x13, 0x11, 0x11, 0x11, 0x31, 0x31, 0x11, 0x11, 0x11, 0x11,
    0x11, 0x11, 0x11, 0x11, 0x13, 0x11, 0x31, 0x11, 0x11, 0x11, 0x11, 0x31, 0x11, 0x11, 0x11, 0x11,
    0x11, 0x11, 0x11, 0x13, 0x13, 0x11, 0x11, 0x11, 0x11, 0x11, 0x11, 0x11, 0x11, 0x21, 0x31, 0x11,
    0x11, 0x11, 0x11, 0x11, 0x11, 0x11, 0x11, 0x11, 0x11, 0x11, 0x11, 0x11, 0x11, 0x11, 0x11, 0x11,
    0x13, 0x13, 0x11, 0x11, 0x11, 0x11, 0x11, 0x11, 0x11, 0x11, 0x13, 0x11, 0x21, 0x11, 0x11, 0x11,
    0x11, 0x11, 0x11, 0x11, 0x11, 0x31, 0x11, 0x11, 0x11, 0x11, 0x11, 0x11, 0x11, 0x11, 0x11, 0x11,
    0x11, 0x11, 0x11, 0x11, 0x11, 0x11, 0x11, 0x11, 0x11, 0x11, 0x21, 0x11, 0x11, 0x11, 0x11, 0x11,
    0x11, 0x11, 0x11, 0x21, 0x13, 0x13, 0x11, 0x11, 0x11, 0x11, 0x11, 0x11, 0x11, 0x13, 0x13, 0x11,
    0x11, 0x11, 0x11, 0x11, 0x11, 0x11, 0x11, 0x11, 0x11, 0x11, 0x11, 0x11, 0x11, 0x11, 0x11, 0x11,
    0x13, 0x13, 0x13, 0x11, 0x11, 0x11, 0x11, 0x11, 0x11, 0x13, 0x13, 0x13, 0x11, 0x11, 0x11, 0x11,
    0x11, 0x11, 0x11, 0x11, 0x11, 0x11, 0x21, 0x11, 0x11, 0x11, 0x11, 0x11, 0x11, 0x11, 0x11, 0x11,
    0x11, 0x11, 0x11, 0x11, 0x11, 0x11, 0x11, 0x11, 0x11, 0x11, 0x11, 0x11, 0x11, 0x11, 0x11, 0x11,
    0x11, 0x11, 0x11, 0x11, 0x31, 0x31, 0x31, 0x11, 0x11, 0x11, 0x11, 0x11, 0x11, 0x31, 0x13, 0x11,
    0x11, 0x11, 0x11, 0x11, 0x11, 0x11, 0x11, 0x11, 0x11, 0x11, 0x11, 0x11, 0x11, 0x11, 0x11, 0x11,
    0x31, 0x31, 0x31, 0x11, 0x11, 0x11, 0x11, 0x11, 0x13, 0x13, 0x13, 0x12, 0x11, 0x21, 0x11, 0x31,
    0x11, 0x11, 0x11, 0x11, 0x11, 0x13, 0x11, 0x11, 0x11, 0x11, 0x11, 0x11, 0x11, 0x11, 0x11, 0x11,
    0x11, 0x11, 0x11, 0x11, 0x11, 0x11, 0x11, 0x11, 0x11, 0x12, 0x11, 0x11, 0x11, 0x11, 0x11, 0x11,
    0x11, 0x11, 0x21, 0x13, 0x11, 0x31, 0x31, 0x11, 0x11, 0x11, 0x11, 0x11, 0x11, 0x11, 0x13, 0x13,
    0x11, 0x11, 0x11, 0x11, 0x11, 0x11, 0x11, 0x11, 0x11, 0x11, 0x11, 0x11, 0x11, 0x11, 0x11, 0x11,
    0x31, 0x31, 0x31, 0x11, 0x11, 0x11, 0x11, 0x13, 0x13, 0x13, 0x13, 0x11, 0x31, 0x11, 0x12, 0x13,
    0x11, 0x11, 0x11, 0x11, 0x11, 0x13, 0x12, 0x11, 0x11, 0x11, 0x11, 0x11, 0x11, 0x11, 0x11, 0x11,
    0x11, 0x11, 0x11, 0x11, 0x11, 0x11, 0x11, 0x11, 0x11, 0x11, 0x11, 0x11, 0x11, 0x11, 0x11, 0x11,
    0x11, 0x21, 0x11, 0x12, 0x11, 0x31, 0x31, 0x11, 0x31, 0x11, 0x11, 0x11, 0x11, 0x11, 0x11, 0x31,
    0x11, 0x11, 0x11, 0x11, 0x11, 0x11, 0x11, 0x11, 0x11, 0x11, 0x11, 0x11, 0x11, 0x11, 0x11, 0x11,
    0x13, 0x13, 0x11, 0x11, 0x11, 0x11, 0x13, 0x13, 0x13, 0x11, 0x13, 0x11, 0x31, 0x11, 0x13, 0x11,
    0x13, 0x11, 0x11, 0x11, 0x11, 0x11, 0x31, 0x11, 0x11, 0x11, 0x11, 0x11, 0x11, 0x11, 0x11, 0x11,
    0x11, 0x11, 0x11, 0x11, 0x11, 0x11, 0x11, 0x11, 0x11, 0x11, 0x11, 0x11, 0x11, 0x11, 0x11, 0x11,
    0x21, 0x31, 0x11, 0x31, 0x11, 0x11, 0x11, 0x31, 0x21, 0x13, 0x11, 0x11, 0x11, 0x11, 0x11, 0x11,
    0x11, 0x11, 0x11, 0x11, 0x11, 0x11, 0x11, 0x11, 0x11, 0x11, 0x11, 0x11, 0x11, 0x11, 0x11, 0x11,
    0x11, 0x11, 0x11, 0x11, 0x11, 0x13, 0x13, 0x13, 0x11, 0x11, 0x11, 0x13, 0x13, 0x11, 0x11, 0x11,
    0x31, 0x11, 0x31, 0x11, 0x11, 0x11, 0x11, 0x11, 0x11, 0x11, 0x11, 0x11, 0x11, 0x11, 0x11, 0x11,
    0x11, 0x11, 0x11, 0x11, 0x11, 0x11, 0x11, 0x11, 0x11, 0x11, 0x11, 0x11, 0x11, 0x11, 0x11, 0x21,
    0x11, 0x11, 0x13, 0x11, 0x21, 0x11, 0x11, 0x11, 0x13, 0x11, 0x13, 0x11, 0x11, 0x11, 0x11, 0x11,
    0x11, 0x11, 0x11, 0x11, 0x11, 0x11, 0x11, 0x11, 0x11, 0x11, 0x11, 0x11, 0x11, 0x11, 0x11, 0x11,
    0x11, 0x11, 0x11, 0x11, 0x11, 0x31, 0x31, 0x13, 0x11, 0x11, 0x11, 0x13, 0x11, 0x11, 0x11, 0x11,
    0x11, 0x23, 0x11, 0x11, 0x11, 0x11, 0x11, 0x11, 0x11, 0x11, 0x11, 0x11, 0x11, 0x11, 0x11, 0x11,
    0x11, 0x11, 0x11, 0x11, 0x11, 0x11, 0x11, 0x11, 0x11, 0x11, 0x11, 0x11, 0x11, 0x11, 0x11, 0x31,
    0x11, 0x11, 0x13, 0x11, 0x31, 0x11, 0x11, 0x11, 0x13, 0x11, 0x11, 0x11, 0x11, 0x11, 0x11, 0x11,
    0x11, 0x11, 0x11, 0x11, 0x11, 0x11, 0x11, 0x11, 0x11, 0x11, 0x11, 0x11, 0x11, 0x11, 0x11, 0x11,
    0x11, 0x11, 0x11, 0x11, 0x11, 0x13, 0x12, 0x11, 0x11, 0x11, 0x11, 0x12, 0x11, 0x11, 0x11, 0x11,
    0x11, 0x13, 0x11, 0x11, 0x11, 0x11, 0x11, 0x11, 0x11, 0x11, 0x11, 0x11, 0x11, 0x11, 0x11, 0x11,
    0x11, 0x11, 0x11, 0x11, 0x11, 0x11, 0x11, 0x11, 0x11, 0x11, 0x11, 0x11, 0x11, 0x11, 0x11, 0x11,
    0x11, 0x11, 0x11, 0x13, 0x13, 0x11, 0x11, 0x11, 0x11, 0x11, 0x11, 0x11, 0x11, 0x11, 0x11, 0x11,
    0x11, 0x11, 0x11, 0x11, 0x11, 0x11, 0x11, 0x11, 0x11, 0x11, 0x11, 0x11, 0x11, 0x11, 0x11, 0x11,
    0x11, 0x11, 0x11, 0x11, 0x11, 0x11, 0x11, 0x11, 0x11, 0x11, 0x11, 0x11, 0x11, 0x11, 0x11, 0x11,
    0x11, 0x11, 0x11, 0x11, 0x11, 0x11, 0x11, 0x11, 0x11, 0x11, 0x11, 0x11, 0x11, 0x11, 0x11, 0x11,
    0x11, 0x11, 0x11, 0x11, 0x11, 0x11, 0x11, 0x11, 0x11, 0x11, 0x11, 0x11, 0x11, 0x11, 0x11, 0x11,
    0x11, 0x11, 0x11, 0x11, 0x11, 0x11, 0x11, 0x11, 0x11, 0x11, 0x11, 0x11, 0x11, 0x11, 0x11, 0x11,
    0x11, 0x11, 0x11, 0x11, 0x11, 0x11, 0x11, 0x11, 0x11, 0x11, 0x11, 0x11, 0x11, 0x11, 0x11, 0x11,
    0x11, 0x11, 0x11, 0x11, 0x11, 0x11, 0x11, 0x11, 0x11, 0x11, 0x11, 0x11, 0x11, 0x11, 0x11, 0x11,
    0x11, 0x11, 0x11, 0x11, 0x11, 0x11, 0x11, 0x11, 0x11, 0x11, 0x11, 0x11, 0x11, 0x11, 0x11, 0x11,
    0x11, 0x11, 0x11, 0x11, 0x11, 0x11, 0x11, 0x11, 0x11, 0x11, 0x11, 0x11, 0x11, 0x11, 0x11, 0x11,
    0x11, 0x11, 0x11, 0x11, 0x11, 0x11, 0x11, 0x11, 0x11, 0x11, 0x11, 0x11, 0x11, 0x11, 0x11, 0x11,
    0x11, 0x11, 0x11, 0x11, 0x11, 0x11, 0x11, 0x11, 0x11, 0x11, 0x11, 0x11, 0x11, 0x11, 0x11, 0x11,
    0x11, 0x11, 0x11, 0x11, 0x11, 0x11, 0x11, 0x11, 0x11, 0x11, 0x11, 0x11, 0x11, 0x11, 0x11, 0x11,
    0x11, 0x11, 0x11, 0x11, 0x11, 0x11, 0x11, 0x11, 0x11, 0x11, 0x11, 0x11, 0x11, 0x11, 0x11, 0x11,
};

// Auto-generated icon: wxs_01d (40x40)
// Each byte holds 2 pixels (high nibble first)
#define ICON_WXS_01D_W 40
#define ICON_WXS_01D_H 40
static const uint8_t PROGMEM icon_wxs_01d[] = {
    0x11, 0x11, 0x11, 0x11, 0x11, 0x11, 0x11, 0x11, 0x11, 0x11, 0x11, 0x11, 0x11, 0x11, 0x11, 0x11,
    0x11, 0x11, 0x11, 0x11, 0x11, 0x11, 0x11, 0x11, 0x11, 0x11, 0x11, 0x11, 0x11, 0x11, 0x11, 0x11,
    0x11, 0x11, 0x11, 0x11, 0x11, 0x11, 0x11, 0x11, 0x11, 0x11, 0x11, 0x11, 0x11, 0x11, 0x11, 0x11,
    0x11, 0x11, 0x11, 0x11, 0x11, 0x11, 0x11, 0x11, 0x11, 0x11, 0x11, 0x11, 0x11, 0x11, 0x11, 0x11,
    0x11, 0x11, 0x11, 0x11, 0x11, 0x11, 0x11, 0x11, 0x11, 0x11, 0x11, 0x11, 0x11, 0x11, 0x11, 0x11,
    0x11, 0x11, 0x11, 0x11, 0x11, 0x11, 0x11, 0x11, 0x15, 0x65, 0x65, 0x65, 0x11, 0x11, 0x11, 0x11,
    0x11, 0x11, 0x11, 0x11, 0x11, 0x11, 0x11, 0x11, 0x11, 0x11, 0x11, 0x56, 0x56, 0x56, 0x55, 0x65,
    0x56, 0x51, 0x11, 0x11, 0x11, 0x11, 0x11, 0x11, 0x11, 0x11, 0x11, 0x11, 0x11, 0x11, 0x65, 0x65,
    0x65, 0x65, 0x65, 0x65, 0x65, 0x56, 0x51, 0x11, 0x11, 0x11, 0x11, 0x11, 0x11, 0x11, 0x11, 0x11,
    0x11, 0x65, 0x65, 0x65, 0x65, 0x65, 0x65, 0x65, 0x65, 0x65, 0x56, 0x11, 0x11, 0x11, 0x11, 0x11,
    0x11, 0x11, 0x11, 0x11, 0x16, 0x56, 0x56, 0x16, 0x61, 0x65, 0x61, 0x65, 0x65, 0x65, 0x65, 0x51,
    0x11, 0x11, 0x11, 0x11, 0x11, 0x11, 0x11, 0x11, 0x65, 0x61, 0x65, 0x65, 0x65, 0x65, 0x65, 0x65,
    0x56, 0x56, 0x56, 0x55, 0x11, 0x11, 0x11, 0x11, 0x11, 0x11, 0x11, 0x16, 0x56, 0x56, 0x65, 0x66,
    0x56, 0x56, 0x56, 0x56, 0x56, 0x55, 0x65, 0x65, 0x61, 0x11, 0x11, 0x11, 0x11, 0x11, 0x11, 0x15,
    0x61, 0x65, 0x61, 0x65, 0x61, 0x65, 0x65, 0x65, 0x65, 0x65, 0x65, 0x56, 0x55, 0x11, 0x11, 0x11,
    0x11, 0x11, 0x11, 0x66, 0x56, 0x61, 0x66, 0x56, 0x56, 0x56, 0x16, 0x56, 0x16, 0x56, 0x56, 0x55,
    0x65, 0x11, 0x11, 0x11, 0x11, 0x11, 0x11, 0x56, 0x16, 0x66, 0x56, 0x56, 0x16, 0x65, 0x65, 0x65,
    0x65, 0x65, 0x56, 0x56, 0x56, 0x51, 0x11, 0x11, 0x11, 0x11, 0x16, 0x61, 0x66, 0x56, 0x56, 0x16,
    0x65, 0x65, 0x65, 0x65, 0x65, 0x65, 0x61, 0x65, 0x56, 0x51, 0x11, 0x11, 0x11, 0x11, 0x16, 0x56,
    0x65, 0x61, 0x66, 0x65, 0x65, 0x65, 0x61, 0x65, 0x65, 0x61, 0x65, 0x65, 0x65, 0x56, 0x11, 0x11,
    0x11, 0x11, 0x16, 0x16, 0x61, 0x66, 0x56, 0x56, 0x56, 0x16, 0x65, 0x65, 0x61, 0x65, 0x65, 0x56,
    0x56, 0x55, 0x11, 0x11, 0x11, 0x11, 0x65, 0x66, 0x56, 0x56, 0x16, 0x56, 0x16, 0x65, 0x65, 0x65,
    0x65, 0x65, 0x56, 0x56, 0x55, 0x65, 0x11, 0x11, 0x11, 0x11, 0x61, 0x66, 0x16, 0x66, 0x65, 0x66,
    0x65, 0x65, 0x65, 0x61, 0x65, 0x65, 0x65, 0x65, 0x65, 0x65, 0x11, 0x11, 0x11, 0x11, 0x66, 0x56,
    0x65, 0x16, 0x56, 0x16, 0x56, 0x16, 0x56, 0x56, 0x56, 0x56, 0x56, 0x56, 0x56, 0x56, 0x11, 0x11,
    0x11, 0x11, 0x65, 0x61, 0x66, 0x66, 0x16, 0x65, 0x66, 0x56, 0x61, 0x65, 0x65, 0x65, 0x65, 0x65,
    0x65, 0x55, 0x11, 0x11, 0x11, 0x11, 0x61, 0x66, 0x61, 0x65, 0x66, 0x56, 0x16, 0x65, 0x65, 0x66,
    0x56, 0x16, 0x56, 0x56, 0x56, 0x56, 0x11, 0x11, 0x11, 0x11, 0x66, 0x61, 0x66, 0x56, 0x61, 0x66,
    0x56, 0x16, 0x56, 0x56, 0x16, 0x56, 0x56, 0x15, 0x65, 0x65, 0x11, 0x11, 0x11, 0x11, 0x15, 0x66,
    0x56, 0x61, 0x66, 0x56, 0x16, 0x65, 0x61, 0x65, 0x65, 0x65, 0x65, 0x65, 0x65, 0x56, 0x11, 0x11,
    0x11, 0x11, 0x16, 0x16, 0x61, 0x66, 0x56, 0x16, 0x65, 0x66, 0x56, 0x65, 0x66, 0x56, 0x56, 0x56,
    0x56, 0x16, 0x11, 0x11, 0x11, 0x11, 0x16, 0x65, 0x66, 0x56, 0x16, 0x65, 0x66, 0x51, 0x65, 0x61,
    0x65, 0x61, 0x65, 0x65, 0x65, 0x51, 0x11, 0x11, 0x11, 0x11, 0x11, 0x61, 0x61, 0x66, 0x66, 0x56,
    0x16, 0x66, 0x65, 0x66, 0x56, 0x56, 0x56, 0x56, 0x16, 0x61, 0x11, 0x11, 0x11, 0x11, 0x11, 0x66,
    0x66, 0x61, 0x65, 0x66, 0x65, 0x65, 0x61, 0x65, 0x65, 0x65, 0x65, 0x65, 0x65, 0x11, 0x11, 0x11,
    0x11, 0x11, 0x11, 0x15, 0x61, 0x66, 0x61, 0x61, 0x66, 0x16, 0x56, 0x65, 0x61, 0x66, 0x16, 0x56,
    0x56, 0x11, 0x11, 0x11, 0x11, 0x11, 0x11, 0x16, 0x16, 0x65, 0x66, 0x66, 0x56, 0x65, 0x65, 0x61,
    0x66, 0x56, 0x56, 0x56, 0x51, 0x11, 0x11, 0x11, 0x11, 0x11, 0x11, 0x11, 0x65, 0x61, 0x65, 0x16,
    0x61, 0x66, 0x16, 0x65, 0x65, 0x65, 0x65, 0x61, 0x11, 0x11, 0x11, 0x11, 0x11, 0x11, 0x11, 0x11,
    0x16, 0x66, 0x66, 0x65, 0x66, 0x56, 0x65, 0x66, 0x56, 0x16, 0x56, 0x51, 0x11, 0x11, 0x11, 0x11,
    0x11, 0x11, 0x11, 0x11, 0x11, 0x51, 0x61, 0x66, 0x16, 0x61, 0x65, 0x16, 0x65, 0x66, 0x56, 0x11,
    0x11, 0x11, 0x11, 0x11, 0x11, 0x11, 0x11, 0x11, 0x11, 0x16, 0x66, 0x56, 0x65, 0x65, 0x66, 0x65,
    0x61, 0x65, 0x61, 0x11, 0x11, 0x11, 0x11, 0x11, 0x11, 0x11, 0x11, 0x11, 0x11, 0x11, 0x16, 0x16,
    0x16, 0x61, 0x65, 0x61, 0x65, 0x61, 0x11, 0x11, 0x11, 0x11, 0x11, 0x11, 0x11, 0x11, 0x11, 0x11,
    0x11, 0x11, 0x11, 0x11, 0x65, 0x66, 0x61, 0x66, 0x51, 0x11, 0x11, 0x11, 0x11, 0x11, 0x11, 0x11,
    0x11, 0x11, 0x11, 0x11, 0x11, 0x11, 0x11, 0x11, 0x11, 0x11, 0x11, 0x11, 0x11, 0x11, 0x11, 0x11,
    0x11, 0x11, 0x11, 0x11, 0x11, 0x11, 0x11, 0x11, 0x11, 0x11, 0x11, 0x11, 0x11, 0x11, 0x11, 0x11,
    0x11, 0x11, 0x11, 0x11, 0x11, 0x11, 0x11, 0x11, 0x11, 0x11, 0x11, 0x11, 0x11, 0x11, 0x11, 0x11,
    0x11, 0x11, 0x11, 0x11, 0x11, 0x11, 0x11, 0x11, 0x11, 0x11, 0x11, 0x11, 0x11, 0x11, 0x11, 0x11,
    0x11, 0x11, 0x11, 0x11, 0x11, 0x11, 0x11, 0x11, 0x11, 0x11, 0x11, 0x11, 0x11, 0x11, 0x11, 0x11,
};

// Auto-generated icon: wxs_01n (40x40)
// Each byte holds 2 pixels (high nibble first)
#define ICON_WXS_01N_W 40
#define ICON_WXS_01N_H 40
static const uint8_t PROGMEM icon_wxs_01n[] = {
    0x11, 0x11, 0x11, 0x11, 0x11, 0x11, 0x11, 0x11, 0x11, 0x11, 0x11, 0x11, 0x11, 0x11, 0x11, 0x11,
    0x11, 0x11, 0x11, 0x11, 0x11, 0x11, 0x11, 0x11, 0x11, 0x11, 0x11, 0x11, 0x11, 0x11, 0x11, 0x11,
    0x11, 0x11, 0x11, 0x11, 0x11, 0x11, 0x11, 0x11, 0x11, 0x11, 0x11, 0x11, 0x11, 0x11, 0x11, 0x11,
    0x11, 0x11, 0x11, 0x11, 0x11, 0x11, 0x11, 0x11, 0x11, 0x11, 0x11, 0x11, 0x11, 0x11, 0x11, 0x11,
    0x11, 0x11, 0x11, 0x11, 0x11, 0x11, 0x11, 0x11, 0x11, 0x11, 0x11, 0x11, 0x11, 0x11, 0x11, 0x11,
    0x11, 0x11, 0x11, 0x11, 0x11, 0x11, 0x11, 0x15, 0x15, 0x15, 0x15, 0x15, 0x11, 0x11, 0x11, 0x11,
    0x11, 0x11, 0x11, 0x11, 0x11, 0x11, 0x11, 0x11, 0x11, 0x11, 0x15, 0x15, 0x51, 0x65, 0x51, 0x51,
    0x11, 0x11, 0x11, 0x11, 0x11, 0x11, 0x11, 0x11, 0x11, 0x11, 0x11, 0x11, 0x11, 0x15, 0x15, 0x16,
    0x15, 0x15, 0x16, 0x11, 0x11, 0x11, 0x11, 0x11, 0x11, 0x11, 0x11, 0x11, 0x11, 0x11, 0x11, 0x11,
    0x11, 0x51, 0x56, 0x15, 0x51, 0x61, 0x51, 0x11, 0x11, 0x11, 0x11, 0x11, 0x11, 0x11, 0x11, 0x11,
    0x11, 0x11, 0x11, 0x11, 0x11, 0x51, 0x51, 0x51, 0x65, 0x15, 0x11, 0x11, 0x11, 0x11, 0x11, 0x11,
    0x11, 0x11, 0x11, 0x11, 0x11, 0x11, 0x11, 0x11, 0x55, 0x16, 0x51, 0x65, 0x15, 0x51, 0x11, 0x11,
    0x11, 0x11, 0x11, 0x11, 0x11, 0x11, 0x11, 0x11, 0x11, 0x11, 0x11, 0x15, 0x16, 0x51, 0x56, 0x15,
    0x16, 0x11, 0x11, 0x11, 0x11, 0x11, 0x11, 0x11, 0x11, 0x11, 0x11, 0x11, 0x11, 0x11, 0x11, 0x11,
    0x51, 0x51, 0x61, 0x51, 0x51, 0x11, 0x11, 0x11, 0x11, 0x11, 0x11, 0x11, 0x11, 0x11, 0x11, 0x11,
    0x11, 0x11, 0x11, 0x55, 0x16, 0x15, 0x15, 0x56, 0x15, 0x11, 0x11, 0x11, 0x11, 0x11, 0x11, 0x11,
    0x11, 0x11, 0x11, 0x11, 0x11, 0x11, 0x11, 0x16, 0x51, 0x56, 0x51, 0x15, 0x51, 0x11, 0x11, 0x11,
    0x11, 0x11, 0x11, 0x11, 0x11, 0x11, 0x11, 0x11, 0x11, 0x11, 0x15, 0x51, 0x55, 0x15, 0x16, 0x51,
    0x65, 0x11, 0x11, 0x11, 0x11, 0x11, 0x11, 0x11, 0x11, 0x11, 0x11, 0x11, 0x11, 0x11, 0x11, 0x51,
    0x61, 0x61, 0x51, 0x61, 0x51, 0x11, 0x11, 0x11, 0x11, 0x11, 0x11, 0x11, 0x11, 0x11, 0x11, 0x11,
    0x11, 0x11, 0x15, 0x16, 0x15, 0x51, 0x65, 0x15, 0x15, 0x11, 0x11, 0x11, 0x11, 0x11, 0x11, 0x11,
    0x11, 0x11, 0x11, 0x11, 0x11, 0x11, 0x51, 0x55, 0x51, 0x65, 0x15, 0x56, 0x15, 0x11, 0x11, 0x11,
    0x11, 0x11, 0x11, 0x11, 0x11, 0x11, 0x11, 0x11, 0x11, 0x11, 0x51, 0x61, 0x61, 0x51, 0x51, 0x15,
    0x51, 0x11, 0x11, 0x11, 0x11, 0x11, 0x11, 0x11, 0x11, 0x11, 0x11, 0x11, 0x11, 0x11, 0x51, 0x51,
    0x55, 0x16, 0x56, 0x51, 0x65, 0x11, 0x11, 0x11, 0x11, 0x11, 0x11, 0x11, 0x11, 0x11, 0x11, 0x11,
    0x11, 0x11, 0x51, 0x65, 0x16, 0x15, 0x11, 0x51, 0x51, 0x51, 0x11, 0x11, 0x11, 0x11, 0x11, 0x11,
    0x11, 0x11, 0x11, 0x11, 0x11, 0x11, 0x51, 0x51, 0x51, 0x55, 0x61, 0x65, 0x16, 0x11, 0x11, 0x11,
    0x11, 0x11, 0x11, 0x11, 0x11, 0x11, 0x11, 0x11, 0x11, 0x11, 0x51, 0x65, 0x16, 0x15, 0x15, 0x15,
    0x51, 0x55, 0x11, 0x11, 0x11, 0x11, 0x11, 0x11, 0x11, 0x11, 0x11, 0x11, 0x11, 0x11, 0x15, 0x15,
    0x61, 0x51, 0x65, 0x16, 0x16, 0x15, 0x11, 0x11, 0x11, 0x11, 0x11, 0x11, 0x11, 0x11, 0x11, 0x11,
    0x11, 0x11, 0x15, 0x15, 0x15, 0x65, 0x15, 0x51, 0x55, 0x16, 0x51, 0x11, 0x11, 0x11, 0x11, 0x11,
    0x11, 0x11, 0x11, 0x11, 0x11, 0x11, 0x15, 0x16, 0x51, 0x51, 0x51, 0x61, 0x51, 0x51, 0x55, 0x11,
    0x11, 0x11, 0x11, 0x11, 0x11, 0x11, 0x11, 0x11, 0x11, 0x11, 0x11, 0x51, 0x51, 0x61, 0x65, 0x15,
    0x61, 0x65, 0x16, 0x51, 0x51, 0x11, 0x11, 0x11, 0x11, 0x51, 0x11, 0x11, 0x11, 0x11, 0x11, 0x51,
    0x65, 0x15, 0x15, 0x61, 0x55, 0x15, 0x15, 0x15, 0x15, 0x15, 0x51, 0x55, 0x15, 0x11, 0x11, 0x11,
    0x11, 0x11, 0x11, 0x15, 0x15, 0x51, 0x61, 0x51, 0x51, 0x61, 0x65, 0x16, 0x51, 0x61, 0x51, 0x51,
    0x61, 0x51, 0x11, 0x11, 0x11, 0x11, 0x11, 0x15, 0x16, 0x15, 0x51, 0x56, 0x15, 0x55, 0x15, 0x61,
    0x55, 0x15, 0x61, 0x65, 0x15, 0x11, 0x11, 0x11, 0x11, 0x11, 0x11, 0x11, 0x51, 0x51, 0x65, 0x15,
    0x51, 0x61, 0x51, 0x51, 0x61, 0x61, 0x55, 0x15, 0x51, 0x11, 0x11, 0x11, 0x11, 0x11, 0x11, 0x11,
    0x15, 0x16, 0x15, 0x16, 0x16, 0x15, 0x16, 0x15, 0x51, 0x55, 0x16, 0x15, 0x11, 0x11, 0x11, 0x11,
    0x11, 0x11, 0x11, 0x11, 0x11, 0x55, 0x16, 0x51, 0x51, 0x56, 0x51, 0x51, 0x65, 0x16, 0x15, 0x51,
    0x11, 0x11, 0x11, 0x11, 0x11, 0x11, 0x11, 0x11, 0x11, 0x15, 0x15, 0x15, 0x65, 0x11, 0x56, 0x15,
    0x15, 0x15, 0x51, 0x11, 0x11, 0x11, 0x11, 0x11, 0x11, 0x11, 0x11, 0x11, 0x11, 0x11, 0x15, 0x15,
    0x15, 0x56, 0x15, 0x56, 0x15, 0x51, 0x11, 0x11, 0x11, 0x11, 0x11, 0x11, 0x11, 0x11, 0x11, 0x11,
    0x11, 0x11, 0x11, 0x15, 0x16, 0x15, 0x15, 0x15, 0x16, 0x11, 0x11, 0x11, 0x11, 0x11, 0x11, 0x11,
    0x11, 0x11, 0x11, 0x11, 0x11, 0x11, 0x11, 0x11, 0x11, 0x11, 0x11, 0x11, 0x11, 0x11, 0x11, 0x11,
    0x11, 0x11, 0x11, 0x11, 0x11, 0x11, 0x11, 0x11, 0x11, 0x11, 0x11, 0x11, 0x11, 0x11, 0x11, 0x11,
    0x11, 0x11, 0x11, 0x11, 0x11, 0x11, 0x11, 0x11, 0x11, 0x11, 0x11, 0x11, 0x11, 0x11, 0x11, 0x11,
    0x11, 0x11, 0x11, 0x11, 0x11, 0x11, 0x11, 0x11, 0x11, 0x11, 0x11, 0x11, 0x11, 0x11, 0x11, 0x11,
    0x11, 0x11, 0x11, 0x11, 0x11, 0x11, 0x11, 0x11, 0x11, 0x11, 0x11, 0x11, 0x11, 0x11, 0x11, 0x11,
};

// Auto-generated icon: wxs_022d (40x40)
// Each byte holds 2 pixels (high nibble first)
#define ICON_WXS_022D_W 40
#define ICON_WXS_022D_H 40
static const uint8_t PROGMEM icon_wxs_022d[] = {
    0x11, 0x11, 0x11, 0x11, 0x11, 0x11, 0x11, 0x11, 0x11, 0x11, 0x11, 0x11, 0x11, 0x11, 0x11, 0x11,
    0x11, 0x11, 0x11, 0x11, 0x11, 0x11, 0x11, 0x11, 0x11, 0x11, 0x11, 0x11, 0x11, 0x11, 0x11, 0x11,
    0x11, 0x11, 0x11, 0x11, 0x11, 0x11, 0x11, 0x11, 0x11, 0x11, 0x11, 0x11, 0x13, 0x11, 0x31, 0x11,
    0x11, 0x11, 0x11, 0x11, 0x11, 0x11, 0x11, 0x11, 0x11, 0x11, 0x11, 0x11, 0x11, 0x11, 0x11, 0x11,
    0x11, 0x11, 0x11, 0x11, 0x11, 0x11, 0x11, 0x11, 0x11, 0x11, 0x11, 0x11, 0x11, 0x11, 0x11, 0x11,
    0x11, 0x11, 0x11, 0x31, 0x31, 0x21, 0x31, 0x11, 0x15, 0x65, 0x65, 0x65, 0x11, 0x11, 0x11, 0x11,
    0x11, 0x11, 0x11, 0x11, 0x11, 0x11, 0x11, 0x11, 0x11, 0x11, 0x11, 0x31, 0x65, 0x65, 0x56, 0x55,
    0x65, 0x51, 0x11, 0x11, 0x11, 0x11, 0x11, 0x11, 0x11, 0x31, 0x31, 0x31, 0x21, 0x31, 0x12, 0x11,
    0x11, 0x65, 0x65, 0x65, 0x65, 0x65, 0x51, 0x11, 0x11, 0x11, 0x11, 0x11, 0x11, 0x12, 0x11, 0x11,
    0x11, 0x11, 0x31, 0x13, 0x11, 0x16, 0x56, 0x56, 0x56, 0x56, 0x56, 0x11, 0x11, 0x11, 0x11, 0x11,
    0x31, 0x31, 0x13, 0x12, 0x13, 0x11, 0x11, 0x11, 0x12, 0x12, 0x56, 0x56, 0x55, 0x65, 0x65, 0x51,
    0x11, 0x11, 0x11, 0x11, 0x11, 0x13, 0x11, 0x13, 0x11, 0x12, 0x13, 0x12, 0x11, 0x11, 0x65, 0x65,
    0x65, 0x65, 0x56, 0x55, 0x11, 0x11, 0x11, 0x11, 0x31, 0x21, 0x12, 0x11, 0x13, 0x11, 0x11, 0x11,
    0x31, 0x31, 0x65, 0x61, 0x65, 0x65, 0x65, 0x65, 0x61, 0x11, 0x11, 0x11, 0x11, 0x13, 0x13, 0x13,
    0x11, 0x21, 0x31, 0x31, 0x11, 0x12, 0x56, 0x56, 0x56, 0x56, 0x55, 0x65, 0x56, 0x11, 0x11, 0x11,
    0x11, 0x11, 0x11, 0x11, 0x21, 0x11, 0x11, 0x11, 0x13, 0x15, 0x65, 0x65, 0x65, 0x56, 0x56, 0x56,
    0x55, 0x11, 0x11, 0x11, 0x11, 0x13, 0x12, 0x13, 0x13, 0x12, 0x12, 0x12, 0x15, 0x65, 0x65, 0x65,
    0x65, 0x61, 0x65, 0x65, 0x65, 0x61, 0x11, 0x11, 0x11, 0x11, 0x16, 0x55, 0x55, 0x65, 0x61, 0x66,
    0x52, 0x56, 0x56, 0x16, 0x56, 0x56, 0x55, 0x65, 0x56, 0x51, 0x11, 0x11, 0x11, 0x11, 0x16, 0x16,
    0x66, 0x56, 0x66, 0x56, 0x16, 0x65, 0x65, 0x65, 0x65, 0x65, 0x65, 0x65, 0x65, 0x56, 0x11, 0x11,
    0x11, 0x11, 0x16, 0x66, 0x16, 0x61, 0x65, 0x65, 0x65, 0x61, 0x65, 0x65, 0x61, 0x65, 0x65, 0x56,
    0x56, 0x55, 0x11, 0x11, 0x11, 0x11, 0x65, 0x65, 0x65, 0x66, 0x51, 0x66, 0x56, 0x56, 0x56, 0x56,
    0x56, 0x56, 0x56, 0x56, 0x55, 0x65, 0x11, 0x11, 0x11, 0x11, 0x61, 0x66, 0x16, 0x61, 0x66, 0x61,
    0x66, 0x16, 0x65, 0x61, 0x65, 0x65, 0x65, 0x65, 0x65, 0x65, 0x11, 0x11, 0x11, 0x11, 0x66, 0x56,
    0x66, 0x56, 0x65, 0x66, 0x56, 0x65, 0x61, 0x65, 0x65, 0x65, 0x61, 0x56, 0x56, 0x56, 0x11, 0x11,
    0x11, 0x11, 0x61, 0x61, 0x61, 0x66, 0x16, 0x56, 0x16, 0x56, 0x56, 0x56, 0x56, 0x56, 0x56, 0x56,
    0x55, 0x65, 0x11, 0x11, 0x11, 0x11, 0x65, 0x66, 0x66, 0x56, 0x65, 0x66, 0x56, 0x56, 0x56, 0x65,
    0x65, 0x61, 0x65, 0x65, 0x61, 0x65, 0x11, 0x11, 0x11, 0x11, 0x66, 0x16, 0x56, 0x16, 0x56, 0x16,
    0x65, 0x61, 0x65, 0x61, 0x65, 0x65, 0x65, 0x65, 0x65, 0x56, 0x11, 0x11, 0x11, 0x11, 0x16, 0x66,
    0x16, 0x66, 0x16, 0x65, 0x61, 0x66, 0x61, 0x65, 0x66, 0x56, 0x51, 0x61, 0x56, 0x56, 0x11, 0x11,
    0x11, 0x11, 0x15, 0x65, 0x66, 0x56, 0x66, 0x56, 0x16, 0x65, 0x65, 0x66, 0x56, 0x51, 0x11, 0x11,
    0x11, 0x65, 0x11, 0x11, 0x11, 0x11, 0x16, 0x16, 0x61, 0x61, 0x65, 0x61, 0x66, 0x56, 0x56, 0x56,
    0x16, 0x13, 0x13, 0x13, 0x11, 0x11, 0x11, 0x11, 0x11, 0x11, 0x11, 0x66, 0x66, 0x66, 0x61, 0x66,
    0x65, 0x61, 0x66, 0x16, 0x56, 0x11, 0x11, 0x11, 0x13, 0x11, 0x11, 0x11, 0x11, 0x11, 0x11, 0x61,
    0x61, 0x65, 0x66, 0x65, 0x61, 0x66, 0x56, 0x56, 0x11, 0x21, 0x31, 0x21, 0x11, 0x11, 0x11, 0x11,
    0x11, 0x11, 0x11, 0x16, 0x56, 0x61, 0x65, 0x16, 0x66, 0x56, 0x61, 0x13, 0x13, 0x11, 0x11, 0x11,
    0x31, 0x21, 0x11, 0x11, 0x11, 0x11, 0x11, 0x16, 0x61, 0x66, 0x66, 0x66, 0x16, 0x61, 0x61, 0x31,
    0x11, 0x13, 0x12, 0x11, 0x11, 0x11, 0x11, 0x11, 0x11, 0x11, 0x11, 0x11, 0x66, 0x56, 0x16, 0x16,
    0x65, 0x65, 0x21, 0x12, 0x13, 0x11, 0x11, 0x31, 0x13, 0x13, 0x11, 0x11, 0x11, 0x11, 0x11, 0x11,
    0x16, 0x16, 0x66, 0x65, 0x65, 0x66, 0x13, 0x11, 0x11, 0x21, 0x31, 0x11, 0x21, 0x11, 0x13, 0x11,
    0x11, 0x11, 0x11, 0x11, 0x11, 0x65, 0x61, 0x66, 0x16, 0x16, 0x11, 0x31, 0x31, 0x11, 0x11, 0x31,
    0x11, 0x31, 0x11, 0x11, 0x11, 0x11, 0x11, 0x11, 0x11, 0x16, 0x65, 0x65, 0x66, 0x66, 0x21, 0x12,
    0x11, 0x31, 0x31, 0x11, 0x31, 0x12, 0x11, 0x31, 0x11, 0x11, 0x11, 0x11, 0x11, 0x11, 0x16, 0x16,
    0x61, 0x65, 0x13, 0x11, 0x31, 0x12, 0x11, 0x21, 0x11, 0x11, 0x31, 0x11, 0x11, 0x11, 0x11, 0x11,
    0x11, 0x11, 0x11, 0x11, 0x65, 0x66, 0x56, 0x11, 0x11, 0x31, 0x13, 0x11, 0x31, 0x31, 0x11, 0x11,
    0x11, 0x11, 0x11, 0x11, 0x11, 0x11, 0x11, 0x11, 0x11, 0x11, 0x11, 0x13, 0x12, 0x11, 0x31, 0x11,
    0x11, 0x11, 0x21, 0x11, 0x11, 0x11, 0x11, 0x11, 0x11, 0x11, 0x11, 0x11, 0x11, 0x11, 0x11, 0x11,
    0x11, 0x11, 0x11, 0x11, 0x11, 0x11, 0x11, 0x11, 0x11, 0x11, 0x11, 0x11, 0x11, 0x11, 0x11, 0x11,
    0x11, 0x11, 0x11, 0x11, 0x11, 0x11, 0x11, 0x11, 0x11, 0x11, 0x11, 0x11, 0x11, 0x11, 0x11, 0x11,
    0x11, 0x11, 0x11, 0x11, 0x11, 0x11, 0x11, 0x11, 0x11, 0x11, 0x11, 0x11, 0x11, 0x11, 0x11, 0x11,
};

// Auto-generated icon: wxs_022n (40x40)
// Each byte holds 2 pixels (high nibble first)
#define ICON_WXS_022N_W 40
#define ICON_WXS_022N_H 40
static const uint8_t PROGMEM icon_wxs_022n[] = {
    0x11, 0x11, 0x11, 0x11, 0x11, 0x11, 0x11, 0x11, 0x11, 0x11, 0x11, 0x11, 0x11, 0x11, 0x11, 0x11,
    0x11, 0x11, 0x11, 0x11, 0x11, 0x11, 0x11, 0x11, 0x11, 0x11, 0x11, 0x11, 0x11, 0x11, 0x11, 0x11,
    0x11, 0x11, 0x11, 0x11, 0x11, 0x11, 0x11, 0x11, 0x11, 0x11, 0x11, 0x11, 0x13, 0x11, 0x31, 0x11,
    0x11, 0x11, 0x11, 0x11, 0x11, 0x11, 0x11, 0x11, 0x11, 0x11, 0x11, 0x11, 0x11, 0x11, 0x11, 0x11,
    0x11, 0x11, 0x11, 0x11, 0x11, 0x11, 0x11, 0x11, 0x11, 0x11, 0x11, 0x11, 0x11, 0x11, 0x11, 0x11,
    0x11, 0x11, 0x11, 0x31, 0x31, 0x21, 0x31, 0x11, 0x15, 0x15, 0x51, 0x51, 0x51, 0x11, 0x11, 0x11,
    0x11, 0x11, 0x11, 0x11, 0x11, 0x11, 0x11, 0x11, 0x11, 0x11, 0x11, 0x31, 0x51, 0x51, 0x61, 0x56,
    0x11, 0x11, 0x11, 0x11, 0x11, 0x11, 0x11, 0x11, 0x11, 0x31, 0x31, 0x31, 0x21, 0x31, 0x12, 0x11,
    0x11, 0x65, 0x15, 0x11, 0x11, 0x11, 0x11, 0x11, 0x11, 0x11, 0x11, 0x11, 0x11, 0x12, 0x11, 0x11,
    0x11, 0x11, 0x31, 0x13, 0x11, 0x15, 0x11, 0x11, 0x11, 0x11, 0x11, 0x11, 0x11, 0x11, 0x11, 0x11,
    0x31, 0x31, 0x13, 0x12, 0x13, 0x11, 0x11, 0x11, 0x13, 0x11, 0x11, 0x11, 0x11, 0x11, 0x11, 0x11,
    0x11, 0x11, 0x11, 0x11, 0x11, 0x13, 0x11, 0x13, 0x11, 0x12, 0x13, 0x12, 0x11, 0x12, 0x11, 0x11,
    0x11, 0x11, 0x11, 0x11, 0x11, 0x11, 0x11, 0x11, 0x31, 0x21, 0x12, 0x11, 0x13, 0x11, 0x11, 0x11,
    0x13, 0x11, 0x11, 0x11, 0x11, 0x11, 0x11, 0x11, 0x11, 0x11, 0x11, 0x11, 0x11, 0x13, 0x11, 0x31,
    0x11, 0x21, 0x31, 0x31, 0x11, 0x11, 0x11, 0x11, 0x11, 0x11, 0x11, 0x11, 0x11, 0x11, 0x11, 0x11,
    0x11, 0x11, 0x31, 0x12, 0x13, 0x11, 0x11, 0x11, 0x31, 0x11, 0x11, 0x11, 0x11, 0x11, 0x11, 0x11,
    0x11, 0x11, 0x11, 0x11, 0x11, 0x11, 0x12, 0x11, 0x11, 0x21, 0x21, 0x21, 0x12, 0x11, 0x11, 0x11,
    0x11, 0x11, 0x11, 0x11, 0x11, 0x11, 0x11, 0x11, 0x11, 0x11, 0x11, 0x52, 0x15, 0x15, 0x11, 0x51,
    0x51, 0x11, 0x11, 0x11, 0x11, 0x11, 0x11, 0x11, 0x11, 0x11, 0x11, 0x11, 0x11, 0x11, 0x15, 0x15,
    0x15, 0x61, 0x56, 0x15, 0x55, 0x11, 0x11, 0x11, 0x11, 0x11, 0x11, 0x11, 0x11, 0x11, 0x11, 0x11,
    0x11, 0x11, 0x11, 0x51, 0x61, 0x51, 0x51, 0x51, 0x61, 0x11, 0x11, 0x11, 0x11, 0x11, 0x11, 0x11,
    0x11, 0x11, 0x11, 0x11, 0x11, 0x11, 0x15, 0x61, 0x55, 0x16, 0x51, 0x25, 0x15, 0x11, 0x11, 0x11,
    0x11, 0x11, 0x11, 0x11, 0x11, 0x11, 0x11, 0x11, 0x11, 0x11, 0x11, 0x55, 0x16, 0x51, 0x55, 0x15,
    0x51, 0x11, 0x11, 0x11, 0x11, 0x11, 0x11, 0x11, 0x11, 0x11, 0x11, 0x11, 0x11, 0x11, 0x15, 0x16,
    0x15, 0x15, 0x16, 0x16, 0x15, 0x11, 0x11, 0x11, 0x11, 0x11, 0x11, 0x11, 0x11, 0x11, 0x11, 0x11,
    0x11, 0x11, 0x15, 0x15, 0x51, 0x65, 0x15, 0x51, 0x51, 0x51, 0x11, 0x11, 0x11, 0x11, 0x11, 0x11,
    0x11, 0x11, 0x11, 0x11, 0x11, 0x11, 0x11, 0x51, 0x65, 0x15, 0x61, 0x61, 0x65, 0x11, 0x11, 0x11,
    0x11, 0x11, 0x11, 0x11, 0x11, 0x11, 0x11, 0x11, 0x11, 0x11, 0x15, 0x61, 0x51, 0x61, 0x51, 0x55,
    0x15, 0x51, 0x11, 0x11, 0x11, 0x11, 0x11, 0x11, 0x11, 0x11, 0x11, 0x11, 0x11, 0x11, 0x11, 0x55,
    0x15, 0x15, 0x16, 0x15, 0x61, 0x65, 0x11, 0x11, 0x11, 0x11, 0x11, 0x11, 0x11, 0x11, 0x11, 0x11,
    0x11, 0x11, 0x15, 0x16, 0x16, 0x51, 0x55, 0x51, 0x51, 0x51, 0x55, 0x11, 0x11, 0x11, 0x11, 0x11,
    0x11, 0x11, 0x11, 0x11, 0x11, 0x11, 0x11, 0x51, 0x51, 0x56, 0x16, 0x16, 0x15, 0x16, 0x15, 0x11,
    0x11, 0x11, 0x13, 0x11, 0x31, 0x11, 0x11, 0x11, 0x11, 0x11, 0x11, 0x51, 0x65, 0x15, 0x15, 0x15,
    0x51, 0x65, 0x16, 0x51, 0x51, 0x13, 0x11, 0x11, 0x11, 0x11, 0x11, 0x11, 0x11, 0x11, 0x11, 0x51,
    0x51, 0x65, 0x16, 0x51, 0x65, 0x15, 0x51, 0x51, 0x61, 0x11, 0x12, 0x13, 0x12, 0x11, 0x11, 0x11,
    0x11, 0x11, 0x11, 0x15, 0x15, 0x15, 0x51, 0x51, 0x51, 0x51, 0x61, 0x13, 0x13, 0x12, 0x11, 0x11,
    0x11, 0x31, 0x11, 0x11, 0x11, 0x11, 0x11, 0x11, 0x56, 0x16, 0x15, 0x61, 0x65, 0x16, 0x12, 0x11,
    0x11, 0x11, 0x31, 0x31, 0x11, 0x11, 0x11, 0x11, 0x11, 0x11, 0x11, 0x11, 0x15, 0x51, 0x51, 0x55,
    0x15, 0x61, 0x51, 0x31, 0x21, 0x31, 0x11, 0x11, 0x31, 0x13, 0x11, 0x11, 0x11, 0x11, 0x11, 0x11,
    0x11, 0x55, 0x16, 0x15, 0x16, 0x15, 0x31, 0x11, 0x31, 0x11, 0x21, 0x31, 0x12, 0x11, 0x13, 0x11,
    0x11, 0x11, 0x11, 0x11, 0x11, 0x11, 0x55, 0x16, 0x51, 0x55, 0x13, 0x11, 0x12, 0x13, 0x11, 0x12,
    0x11, 0x13, 0x11, 0x11, 0x11, 0x11, 0x11, 0x11, 0x11, 0x11, 0x51, 0x61, 0x55, 0x15, 0x11, 0x21,
    0x31, 0x11, 0x13, 0x11, 0x13, 0x11, 0x12, 0x11, 0x11, 0x11, 0x11, 0x11, 0x11, 0x11, 0x11, 0x51,
    0x51, 0x61, 0x21, 0x31, 0x13, 0x13, 0x11, 0x13, 0x11, 0x12, 0x11, 0x11, 0x11, 0x11, 0x11, 0x11,
    0x11, 0x11, 0x11, 0x11, 0x15, 0x15, 0x15, 0x11, 0x11, 0x11, 0x12, 0x11, 0x12, 0x11, 0x13, 0x11,
    0x11, 0x11, 0x11, 0x11, 0x11, 0x11, 0x11, 0x11, 0x11, 0x11, 0x11, 0x13, 0x12, 0x13, 0x11, 0x31,
    0x11, 0x31, 0x11, 0x11, 0x11, 0x11, 0x11, 0x11, 0x11, 0x11, 0x11, 0x11, 0x11, 0x11, 0x11, 0x11,
    0x11, 0x11, 0x11, 0x11, 0x11, 0x11, 0x11, 0x11, 0x11, 0x11, 0x11, 0x11, 0x11, 0x11, 0x11, 0x11,
    0x11, 0x11, 0x11, 0x11, 0x11, 0x11, 0x11, 0x11, 0x11, 0x11, 0x11, 0x11, 0x11, 0x11, 0x11, 0x11,
    0x11, 0x11, 0x11, 0x11, 0x11, 0x11, 0x11, 0x11, 0x11, 0x11, 0x11, 0x11, 0x11, 0x11, 0x11, 0x11,
};

// Auto-generated icon: wxs_02d (40x40)
// Each byte holds 2 pixels (high nibble first)
#define ICON_WXS_02D_W 40
#define ICON_WXS_02D_H 40
static const uint8_t PROGMEM icon_wxs_02d[] = {
    0x11, 0x11, 0x11, 0x11, 0x11, 0x11, 0x11, 0x11, 0x11, 0x11, 0x11, 0x11, 0x11, 0x11, 0x11, 0x11,
    0x11, 0x11, 0x11, 0x11, 0x11, 0x11, 0x11, 0x11, 0x11, 0x11, 0x11, 0x11, 0x11, 0x11, 0x11, 0x11,
    0x11, 0x11, 0x11, 0x11, 0x11, 0x11, 0x11, 0x11, 0x11, 0x11, 0x11, 0x11, 0x11, 0x11, 0x11, 0x11,
    0x11, 0x11, 0x11, 0x11, 0x11, 0x11, 0x11, 0x11, 0x11, 0x11, 0x11, 0x11, 0x11, 0x11, 0x11, 0x11,
    0x11, 0x11, 0x11, 0x11, 0x11, 0x11, 0x11, 0x11, 0x11, 0x11, 0x11, 0x11, 0x11, 0x11, 0x11, 0x11,
    0x11, 0x11, 0x11, 0x11, 0x11, 0x11, 0x11, 0x11, 0x11, 0x11, 0x11, 0x11, 0x11, 0x16, 0x56, 0x56,
    0x51, 0x11, 0x11, 0x11, 0x11, 0x11, 0x11, 0x11, 0x11, 0x11, 0x11, 0x11, 0x11, 0x11, 0x11, 0x11,
    0x16, 0x56, 0x56, 0x56, 0x56, 0x51, 0x11, 0x11, 0x11, 0x11, 0x11, 0x11, 0x11, 0x11, 0x11, 0x11,
    0x11, 0x11, 0x11, 0x16, 0x56, 0x56, 0x56, 0x56, 0x56, 0x55, 0x61, 0x11, 0x11, 0x11, 0x11, 0x11,
    0x11, 0x11, 0x11, 0x11, 0x11, 0x11, 0x11, 0x16, 0x16, 0x61, 0x65, 0x61, 0x65, 0x65, 0x56, 0x11,
    0x11, 0x11, 0x11, 0x11, 0x11, 0x11, 0x11, 0x11, 0x11, 0x11, 0x11, 0x11, 0x11, 0x66, 0x56, 0x65,
    0x65, 0x65, 0x65, 0x11, 0x11, 0x11, 0x11, 0x11, 0x11, 0x11, 0x11, 0x11, 0x11, 0x31, 0x13, 0x11,
    0x31, 0x11, 0x65, 0x65, 0x65, 0x65, 0x65, 0x51, 0x11, 0x11, 0x11, 0x11, 0x11, 0x11, 0x11, 0x11,
    0x31, 0x11, 0x11, 0x11, 0x11, 0x21, 0x16, 0x16, 0x56, 0x56, 0x56, 0x51, 0x11, 0x11, 0x11, 0x11,
    0x11, 0x11, 0x11, 0x11, 0x11, 0x21, 0x31, 0x21, 0x31, 0x11, 0x11, 0x25, 0x65, 0x65, 0x56, 0x56,
    0x11, 0x11, 0x11, 0x11, 0x11, 0x11, 0x11, 0x31, 0x31, 0x11, 0x11, 0x11, 0x11, 0x31, 0x31, 0x16,
    0x56, 0x16, 0x56, 0x55, 0x11, 0x11, 0x11, 0x11, 0x11, 0x11, 0x13, 0x11, 0x11, 0x31, 0x13, 0x11,
    0x31, 0x11, 0x11, 0x12, 0x65, 0x65, 0x65, 0x65, 0x11, 0x11, 0x11, 0x11, 0x11, 0x11, 0x11, 0x21,
    0x12, 0x11, 0x11, 0x11, 0x11, 0x21, 0x12, 0x11, 0x65, 0x65, 0x65, 0x56, 0x11, 0x11, 0x11, 0x11,
    0x11, 0x31, 0x31, 0x13, 0x11, 0x13, 0x12, 0x13, 0x11, 0x11, 0x31, 0x11, 0x65, 0x65, 0x56, 0x56,
    0x11, 0x11, 0x11, 0x11, 0x31, 0x11, 0x11, 0x11, 0x13, 0x11, 0x11, 0x11, 0x13, 0x11, 0x11, 0x31,
    0x25, 0x65, 0x65, 0x65, 0x11, 0x11, 0x13, 0x13, 0x11, 0x21, 0x31, 0x21, 0x11, 0x12, 0x13, 0x11,
    0x21, 0x11, 0x31, 0x11, 0x16, 0x56, 0x16, 0x51, 0x11, 0x11, 0x11, 0x11, 0x21, 0x11, 0x11, 0x13,
    0x12, 0x11, 0x11, 0x11, 0x11, 0x31, 0x11, 0x21, 0x21, 0x65, 0x65, 0x61, 0x11, 0x13, 0x13, 0x11,
    0x31, 0x31, 0x21, 0x11, 0x11, 0x31, 0x13, 0x13, 0x11, 0x11, 0x21, 0x11, 0x11, 0x16, 0x56, 0x11,
    0x11, 0x12, 0x11, 0x21, 0x11, 0x11, 0x13, 0x13, 0x11, 0x11, 0x11, 0x11, 0x12, 0x11, 0x11, 0x31,
    0x13, 0x11, 0x11, 0x11, 0x13, 0x11, 0x31, 0x13, 0x12, 0x13, 0x11, 0x11, 0x21, 0x31, 0x21, 0x21,
    0x11, 0x31, 0x31, 0x11, 0x11, 0x13, 0x11, 0x11, 0x11, 0x31, 0x13, 0x11, 0x11, 0x11, 0x21, 0x31,
    0x11, 0x11, 0x13, 0x11, 0x31, 0x11, 0x11, 0x21, 0x31, 0x11, 0x11, 0x11, 0x13, 0x12, 0x11, 0x21,
    0x31, 0x31, 0x11, 0x11, 0x31, 0x21, 0x11, 0x11, 0x11, 0x31, 0x21, 0x11, 0x11, 0x21, 0x13, 0x11,
    0x11, 0x13, 0x11, 0x31, 0x11, 0x13, 0x13, 0x12, 0x11, 0x13, 0x13, 0x13, 0x11, 0x11, 0x11, 0x31,
    0x11, 0x13, 0x11, 0x11, 0x31, 0x21, 0x13, 0x11, 0x31, 0x21, 0x11, 0x11, 0x31, 0x11, 0x11, 0x11,
    0x21, 0x13, 0x11, 0x11, 0x31, 0x11, 0x12, 0x11, 0x11, 0x31, 0x11, 0x21, 0x11, 0x13, 0x12, 0x11,
    0x11, 0x31, 0x21, 0x21, 0x13, 0x11, 0x12, 0x11, 0x11, 0x21, 0x11, 0x11, 0x31, 0x12, 0x13, 0x13,
    0x13, 0x11, 0x13, 0x13, 0x12, 0x11, 0x13, 0x11, 0x11, 0x12, 0x11, 0x31, 0x21, 0x13, 0x11, 0x31,
    0x12, 0x13, 0x11, 0x11, 0x12, 0x13, 0x11, 0x11, 0x11, 0x31, 0x11, 0x13, 0x12, 0x11, 0x31, 0x11,
    0x11, 0x11, 0x11, 0x11, 0x11, 0x11, 0x31, 0x21, 0x31, 0x11, 0x21, 0x31, 0x31, 0x11, 0x31, 0x11,
    0x11, 0x31, 0x11, 0x31, 0x31, 0x13, 0x11, 0x31, 0x11, 0x31, 0x11, 0x31, 0x13, 0x11, 0x31, 0x11,
    0x12, 0x11, 0x12, 0x13, 0x11, 0x11, 0x31, 0x11, 0x11, 0x21, 0x11, 0x11, 0x11, 0x12, 0x13, 0x11,
    0x21, 0x13, 0x11, 0x21, 0x31, 0x31, 0x13, 0x11, 0x21, 0x31, 0x12, 0x11, 0x21, 0x11, 0x31, 0x11,
    0x11, 0x11, 0x11, 0x31, 0x13, 0x11, 0x21, 0x31, 0x11, 0x12, 0x11, 0x13, 0x11, 0x12, 0x11, 0x31,
    0x13, 0x11, 0x11, 0x11, 0x11, 0x11, 0x11, 0x13, 0x11, 0x21, 0x11, 0x11, 0x31, 0x11, 0x31, 0x11,
    0x13, 0x11, 0x11, 0x11, 0x11, 0x11, 0x11, 0x11, 0x11, 0x11, 0x11, 0x11, 0x11, 0x11, 0x11, 0x11,
    0x11, 0x11, 0x11, 0x11, 0x11, 0x11, 0x11, 0x11, 0x11, 0x11, 0x11, 0x11, 0x11, 0x11, 0x11, 0x11,
    0x11, 0x11, 0x11, 0x11, 0x11, 0x11, 0x11, 0x11, 0x11, 0x11, 0x11, 0x11, 0x11, 0x11, 0x11, 0x11,
    0x11, 0x11, 0x11, 0x11, 0x11, 0x11, 0x11, 0x11, 0x11, 0x11, 0x11, 0x11, 0x11, 0x11, 0x11, 0x11,
    0x11, 0x11, 0x11, 0x11, 0x11, 0x11, 0x11, 0x11, 0x11, 0x11, 0x11, 0x11, 0x11, 0x11, 0x11, 0x11,
    0x11, 0x11, 0x11, 0x11, 0x11, 0x11, 0x11, 0x11, 0x11, 0x11, 0x11, 0x11, 0x11, 0x11, 0x11, 0x11,
    0x11, 0x11, 0x11, 0x11, 0x11, 0x11, 0x11, 0x11, 0x11, 0x11, 0x11, 0x11, 0x11, 0x11, 0x11, 0x11,
    0x11, 0x11, 0x11, 0x11, 0x11, 0x11, 0x11, 0x11, 0x11, 0x11, 0x11, 0x11, 0x11, 0x11, 0x11, 0x11,
};

// Auto-generated icon: wxs_02n (40x40)
// Each byte holds 2 pixels (high nibble first)
#define ICON_WXS_02N_W 40
#define ICON_WXS_02N_H 40
static const uint8_t PROGMEM icon_wxs_02n[] = {
    0x11, 0x11, 0x11, 0x11, 0x11, 0x11, 0x11, 0x11, 0x11, 0x11, 0x11, 0x11, 0x11, 0x11, 0x15, 0x15,
    0x51, 0x11, 0x11, 0x11, 0x11, 0x11, 0x11, 0x11, 0x11, 0x11, 0x11, 0x11, 0x11, 0x11, 0x11, 0x11,
    0x11, 0x15, 0x15, 0x51, 0x61, 0x11, 0x11, 0x11, 0x11, 0x11, 0x11, 0x11, 0x11, 0x11, 0x11, 0x11,
    0x11, 0x11, 0x11, 0x11, 0x11, 0x51, 0x51, 0x61, 0x11, 0x11, 0x11, 0x11, 0x11, 0x11, 0x11, 0x11,
    0x11, 0x11, 0x11, 0x11, 0x11, 0x11, 0x11, 0x11, 0x15, 0x16, 0x15, 0x11, 0x11, 0x11, 0x11, 0x11,
    0x11, 0x11, 0x11, 0x11, 0x11, 0x11, 0x11, 0x11, 0x11, 0x11, 0x11, 0x11, 0x51, 0x55, 0x15, 0x61,
    0x11, 0x11, 0x11, 0x11, 0x11, 0x11, 0x11, 0x11, 0x11, 0x11, 0x11, 0x11, 0x11, 0x11, 0x11, 0x11,
    0x15, 0x16, 0x51, 0x11, 0x11, 0x11, 0x11, 0x11, 0x11, 0x11, 0x11, 0x11, 0x11, 0x11, 0x11, 0x11,
    0x11, 0x11, 0x11, 0x11, 0x56, 0x15, 0x15, 0x11, 0x11, 0x11, 0x11, 0x11, 0x11, 0x11, 0x11, 0x11,
    0x11, 0x11, 0x11, 0x11, 0x11, 0x11, 0x11, 0x11, 0x11, 0x61, 0x51, 0x11, 0x11, 0x11, 0x11, 0x11,
    0x11, 0x11, 0x11, 0x11, 0x11, 0x11, 0x11, 0x11, 0x11, 0x13, 0x11, 0x31, 0x11, 0x12, 0x15, 0x51,
    0x11, 0x11, 0x11, 0x11, 0x11, 0x11, 0x11, 0x11, 0x11, 0x11, 0x11, 0x11, 0x13, 0x11, 0x11, 0x11,
    0x31, 0x11, 0x16, 0x11, 0x11, 0x11, 0x11, 0x11, 0x11, 0x11, 0x11, 0x11, 0x11, 0x11, 0x11, 0x11,
    0x11, 0x12, 0x13, 0x11, 0x12, 0x11, 0x11, 0x55, 0x11, 0x11, 0x11, 0x11, 0x11, 0x11, 0x11, 0x11,
    0x11, 0x11, 0x11, 0x13, 0x13, 0x11, 0x11, 0x12, 0x11, 0x13, 0x11, 0x35, 0x11, 0x11, 0x11, 0x11,
    0x11, 0x11, 0x11, 0x11, 0x11, 0x11, 0x13, 0x11, 0x11, 0x13, 0x11, 0x11, 0x13, 0x11, 0x11, 0x11,
    0x55, 0x15, 0x11, 0x51, 0x11, 0x11, 0x11, 0x11, 0x11, 0x11, 0x11, 0x12, 0x13, 0x11, 0x21, 0x31,
    0x11, 0x11, 0x31, 0x12, 0x15, 0x15, 0x15, 0x11, 0x11, 0x11, 0x11, 0x11, 0x11, 0x11, 0x13, 0x11,
    0x11, 0x21, 0x11, 0x11, 0x31, 0x21, 0x11, 0x11, 0x61, 0x65, 0x15, 0x11, 0x11, 0x11, 0x11, 0x11,
    0x11, 0x13, 0x11, 0x13, 0x11, 0x11, 0x31, 0x11, 0x11, 0x11, 0x13, 0x11, 0x15, 0x15, 0x51, 0x11,
    0x11, 0x11, 0x11, 0x31, 0x31, 0x31, 0x21, 0x11, 0x21, 0x31, 0x11, 0x31, 0x21, 0x13, 0x11, 0x13,
    0x15, 0x51, 0x11, 0x11, 0x11, 0x11, 0x31, 0x11, 0x21, 0x11, 0x13, 0x11, 0x11, 0x11, 0x21, 0x11,
    0x13, 0x11, 0x12, 0x11, 0x21, 0x11, 0x11, 0x11, 0x11, 0x11, 0x12, 0x13, 0x11, 0x31, 0x11, 0x13,
    0x13, 0x11, 0x13, 0x11, 0x11, 0x12, 0x11, 0x11, 0x11, 0x11, 0x11, 0x11, 0x11, 0x31, 0x31, 0x11,
    0x31, 0x12, 0x13, 0x11, 0x11, 0x21, 0x11, 0x13, 0x12, 0x11, 0x13, 0x11, 0x31, 0x11, 0x11, 0x11,
    0x11, 0x11, 0x13, 0x11, 0x12, 0x11, 0x11, 0x21, 0x21, 0x13, 0x11, 0x21, 0x11, 0x13, 0x11, 0x11,
    0x11, 0x31, 0x11, 0x11, 0x11, 0x31, 0x21, 0x13, 0x11, 0x31, 0x31, 0x11, 0x13, 0x11, 0x13, 0x11,
    0x31, 0x11, 0x12, 0x13, 0x11, 0x11, 0x31, 0x11, 0x11, 0x21, 0x13, 0x11, 0x21, 0x11, 0x11, 0x31,
    0x11, 0x13, 0x11, 0x11, 0x11, 0x31, 0x11, 0x11, 0x12, 0x11, 0x11, 0x11, 0x11, 0x31, 0x11, 0x21,
    0x13, 0x12, 0x13, 0x12, 0x13, 0x11, 0x21, 0x31, 0x21, 0x11, 0x31, 0x13, 0x11, 0x13, 0x12, 0x11,
    0x11, 0x13, 0x13, 0x13, 0x11, 0x13, 0x11, 0x11, 0x11, 0x21, 0x11, 0x11, 0x11, 0x31, 0x12, 0x11,
    0x13, 0x11, 0x11, 0x11, 0x13, 0x11, 0x21, 0x11, 0x21, 0x11, 0x13, 0x13, 0x11, 0x13, 0x13, 0x13,
    0x11, 0x12, 0x11, 0x13, 0x11, 0x12, 0x11, 0x31, 0x11, 0x21, 0x13, 0x11, 0x31, 0x31, 0x21, 0x11,
    0x21, 0x31, 0x11, 0x11, 0x21, 0x11, 0x13, 0x11, 0x12, 0x11, 0x11, 0x11, 0x11, 0x31, 0x11, 0x31,
    0x11, 0x11, 0x13, 0x11, 0x31, 0x11, 0x21, 0x21, 0x13, 0x13, 0x11, 0x12, 0x11, 0x13, 0x11, 0x31,
    0x11, 0x13, 0x12, 0x11, 0x31, 0x23, 0x11, 0x21, 0x11, 0x31, 0x13, 0x11, 0x11, 0x11, 0x12, 0x11,
    0x31, 0x11, 0x11, 0x11, 0x11, 0x11, 0x13, 0x12, 0x11, 0x11, 0x13, 0x11, 0x31, 0x12, 0x11, 0x13,
    0x12, 0x13, 0x11, 0x31, 0x11, 0x31, 0x21, 0x11, 0x11, 0x13, 0x11, 0x13, 0x13, 0x13, 0x11, 0x31,
    0x12, 0x11, 0x31, 0x11, 0x11, 0x11, 0x11, 0x11, 0x31, 0x11, 0x11, 0x11, 0x11, 0x11, 0x21, 0x31,
    0x11, 0x21, 0x12, 0x11, 0x31, 0x31, 0x12, 0x13, 0x13, 0x12, 0x13, 0x11, 0x12, 0x11, 0x31, 0x11,
    0x11, 0x11, 0x11, 0x12, 0x13, 0x11, 0x31, 0x13, 0x11, 0x11, 0x11, 0x11, 0x11, 0x11, 0x11, 0x12,
    0x11, 0x11, 0x11, 0x11, 0x11, 0x11, 0x11, 0x11, 0x11, 0x11, 0x11, 0x11, 0x11, 0x11, 0x11, 0x11,
    0x11, 0x11, 0x11, 0x11, 0x11, 0x11, 0x11, 0x11, 0x11, 0x11, 0x11, 0x11, 0x11, 0x11, 0x11, 0x11,
    0x11, 0x11, 0x11, 0x11, 0x11, 0x11, 0x11, 0x11, 0x11, 0x11, 0x11, 0x11, 0x11, 0x11, 0x11, 0x11,
    0x11, 0x11, 0x11, 0x11, 0x11, 0x11, 0x11, 0x11, 0x11, 0x11, 0x11, 0x11, 0x11, 0x11, 0x11, 0x11,
    0x11, 0x11, 0x11, 0x11, 0x11, 0x11, 0x11, 0x11, 0x11, 0x11, 0x11, 0x11, 0x11, 0x11, 0x11, 0x11,
    0x11, 0x11, 0x11, 0x11, 0x11, 0x11, 0x11, 0x11, 0x11, 0x11, 0x11, 0x11, 0x11, 0x11, 0x11, 0x11,
    0x11, 0x11, 0x11, 0x11, 0x11, 0x11, 0x11, 0x11, 0x11, 0x11, 0x11, 0x11, 0x11, 0x11, 0x11, 0x11,
    0x11, 0x11, 0x11, 0x11, 0x11, 0x11, 0x11, 0x11, 0x11, 0x11, 0x11, 0x11, 0x11, 0x11, 0x11, 0x11,
    0x11, 0x11, 0x11, 0x11, 0x11, 0x11, 0x11, 0x11, 0x11, 0x11, 0x11, 0x11, 0x11, 0x11, 0x11, 0x11,
};

// Auto-generated icon: wxs_03d (40x40)
// Each byte holds 2 pixels (high nibble first)
#define ICON_WXS_03D_W 40
#define ICON_WXS_03D_H 40
static const uint8_t PROGMEM icon_wxs_03d[] = {
    0x11, 0x11, 0x11, 0x11, 0x11, 0x11, 0x11, 0x11, 0x11, 0x11, 0x11, 0x11, 0x11, 0x11, 0x11, 0x11,
    0x11, 0x11, 0x11, 0x11, 0x11, 0x11, 0x11, 0x11, 0x11, 0x11, 0x11, 0x11, 0x11, 0x11, 0x11, 0x11,
    0x11, 0x11, 0x11, 0x11, 0x11, 0x11, 0x11, 0x11, 0x11, 0x11, 0x11, 0x11, 0x11, 0x11, 0x11, 0x11,
    0x11, 0x11, 0x11, 0x11, 0x11, 0x11, 0x11, 0x11, 0x11, 0x11, 0x11, 0x11, 0x11, 0x11, 0x11, 0x11,
    0x11, 0x11, 0x11, 0x11, 0x11, 0x11, 0x11, 0x11, 0x11, 0x11, 0x11, 0x11, 0x11, 0x11, 0x11, 0x11,
    0x11, 0x11, 0x11, 0x11, 0x11, 0x11, 0x11, 0x11, 0x11, 0x11, 0x11, 0x11, 0x11, 0x11, 0x11, 0x11,
    0x11, 0x11, 0x11, 0x11, 0x11, 0x11, 0x11, 0x11, 0x11, 0x11, 0x11, 0x11, 0x11, 0x11, 0x11, 0x11,
    0x11, 0x11, 0x11, 0x11, 0x11, 0x11, 0x11, 0x11, 0x11, 0x11, 0x11, 0x11, 0x11, 0x11, 0x11, 0x11,
    0x11, 0x11, 0x11, 0x11, 0x11, 0x11, 0x11, 0x11, 0x11, 0x11, 0x11, 0x11, 0x11, 0x11, 0x11, 0x11,
    0x11, 0x11, 0x11, 0x11, 0x11, 0x11, 0x11, 0x11, 0x11, 0x11, 0x11, 0x11, 0x11, 0x11, 0x11, 0x11,
    0x11, 0x11, 0x11, 0x11, 0x11, 0x11, 0x11, 0x11, 0x11, 0x13, 0x11, 0x31, 0x11, 0x11, 0x11, 0x11,
    0x11, 0x11, 0x11, 0x11, 0x11, 0x11, 0x11, 0x11, 0x11, 0x11, 0x11, 0x11, 0x13, 0x11, 0x11, 0x11,
    0x31, 0x11, 0x11, 0x11, 0x11, 0x11, 0x11, 0x11, 0x11, 0x11, 0x11, 0x11, 0x11, 0x11, 0x11, 0x11,
    0x11, 0x12, 0x13, 0x11, 0x11, 0x21, 0x11, 0x11, 0x11, 0x11, 0x11, 0x11, 0x11, 0x11, 0x11, 0x11,
    0x11, 0x11, 0x11, 0x13, 0x13, 0x11, 0x11, 0x12, 0x11, 0x11, 0x31, 0x11, 0x11, 0x11, 0x11, 0x11,
    0x11, 0x11, 0x11, 0x11, 0x11, 0x11, 0x13, 0x11, 0x11, 0x13, 0x11, 0x11, 0x31, 0x31, 0x11, 0x11,
    0x11, 0x11, 0x11, 0x11, 0x11, 0x11, 0x11, 0x11, 0x11, 0x11, 0x11, 0x12, 0x13, 0x11, 0x21, 0x31,
    0x11, 0x11, 0x13, 0x11, 0x11, 0x11, 0x11, 0x11, 0x11, 0x11, 0x11, 0x11, 0x11, 0x11, 0x13, 0x11,
    0x11, 0x21, 0x11, 0x11, 0x12, 0x11, 0x11, 0x11, 0x11, 0x11, 0x11, 0x11, 0x11, 0x11, 0x11, 0x11,
    0x11, 0x13, 0x11, 0x13, 0x11, 0x11, 0x31, 0x13, 0x11, 0x13, 0x12, 0x11, 0x11, 0x11, 0x11, 0x11,
    0x11, 0x11, 0x11, 0x31, 0x31, 0x31, 0x21, 0x11, 0x21, 0x31, 0x11, 0x11, 0x13, 0x11, 0x11, 0x11,
    0x11, 0x11, 0x11, 0x11, 0x11, 0x11, 0x31, 0x11, 0x21, 0x11, 0x13, 0x11, 0x11, 0x11, 0x21, 0x31,
    0x11, 0x12, 0x13, 0x11, 0x11, 0x11, 0x11, 0x11, 0x11, 0x11, 0x12, 0x13, 0x11, 0x31, 0x11, 0x13,
    0x13, 0x11, 0x11, 0x12, 0x11, 0x11, 0x11, 0x13, 0x11, 0x11, 0x11, 0x11, 0x11, 0x31, 0x31, 0x11,
    0x31, 0x12, 0x13, 0x11, 0x11, 0x21, 0x31, 0x11, 0x31, 0x31, 0x13, 0x11, 0x13, 0x11, 0x11, 0x11,
    0x11, 0x11, 0x13, 0x11, 0x12, 0x11, 0x11, 0x21, 0x21, 0x11, 0x11, 0x31, 0x11, 0x11, 0x11, 0x12,
    0x11, 0x11, 0x11, 0x11, 0x11, 0x31, 0x21, 0x13, 0x11, 0x31, 0x31, 0x11, 0x13, 0x13, 0x11, 0x11,
    0x21, 0x13, 0x12, 0x11, 0x13, 0x12, 0x11, 0x11, 0x11, 0x21, 0x13, 0x11, 0x21, 0x11, 0x11, 0x31,
    0x11, 0x11, 0x21, 0x31, 0x13, 0x11, 0x11, 0x13, 0x11, 0x11, 0x31, 0x11, 0x11, 0x31, 0x11, 0x21,
    0x13, 0x12, 0x13, 0x12, 0x13, 0x11, 0x11, 0x11, 0x11, 0x12, 0x13, 0x11, 0x11, 0x31, 0x11, 0x11,
    0x11, 0x13, 0x13, 0x13, 0x11, 0x13, 0x11, 0x11, 0x11, 0x21, 0x31, 0x21, 0x31, 0x11, 0x11, 0x12,
    0x11, 0x11, 0x13, 0x11, 0x13, 0x11, 0x21, 0x11, 0x21, 0x11, 0x13, 0x13, 0x11, 0x31, 0x11, 0x11,
    0x12, 0x13, 0x11, 0x31, 0x13, 0x12, 0x11, 0x11, 0x11, 0x21, 0x13, 0x11, 0x31, 0x31, 0x21, 0x11,
    0x21, 0x11, 0x31, 0x31, 0x11, 0x11, 0x11, 0x11, 0x11, 0x11, 0x13, 0x11, 0x11, 0x31, 0x11, 0x31,
    0x11, 0x11, 0x13, 0x11, 0x31, 0x31, 0x11, 0x12, 0x13, 0x13, 0x12, 0x13, 0x12, 0x13, 0x11, 0x11,
    0x11, 0x13, 0x12, 0x11, 0x31, 0x23, 0x11, 0x21, 0x11, 0x12, 0x12, 0x11, 0x11, 0x11, 0x11, 0x11,
    0x11, 0x11, 0x11, 0x31, 0x11, 0x11, 0x13, 0x12, 0x11, 0x11, 0x13, 0x11, 0x31, 0x11, 0x31, 0x13,
    0x13, 0x12, 0x13, 0x11, 0x31, 0x13, 0x11, 0x11, 0x11, 0x13, 0x11, 0x13, 0x13, 0x13, 0x11, 0x31,
    0x12, 0x13, 0x11, 0x31, 0x11, 0x11, 0x11, 0x12, 0x11, 0x11, 0x12, 0x11, 0x11, 0x11, 0x21, 0x31,
    0x11, 0x21, 0x12, 0x11, 0x31, 0x11, 0x21, 0x12, 0x13, 0x13, 0x12, 0x11, 0x31, 0x12, 0x11, 0x11,
    0x11, 0x11, 0x11, 0x12, 0x13, 0x11, 0x31, 0x13, 0x11, 0x31, 0x13, 0x11, 0x11, 0x11, 0x11, 0x31,
    0x11, 0x31, 0x11, 0x11, 0x11, 0x11, 0x11, 0x11, 0x11, 0x11, 0x11, 0x11, 0x11, 0x11, 0x11, 0x11,
    0x11, 0x11, 0x11, 0x11, 0x11, 0x11, 0x11, 0x11, 0x11, 0x11, 0x11, 0x11, 0x11, 0x11, 0x11, 0x11,
    0x11, 0x11, 0x11, 0x11, 0x11, 0x11, 0x11, 0x11, 0x11, 0x11, 0x11, 0x11, 0x11, 0x11, 0x11, 0x11,
    0x11, 0x11, 0x11, 0x11, 0x11, 0x11, 0x11, 0x11, 0x11, 0x11, 0x11, 0x11, 0x11, 0x11, 0x11, 0x11,
    0x11, 0x11, 0x11, 0x11, 0x11, 0x11, 0x11, 0x11, 0x11, 0x11, 0x11, 0x11, 0x11, 0x11, 0x11, 0x11,
    0x11, 0x11, 0x11, 0x11, 0x11, 0x11, 0x11, 0x11, 0x11, 0x11, 0x11, 0x11, 0x11, 0x11, 0x11, 0x11,
    0x11, 0x11, 0x11, 0x11, 0x11, 0x11, 0x11, 0x11, 0x11, 0x11, 0x11, 0x11, 0x11, 0x11, 0x11, 0x11,
    0x11, 0x11, 0x11, 0x11, 0x11, 0x11, 0x11, 0x11, 0x11, 0x11, 0x11, 0x11, 0x11, 0x11, 0x11, 0x11,
    0x11, 0x11, 0x11, 0x11, 0x11, 0x11, 0x11, 0x11, 0x11, 0x11, 0x11, 0x11, 0x11, 0x11, 0x11, 0x11,
};

// Auto-generated icon: wxs_04d (40x40)
// Each byte holds 2 pixels (high nibble first)
#define ICON_WXS_04D_W 40
#define ICON_WXS_04D_H 40
static const uint8_t PROGMEM icon_wxs_04d[] = {
    0x11, 0x11, 0x11, 0x11, 0x11, 0x11, 0x11, 0x11, 0x11, 0x11, 0x11, 0x11, 0x11, 0x11, 0x11, 0x11,
    0x11, 0x11, 0x11, 0x11, 0x11, 0x11, 0x11, 0x11, 0x11, 0x11, 0x11, 0x11, 0x11, 0x11, 0x11, 0x11,
    0x11, 0x11, 0x11, 0x11, 0x11, 0x11, 0x11, 0x11, 0x11, 0x11, 0x11, 0x11, 0x11, 0x11, 0x11, 0x11,
    0x11, 0x11, 0x11, 0x11, 0x11, 0x11, 0x11, 0x11, 0x11, 0x11, 0x11, 0x11, 0x11, 0x11, 0x11, 0x11,
    0x11, 0x11, 0x11, 0x11, 0x11, 0x11, 0x11, 0x11, 0x11, 0x11, 0x11, 0x11, 0x11, 0x11, 0x11, 0x11,
    0x11, 0x11, 0x11, 0x11, 0x11, 0x11, 0x11, 0x11, 0x11, 0x11, 0x11, 0x11, 0x11, 0x11, 0x11, 0x11,
    0x11, 0x11, 0x11, 0x11, 0x11, 0x11, 0x11, 0x11, 0x11, 0x11, 0x11, 0x11, 0x11, 0x11, 0x11, 0x11,
    0x11, 0x11, 0x11, 0x11, 0x11, 0x11, 0x11, 0x11, 0x11, 0x11, 0x11, 0x11, 0x11, 0x11, 0x11, 0x11,
    0x31, 0x31, 0x11, 0x11, 0x11, 0x11, 0x11, 0x11, 0x11, 0x11, 0x11, 0x11, 0x11, 0x11, 0x11, 0x11,
    0x11, 0x11, 0x31, 0x31, 0x21, 0x13, 0x11, 0x11, 0x11, 0x11, 0x11, 0x11, 0x11, 0x11, 0x11, 0x11,
    0x11, 0x11, 0x11, 0x11, 0x11, 0x11, 0x21, 0x23, 0x13, 0x21, 0x31, 0x31, 0x11, 0x11, 0x11, 0x11,
    0x11, 0x11, 0x11, 0x11, 0x11, 0x11, 0x11, 0x11, 0x11, 0x31, 0x31, 0x31, 0x21, 0x31, 0x21, 0x13,
    0x11, 0x11, 0x11, 0x11, 0x11, 0x11, 0x11, 0x11, 0x11, 0x11, 0x11, 0x11, 0x11, 0x23, 0x12, 0x13,
    0x13, 0x13, 0x13, 0x11, 0x11, 0x11, 0x11, 0x11, 0x11, 0x11, 0x11, 0x11, 0x11, 0x11, 0x11, 0x11,
    0x13, 0x12, 0x31, 0x31, 0x21, 0x21, 0x12, 0x31, 0x31, 0x11, 0x11, 0x11, 0x11, 0x11, 0x11, 0x11,
    0x11, 0x11, 0x11, 0x11, 0x31, 0x31, 0x12, 0x13, 0x13, 0x13, 0x13, 0x12, 0x11, 0x11, 0x11, 0x11,
    0x11, 0x11, 0x11, 0x11, 0x11, 0x11, 0x31, 0x31, 0x21, 0x23, 0x13, 0x12, 0x13, 0x12, 0x11, 0x11,
    0x11, 0x11, 0x11, 0x11, 0x11, 0x11, 0x11, 0x11, 0x11, 0x31, 0x23, 0x23, 0x13, 0x13, 0x21, 0x31,
    0x31, 0x21, 0x31, 0x13, 0x13, 0x11, 0x31, 0x11, 0x11, 0x11, 0x11, 0x11, 0x11, 0x23, 0x12, 0x12,
    0x31, 0x21, 0x31, 0x23, 0x12, 0x31, 0x11, 0x11, 0x11, 0x11, 0x11, 0x11, 0x11, 0x11, 0x11, 0x11,
    0x13, 0x12, 0x31, 0x31, 0x23, 0x13, 0x21, 0x31, 0x31, 0x11, 0x31, 0x21, 0x12, 0x13, 0x12, 0x11,
    0x11, 0x11, 0x11, 0x11, 0x23, 0x13, 0x23, 0x13, 0x12, 0x31, 0x31, 0x21, 0x23, 0x11, 0x11, 0x13,
    0x11, 0x11, 0x11, 0x13, 0x11, 0x11, 0x11, 0x11, 0x31, 0x21, 0x31, 0x23, 0x13, 0x12, 0x13, 0x13,
    0x11, 0x12, 0x13, 0x11, 0x13, 0x11, 0x31, 0x11, 0x11, 0x11, 0x11, 0x11, 0x23, 0x32, 0x13, 0x12,
    0x32, 0x13, 0x12, 0x11, 0x13, 0x11, 0x11, 0x13, 0x11, 0x11, 0x11, 0x21, 0x31, 0x11, 0x11, 0x11,
    0x31, 0x23, 0x23, 0x21, 0x31, 0x31, 0x11, 0x31, 0x11, 0x13, 0x12, 0x11, 0x12, 0x13, 0x11, 0x11,
    0x11, 0x11, 0x11, 0x11, 0x23, 0x13, 0x11, 0x32, 0x12, 0x12, 0x13, 0x11, 0x31, 0x21, 0x11, 0x13,
    0x11, 0x11, 0x13, 0x11, 0x31, 0x11, 0x11, 0x11, 0x32, 0x12, 0x32, 0x13, 0x31, 0x31, 0x11, 0x21,
    0x11, 0x13, 0x13, 0x11, 0x13, 0x12, 0x11, 0x11, 0x11, 0x11, 0x11, 0x11, 0x13, 0x31, 0x32, 0x31,
    0x21, 0x13, 0x11, 0x31, 0x31, 0x11, 0x11, 0x12, 0x11, 0x11, 0x13, 0x12, 0x13, 0x11, 0x31, 0x11,
    0x11, 0x23, 0x13, 0x23, 0x13, 0x11, 0x21, 0x11, 0x12, 0x13, 0x12, 0x11, 0x31, 0x13, 0x11, 0x11,
    0x11, 0x11, 0x11, 0x11, 0x11, 0x32, 0x12, 0x12, 0x31, 0x21, 0x13, 0x12, 0x11, 0x11, 0x11, 0x31,
    0x11, 0x21, 0x12, 0x13, 0x11, 0x21, 0x31, 0x11, 0x11, 0x11, 0x33, 0x13, 0x11, 0x31, 0x11, 0x13,
    0x13, 0x13, 0x11, 0x11, 0x31, 0x13, 0x11, 0x11, 0x13, 0x11, 0x11, 0x31, 0x11, 0x11, 0x11, 0x11,
    0x21, 0x13, 0x13, 0x11, 0x11, 0x11, 0x21, 0x31, 0x11, 0x11, 0x13, 0x11, 0x11, 0x11, 0x31, 0x11,
    0x11, 0x11, 0x11, 0x11, 0x13, 0x11, 0x21, 0x13, 0x12, 0x13, 0x11, 0x12, 0x13, 0x12, 0x11, 0x13,
    0x12, 0x11, 0x12, 0x11, 0x11, 0x11, 0x11, 0x11, 0x11, 0x13, 0x13, 0x11, 0x13, 0x11, 0x13, 0x11,
    0x11, 0x11, 0x31, 0x11, 0x11, 0x31, 0x11, 0x13, 0x11, 0x11, 0x11, 0x11, 0x11, 0x11, 0x11, 0x21,
    0x31, 0x13, 0x11, 0x21, 0x31, 0x31, 0x11, 0x21, 0x31, 0x11, 0x31, 0x11, 0x11, 0x11, 0x11, 0x11,
    0x11, 0x13, 0x13, 0x11, 0x12, 0x11, 0x21, 0x13, 0x11, 0x12, 0x13, 0x11, 0x11, 0x21, 0x11, 0x11,
    0x11, 0x11, 0x11, 0x11, 0x11, 0x11, 0x11, 0x13, 0x11, 0x31, 0x13, 0x11, 0x12, 0x11, 0x11, 0x11,
    0x31, 0x11, 0x11, 0x11, 0x11, 0x11, 0x11, 0x11, 0x11, 0x11, 0x11, 0x11, 0x31, 0x13, 0x11, 0x13,
    0x11, 0x31, 0x13, 0x11, 0x11, 0x31, 0x11, 0x11, 0x11, 0x11, 0x11, 0x11, 0x11, 0x11, 0x11, 0x11,
    0x11, 0x11, 0x11, 0x11, 0x11, 0x11, 0x11, 0x11, 0x11, 0x11, 0x11, 0x11, 0x11, 0x11, 0x11, 0x11,
    0x11, 0x11, 0x11, 0x11, 0x11, 0x11, 0x11, 0x11, 0x11, 0x11, 0x11, 0x11, 0x11, 0x11, 0x11, 0x11,
    0x11, 0x11, 0x11, 0x11, 0x11, 0x11, 0x11, 0x11, 0x11, 0x11, 0x11, 0x11, 0x11, 0x11, 0x11, 0x11,
    0x11, 0x11, 0x11, 0x11, 0x11, 0x11, 0x11, 0x11, 0x11, 0x11, 0x11, 0x11, 0x11, 0x11, 0x11, 0x11,
    0x11, 0x11, 0x11, 0x11, 0x11, 0x11, 0x11, 0x11, 0x11, 0x11, 0x11, 0x11, 0x11, 0x11, 0x11, 0x11,
    0x11, 0x11, 0x11, 0x11, 0x11, 0x11, 0x11, 0x11, 0x11, 0x11, 0x11, 0x11, 0x11, 0x11, 0x11, 0x11,
    0x11, 0x11, 0x11, 0x11, 0x11, 0x11, 0x11, 0x11, 0x11, 0x11, 0x11, 0x11, 0x11, 0x11, 0x11, 0x11,
};

// Auto-generated icon: wxs_09d (40x40)
// Each byte holds 2 pixels (high nibble first)
#define ICON_WXS_09D_W 40
#define ICON_WXS_09D_H 40
static const uint8_t PROGMEM icon_wxs_09d[] = {
    0x11, 0x11, 0x11, 0x11, 0x11, 0x11, 0x11, 0x13, 0x13, 0x13, 0x11, 0x11, 0x11, 0x11, 0x11, 0x11,
    0x11, 0x11, 0x11, 0x11, 0x11, 0x11, 0x11, 0x11, 0x11, 0x11, 0x13, 0x21, 0x21, 0x21, 0x31, 0x11,
    0x11, 0x11, 0x11, 0x11, 0x11, 0x11, 0x11, 0x11, 0x11, 0x11, 0x11, 0x11, 0x11, 0x13, 0x13, 0x13,
    0x13, 0x13, 0x12, 0x11, 0x11, 0x11, 0x11, 0x11, 0x11, 0x11, 0x11, 0x11, 0x11, 0x11, 0x11, 0x11,
    0x11, 0x12, 0x31, 0x21, 0x31, 0x21, 0x31, 0x31, 0x11, 0x11, 0x11, 0x11, 0x11, 0x11, 0x11, 0x11,
    0x11, 0x11, 0x11, 0x11, 0x13, 0x13, 0x12, 0x31, 0x21, 0x31, 0x12, 0x13, 0x11, 0x11, 0x11, 0x11,
    0x11, 0x11, 0x11, 0x11, 0x11, 0x11, 0x11, 0x11, 0x12, 0x31, 0x31, 0x13, 0x13, 0x12, 0x31, 0x31,
    0x21, 0x11, 0x11, 0x11, 0x11, 0x11, 0x11, 0x11, 0x11, 0x11, 0x11, 0x31, 0x31, 0x21, 0x23, 0x12,
    0x12, 0x13, 0x12, 0x11, 0x11, 0x11, 0x11, 0x11, 0x11, 0x11, 0x11, 0x11, 0x11, 0x13, 0x12, 0x13,
    0x21, 0x31, 0x31, 0x31, 0x31, 0x31, 0x31, 0x13, 0x11, 0x31, 0x11, 0x11, 0x11, 0x11, 0x11, 0x11,
    0x11, 0x21, 0x33, 0x21, 0x31, 0x23, 0x12, 0x13, 0x12, 0x12, 0x11, 0x11, 0x11, 0x11, 0x11, 0x11,
    0x11, 0x11, 0x11, 0x11, 0x13, 0x13, 0x21, 0x31, 0x23, 0x12, 0x31, 0x32, 0x13, 0x11, 0x31, 0x13,
    0x12, 0x13, 0x13, 0x11, 0x11, 0x11, 0x11, 0x11, 0x12, 0x31, 0x32, 0x13, 0x12, 0x31, 0x12, 0x13,
    0x12, 0x11, 0x11, 0x11, 0x11, 0x11, 0x11, 0x11, 0x11, 0x11, 0x11, 0x11, 0x31, 0x23, 0x13, 0x21,
    0x31, 0x32, 0x31, 0x32, 0x13, 0x13, 0x12, 0x13, 0x11, 0x31, 0x12, 0x13, 0x11, 0x11, 0x11, 0x11,
    0x23, 0x12, 0x31, 0x32, 0x32, 0x11, 0x32, 0x11, 0x31, 0x11, 0x11, 0x11, 0x11, 0x11, 0x11, 0x11,
    0x11, 0x11, 0x11, 0x11, 0x32, 0x31, 0x23, 0x11, 0x31, 0x32, 0x11, 0x11, 0x11, 0x21, 0x31, 0x13,
    0x12, 0x13, 0x11, 0x31, 0x13, 0x11, 0x11, 0x11, 0x13, 0x23, 0x12, 0x32, 0x12, 0x13, 0x13, 0x13,
    0x11, 0x31, 0x11, 0x21, 0x11, 0x11, 0x11, 0x11, 0x11, 0x11, 0x11, 0x11, 0x23, 0x12, 0x31, 0x31,
    0x33, 0x11, 0x11, 0x11, 0x21, 0x11, 0x31, 0x11, 0x31, 0x13, 0x12, 0x13, 0x11, 0x11, 0x11, 0x11,
    0x31, 0x31, 0x23, 0x21, 0x21, 0x13, 0x12, 0x13, 0x11, 0x31, 0x11, 0x31, 0x11, 0x11, 0x11, 0x11,
    0x12, 0x11, 0x11, 0x11, 0x12, 0x32, 0x31, 0x32, 0x31, 0x21, 0x13, 0x11, 0x13, 0x12, 0x11, 0x12,
    0x13, 0x12, 0x13, 0x11, 0x11, 0x31, 0x11, 0x11, 0x11, 0x31, 0x23, 0x13, 0x11, 0x31, 0x11, 0x13,
    0x11, 0x11, 0x31, 0x11, 0x11, 0x11, 0x11, 0x13, 0x11, 0x11, 0x31, 0x11, 0x11, 0x13, 0x12, 0x32,
    0x31, 0x13, 0x12, 0x11, 0x21, 0x31, 0x11, 0x31, 0x31, 0x31, 0x13, 0x11, 0x21, 0x11, 0x11, 0x11,
    0x11, 0x11, 0x31, 0x21, 0x21, 0x11, 0x13, 0x11, 0x31, 0x11, 0x21, 0x11, 0x11, 0x12, 0x11, 0x21,
    0x11, 0x31, 0x21, 0x31, 0x11, 0x11, 0x11, 0x11, 0x13, 0x12, 0x11, 0x31, 0x11, 0x31, 0x13, 0x12,
    0x12, 0x11, 0x11, 0x11, 0x31, 0x11, 0x11, 0x11, 0x11, 0x11, 0x11, 0x11, 0x11, 0x13, 0x11, 0x12,
    0x13, 0x12, 0x11, 0x11, 0x31, 0x13, 0x13, 0x11, 0x11, 0x21, 0x31, 0x13, 0x11, 0x11, 0x11, 0x11,
    0x11, 0x11, 0x31, 0x31, 0x11, 0x11, 0x31, 0x31, 0x11, 0x11, 0x11, 0x13, 0x11, 0x11, 0x11, 0x11,
    0x11, 0x11, 0x11, 0x11, 0x11, 0x31, 0x12, 0x11, 0x31, 0x31, 0x11, 0x12, 0x13, 0x12, 0x13, 0x11,
    0x21, 0x31, 0x13, 0x11, 0x11, 0x11, 0x11, 0x11, 0x11, 0x11, 0x31, 0x31, 0x12, 0x11, 0x21, 0x31,
    0x11, 0x13, 0x11, 0x21, 0x11, 0x11, 0x11, 0x11, 0x11, 0x11, 0x11, 0x11, 0x11, 0x11, 0x11, 0x11,
    0x31, 0x13, 0x11, 0x11, 0x31, 0x11, 0x11, 0x11, 0x31, 0x13, 0x11, 0x11, 0x11, 0x11, 0x11, 0x31,
    0x11, 0x11, 0x11, 0x11, 0x11, 0x11, 0x31, 0x11, 0x11, 0x31, 0x31, 0x31, 0x11, 0x11, 0x11, 0x11,
    0x11, 0x11, 0x11, 0x11, 0x11, 0x11, 0x11, 0x11, 0x11, 0x11, 0x11, 0x11, 0x11, 0x11, 0x11, 0x11,
    0x11, 0x11, 0x11, 0x11, 0x11, 0x11, 0x13, 0x13, 0x11, 0x11, 0x11, 0x11, 0x11, 0x11, 0x11, 0x11,
    0x11, 0x11, 0x11, 0x11, 0x11, 0x11, 0x11, 0x11, 0x11, 0x11, 0x11, 0x11, 0x11, 0x11, 0x11, 0x11,
    0x11, 0x11, 0x11, 0x11, 0x11, 0x11, 0x11, 0x11, 0x11, 0x11, 0x11, 0x11, 0x11, 0x11, 0x11, 0x11,
    0x11, 0x11, 0x13, 0x11, 0x11, 0x11, 0x11, 0x11, 0x11, 0x13, 0x11, 0x11, 0x11, 0x11, 0x11, 0x11,
    0x11, 0x11, 0x11, 0x11, 0x11, 0x11, 0x11, 0x11, 0x11, 0x13, 0x13, 0x11, 0x11, 0x11, 0x11, 0x11,
    0x11, 0x11, 0x11, 0x11, 0x11, 0x11, 0x11, 0x11, 0x11, 0x11, 0x11, 0x11, 0x11, 0x11, 0x11, 0x11,
    0x11, 0x11, 0x11, 0x11, 0x11, 0x11, 0x11, 0x11, 0x11, 0x11, 0x11, 0x11, 0x11, 0x11, 0x11, 0x11,
    0x11, 0x11, 0x11, 0x11, 0x11, 0x11, 0x11, 0x11, 0x11, 0x11, 0x11, 0x11, 0x11, 0x11, 0x11, 0x11,
    0x13, 0x11, 0x11, 0x11, 0x11, 0x11, 0x11, 0x11, 0x11, 0x11, 0x11, 0x31, 0x11, 0x11, 0x11, 0x11,
    0x11, 0x11, 0x11, 0x11, 0x11, 0x11, 0x11, 0x11, 0x11, 0x11, 0x11, 0x11, 0x11, 0x11, 0x11, 0x11,
    0x11, 0x11, 0x11, 0x11, 0x11, 0x11, 0x11, 0x11, 0x11, 0x11, 0x11, 0x13, 0x11, 0x11, 0x11, 0x11,
    0x11, 0x11, 0x13, 0x13, 0x11, 0x11, 0x11, 0x11, 0x11, 0x11, 0x11, 0x11, 0x11, 0x11, 0x11, 0x11,
    0x11, 0x11, 0x11, 0x11, 0x11, 0x11, 0x11, 0x11, 0x11, 0x11, 0x11, 0x11, 0x11, 0x11, 0x11, 0x11,
    0x11, 0x11, 0x11, 0x31, 0x31, 0x11, 0x11, 0x11, 0x31, 0x11, 0x11, 0x11, 0x11, 0x11, 0x11, 0x11,
};

// Auto-generated icon: wxs_10d (40x40)
// Each byte holds 2 pixels (high nibble first)
#define ICON_WXS_10D_W 40
#define ICON_WXS_10D_H 40
static const uint8_t PROGMEM icon_wxs_10d[] = {
    0x11, 0x11, 0x11, 0x11, 0x11, 0x11, 0x11, 0x11, 0x11, 0x11, 0x11, 0x11, 0x11, 0x11, 0x11, 0x11,
    0x11, 0x11, 0x11, 0x11, 0x11, 0x11, 0x11, 0x11, 0x11, 0x11, 0x11, 0x11, 0x11, 0x11, 0x11, 0x11,
    0x11, 0x11, 0x11, 0x11, 0x11, 0x11, 0x11, 0x11, 0x11, 0x11, 0x11, 0x11, 0x11, 0x11, 0x11, 0x11,
    0x11, 0x11, 0x11, 0x11, 0x11, 0x65, 0x65, 0x65, 0x61, 0x11, 0x11, 0x11, 0x11, 0x11, 0x11, 0x11,
    0x11, 0x11, 0x11, 0x11, 0x11, 0x11, 0x11, 0x11, 0x65, 0x65, 0x65, 0x65, 0x56, 0x51, 0x11, 0x11,
    0x11, 0x11, 0x11, 0x11, 0x11, 0x11, 0x11, 0x11, 0x11, 0x11, 0x11, 0x16, 0x56, 0x56, 0x16, 0x56,
    0x65, 0x65, 0x51, 0x11, 0x11, 0x11, 0x11, 0x11, 0x11, 0x11, 0x11, 0x11, 0x11, 0x11, 0x11, 0x11,
    0x16, 0x65, 0x66, 0x56, 0x55, 0x65, 0x61, 0x11, 0x11, 0x11, 0x11, 0x11, 0x11, 0x11, 0x11, 0x11,
    0x11, 0x31, 0x13, 0x11, 0x11, 0x16, 0x56, 0x56, 0x16, 0x56, 0x55, 0x11, 0x11, 0x11, 0x11, 0x11,
    0x11, 0x11, 0x11, 0x11, 0x31, 0x11, 0x11, 0x13, 0x13, 0x11, 0x65, 0x65, 0x65, 0x65, 0x65, 0x61,
    0x11, 0x11, 0x11, 0x11, 0x11, 0x11, 0x11, 0x11, 0x11, 0x21, 0x31, 0x11, 0x11, 0x11, 0x16, 0x65,
    0x65, 0x65, 0x56, 0x51, 0x11, 0x11, 0x11, 0x11, 0x11, 0x11, 0x13, 0x13, 0x11, 0x11, 0x11, 0x21,
    0x12, 0x13, 0x11, 0x65, 0x65, 0x65, 0x65, 0x51, 0x11, 0x11, 0x11, 0x11, 0x11, 0x11, 0x11, 0x11,
    0x21, 0x31, 0x11, 0x13, 0x11, 0x11, 0x12, 0x16, 0x56, 0x16, 0x56, 0x56, 0x11, 0x11, 0x11, 0x11,
    0x11, 0x11, 0x31, 0x21, 0x11, 0x11, 0x31, 0x11, 0x11, 0x31, 0x11, 0x25, 0x65, 0x65, 0x65, 0x56,
    0x11, 0x11, 0x11, 0x11, 0x11, 0x31, 0x11, 0x13, 0x11, 0x31, 0x11, 0x21, 0x31, 0x11, 0x31, 0x16,
    0x56, 0x56, 0x56, 0x55, 0x11, 0x11, 0x11, 0x11, 0x31, 0x11, 0x21, 0x11, 0x11, 0x12, 0x11, 0x11,
    0x11, 0x21, 0x11, 0x12, 0x56, 0x56, 0x55, 0x65, 0x11, 0x11, 0x13, 0x13, 0x11, 0x21, 0x13, 0x13,
    0x12, 0x11, 0x13, 0x11, 0x31, 0x11, 0x13, 0x16, 0x56, 0x16, 0x56, 0x51, 0x11, 0x11, 0x11, 0x11,
    0x21, 0x13, 0x11, 0x11, 0x11, 0x31, 0x11, 0x11, 0x11, 0x31, 0x11, 0x11, 0x16, 0x56, 0x56, 0x51,
    0x11, 0x13, 0x13, 0x11, 0x31, 0x11, 0x13, 0x12, 0x11, 0x11, 0x31, 0x21, 0x31, 0x11, 0x21, 0x13,
    0x11, 0x25, 0x65, 0x11, 0x11, 0x12, 0x11, 0x21, 0x11, 0x31, 0x21, 0x11, 0x31, 0x31, 0x11, 0x11,
    0x11, 0x21, 0x11, 0x11, 0x11, 0x11, 0x65, 0x11, 0x13, 0x11, 0x31, 0x13, 0x11, 0x11, 0x13, 0x11,
    0x11, 0x12, 0x13, 0x11, 0x31, 0x11, 0x31, 0x13, 0x13, 0x11, 0x11, 0x11, 0x11, 0x31, 0x13, 0x11,
    0x21, 0x31, 0x11, 0x13, 0x12, 0x11, 0x11, 0x12, 0x11, 0x31, 0x11, 0x11, 0x11, 0x13, 0x11, 0x11,
    0x11, 0x12, 0x11, 0x21, 0x13, 0x12, 0x13, 0x11, 0x11, 0x31, 0x13, 0x11, 0x11, 0x11, 0x21, 0x31,
    0x21, 0x11, 0x11, 0x11, 0x11, 0x31, 0x13, 0x13, 0x11, 0x11, 0x31, 0x21, 0x31, 0x11, 0x21, 0x13,
    0x13, 0x11, 0x11, 0x11, 0x11, 0x31, 0x12, 0x11, 0x11, 0x13, 0x11, 0x11, 0x21, 0x31, 0x11, 0x11,
    0x11, 0x31, 0x13, 0x11, 0x11, 0x21, 0x31, 0x13, 0x11, 0x11, 0x11, 0x11, 0x13, 0x11, 0x21, 0x31,
    0x11, 0x12, 0x13, 0x13, 0x12, 0x11, 0x11, 0x12, 0x11, 0x11, 0x11, 0x11, 0x12, 0x13, 0x11, 0x11,
    0x11, 0x21, 0x31, 0x13, 0x13, 0x11, 0x11, 0x11, 0x11, 0x31, 0x31, 0x13, 0x13, 0x13, 0x12, 0x13,
    0x11, 0x11, 0x13, 0x11, 0x11, 0x11, 0x13, 0x11, 0x21, 0x13, 0x13, 0x12, 0x13, 0x11, 0x12, 0x11,
    0x11, 0x11, 0x11, 0x11, 0x13, 0x11, 0x11, 0x11, 0x11, 0x31, 0x21, 0x21, 0x13, 0x11, 0x21, 0x13,
    0x11, 0x12, 0x11, 0x31, 0x12, 0x13, 0x13, 0x11, 0x11, 0x21, 0x11, 0x11, 0x11, 0x11, 0x13, 0x13,
    0x11, 0x21, 0x13, 0x11, 0x13, 0x11, 0x31, 0x11, 0x31, 0x11, 0x11, 0x21, 0x31, 0x11, 0x11, 0x11,
    0x11, 0x11, 0x11, 0x11, 0x21, 0x31, 0x11, 0x21, 0x31, 0x21, 0x11, 0x31, 0x11, 0x31, 0x21, 0x11,
    0x11, 0x31, 0x11, 0x11, 0x11, 0x11, 0x11, 0x31, 0x11, 0x13, 0x11, 0x31, 0x11, 0x13, 0x11, 0x12,
    0x11, 0x11, 0x11, 0x31, 0x11, 0x11, 0x11, 0x11, 0x11, 0x11, 0x11, 0x11, 0x11, 0x11, 0x11, 0x11,
    0x11, 0x11, 0x11, 0x11, 0x11, 0x11, 0x11, 0x11, 0x11, 0x11, 0x11, 0x11, 0x11, 0x11, 0x11, 0x11,
    0x11, 0x11, 0x11, 0x11, 0x11, 0x11, 0x11, 0x11, 0x11, 0x11, 0x11, 0x11, 0x11, 0x11, 0x11, 0x11,
    0x11, 0x11, 0x11, 0x11, 0x11, 0x11, 0x11, 0x11, 0x11, 0x11, 0x11, 0x11, 0x11, 0x11, 0x11, 0x11,
    0x11, 0x11, 0x11, 0x11, 0x11, 0x11, 0x11, 0x11, 0x11, 0x11, 0x11, 0x11, 0x11, 0x11, 0x11, 0x11,
    0x11, 0x11, 0x11, 0x11, 0x11, 0x11, 0x11, 0x11, 0x11, 0x11, 0x11, 0x11, 0x11, 0x11, 0x11, 0x11,
    0x31, 0x11, 0x11, 0x11, 0x11, 0x11, 0x11, 0x11, 0x11, 0x11, 0x11, 0x11, 0x11, 0x11, 0x11, 0x11,
    0x11, 0x11, 0x11, 0x11, 0x11, 0x11, 0x11, 0x11, 0x11, 0x11, 0x11, 0x11, 0x11, 0x11, 0x11, 0x11,
    0x11, 0x11, 0x11, 0x11, 0x11, 0x11, 0x11, 0x11, 0x11, 0x11, 0x11, 0x11, 0x11, 0x31, 0x11, 0x11,
    0x11, 0x11, 0x11, 0x11, 0x11, 0x11, 0x11, 0x11, 0x11, 0x11, 0x11, 0x11, 0x11, 0x11, 0x11, 0x11,
    0x31, 0x11, 0x11, 0x11, 0x11, 0x11, 0x11, 0x11, 0x11, 0x11, 0x11, 0x11, 0x11, 0x11, 0x13, 0x11,
    0x11, 0x11, 0x11, 0x11, 0x11, 0x11, 0x11, 0x11, 0x11, 0x11, 0x11, 0x11, 0x11, 0x11, 0x11, 0x11,
    0x11, 0x11, 0x11, 0x11, 0x11, 0x11, 0x13, 0x11, 0x11, 0x11, 0x11, 0x11, 0x11, 0x11, 0x11, 0x11,
};

// Auto-generated icon: wxs_10n (40x40)
// Each byte holds 2 pixels (high nibble first)
#define ICON_WXS_10N_W 40
#define ICON_WXS_10N_H 40
static const uint8_t PROGMEM icon_wxs_10n[] = {
    0x11, 0x11, 0x11, 0x11, 0x11, 0x11, 0x11, 0x11, 0x11, 0x11, 0x11, 0x11, 0x11, 0x11, 0x11, 0x51,
    0x55, 0x11, 0x11, 0x11, 0x11, 0x11, 0x11, 0x11, 0x11, 0x11, 0x11, 0x11, 0x11, 0x11, 0x11, 0x11,
    0x11, 0x15, 0x15, 0x15, 0x11, 0x11, 0x11, 0x11, 0x11, 0x11, 0x11, 0x11, 0x11, 0x11, 0x11, 0x11,
    0x11, 0x11, 0x11, 0x11, 0x11, 0x51, 0x56, 0x15, 0x11, 0x11, 0x11, 0x11, 0x11, 0x11, 0x11, 0x11,
    0x11, 0x11, 0x11, 0x11, 0x11, 0x11, 0x11, 0x11, 0x11, 0x51, 0x51, 0x51, 0x11, 0x11, 0x11, 0x11,
    0x11, 0x11, 0x11, 0x11, 0x11, 0x11, 0x11, 0x11, 0x11, 0x11, 0x11, 0x11, 0x55, 0x16, 0x51, 0x61,
    0x11, 0x11, 0x11, 0x11, 0x11, 0x11, 0x11, 0x11, 0x11, 0x11, 0x11, 0x11, 0x11, 0x11, 0x11, 0x11,
    0x11, 0x61, 0x51, 0x11, 0x11, 0x11, 0x11, 0x11, 0x11, 0x11, 0x11, 0x11, 0x11, 0x11, 0x11, 0x11,
    0x13, 0x11, 0x31, 0x31, 0x13, 0x11, 0x65, 0x11, 0x11, 0x11, 0x11, 0x11, 0x11, 0x11, 0x11, 0x11,
    0x11, 0x11, 0x11, 0x11, 0x11, 0x11, 0x11, 0x11, 0x11, 0x11, 0x11, 0x11, 0x11, 0x11, 0x11, 0x11,
    0x11, 0x11, 0x11, 0x11, 0x11, 0x11, 0x11, 0x13, 0x13, 0x12, 0x11, 0x21, 0x31, 0x21, 0x31, 0x51,
    0x11, 0x11, 0x11, 0x11, 0x11, 0x11, 0x11, 0x11, 0x11, 0x11, 0x13, 0x11, 0x11, 0x11, 0x31, 0x11,
    0x11, 0x11, 0x11, 0x11, 0x11, 0x11, 0x11, 0x11, 0x11, 0x11, 0x11, 0x11, 0x11, 0x11, 0x11, 0x12,
    0x11, 0x31, 0x11, 0x31, 0x13, 0x11, 0x12, 0x15, 0x11, 0x11, 0x11, 0x11, 0x11, 0x11, 0x11, 0x11,
    0x11, 0x11, 0x31, 0x11, 0x31, 0x11, 0x21, 0x11, 0x11, 0x13, 0x11, 0x11, 0x51, 0x11, 0x11, 0x11,
    0x11, 0x11, 0x11, 0x11, 0x11, 0x31, 0x12, 0x11, 0x11, 0x21, 0x11, 0x31, 0x21, 0x11, 0x13, 0x11,
    0x61, 0x51, 0x11, 0x51, 0x11, 0x11, 0x11, 0x13, 0x11, 0x12, 0x11, 0x31, 0x31, 0x13, 0x11, 0x11,
    0x11, 0x31, 0x11, 0x12, 0x15, 0x15, 0x15, 0x11, 0x11, 0x11, 0x13, 0x11, 0x31, 0x11, 0x31, 0x11,
    0x11, 0x11, 0x13, 0x11, 0x31, 0x11, 0x21, 0x11, 0x51, 0x65, 0x15, 0x11, 0x11, 0x13, 0x11, 0x21,
    0x12, 0x11, 0x11, 0x31, 0x21, 0x31, 0x11, 0x21, 0x11, 0x21, 0x11, 0x31, 0x12, 0x15, 0x51, 0x11,
    0x11, 0x11, 0x21, 0x13, 0x11, 0x31, 0x31, 0x11, 0x11, 0x12, 0x11, 0x11, 0x31, 0x11, 0x31, 0x11,
    0x11, 0x11, 0x11, 0x11, 0x11, 0x31, 0x13, 0x11, 0x11, 0x11, 0x12, 0x13, 0x13, 0x11, 0x31, 0x31,
    0x11, 0x31, 0x11, 0x13, 0x11, 0x31, 0x11, 0x11, 0x11, 0x13, 0x11, 0x13, 0x13, 0x12, 0x11, 0x11,
    0x11, 0x11, 0x11, 0x11, 0x21, 0x11, 0x21, 0x11, 0x11, 0x11, 0x11, 0x11, 0x13, 0x11, 0x21, 0x31,
    0x21, 0x11, 0x31, 0x31, 0x21, 0x31, 0x21, 0x13, 0x11, 0x31, 0x13, 0x12, 0x13, 0x12, 0x11, 0x11,
    0x11, 0x21, 0x31, 0x11, 0x13, 0x11, 0x11, 0x11, 0x11, 0x11, 0x13, 0x11, 0x11, 0x11, 0x11, 0x11,
    0x11, 0x11, 0x31, 0x11, 0x31, 0x11, 0x13, 0x12, 0x11, 0x31, 0x21, 0x31, 0x31, 0x21, 0x11, 0x13,
    0x12, 0x13, 0x11, 0x31, 0x13, 0x11, 0x11, 0x11, 0x13, 0x13, 0x11, 0x13, 0x11, 0x11, 0x31, 0x11,
    0x11, 0x13, 0x13, 0x11, 0x11, 0x11, 0x12, 0x11, 0x11, 0x12, 0x11, 0x31, 0x11, 0x21, 0x21, 0x11,
    0x31, 0x21, 0x11, 0x31, 0x21, 0x31, 0x11, 0x21, 0x31, 0x13, 0x11, 0x13, 0x12, 0x11, 0x11, 0x11,
    0x11, 0x31, 0x13, 0x12, 0x11, 0x31, 0x31, 0x11, 0x11, 0x11, 0x21, 0x11, 0x11, 0x21, 0x13, 0x11,
    0x11, 0x13, 0x11, 0x31, 0x11, 0x13, 0x11, 0x31, 0x31, 0x11, 0x12, 0x13, 0x13, 0x13, 0x11, 0x31,
    0x21, 0x13, 0x11, 0x12, 0x13, 0x11, 0x11, 0x11, 0x11, 0x11, 0x21, 0x11, 0x12, 0x13, 0x11, 0x11,
    0x11, 0x11, 0x13, 0x11, 0x13, 0x11, 0x12, 0x11, 0x11, 0x12, 0x11, 0x11, 0x11, 0x31, 0x13, 0x12,
    0x13, 0x11, 0x21, 0x31, 0x21, 0x31, 0x21, 0x13, 0x11, 0x13, 0x11, 0x31, 0x13, 0x11, 0x13, 0x11,
    0x11, 0x13, 0x11, 0x13, 0x11, 0x13, 0x11, 0x13, 0x11, 0x11, 0x13, 0x11, 0x21, 0x11, 0x11, 0x11,
    0x11, 0x13, 0x11, 0x11, 0x11, 0x11, 0x13, 0x11, 0x13, 0x11, 0x13, 0x11, 0x13, 0x13, 0x11, 0x11,
    0x13, 0x11, 0x31, 0x13, 0x11, 0x11, 0x11, 0x11, 0x11, 0x11, 0x11, 0x13, 0x11, 0x21, 0x31, 0x21,
    0x31, 0x11, 0x21, 0x31, 0x11, 0x21, 0x12, 0x11, 0x21, 0x11, 0x11, 0x11, 0x11, 0x11, 0x11, 0x11,
    0x11, 0x11, 0x11, 0x11, 0x11, 0x11, 0x11, 0x11, 0x11, 0x11, 0x11, 0x11, 0x11, 0x11, 0x11, 0x11,
    0x11, 0x11, 0x11, 0x11, 0x11, 0x11, 0x11, 0x11, 0x11, 0x11, 0x11, 0x11, 0x11, 0x11, 0x11, 0x11,
    0x11, 0x11, 0x11, 0x11, 0x11, 0x11, 0x11, 0x11, 0x11, 0x11, 0x11, 0x11, 0x13, 0x11, 0x11, 0x11,
    0x11, 0x11, 0x11, 0x11, 0x11, 0x11, 0x11, 0x11, 0x11, 0x11, 0x11, 0x11, 0x11, 0x11, 0x11, 0x11,
    0x11, 0x11, 0x11, 0x11, 0x11, 0x11, 0x11, 0x11, 0x11, 0x11, 0x11, 0x11, 0x11, 0x11, 0x11, 0x11,
    0x11, 0x11, 0x11, 0x11, 0x11, 0x11, 0x11, 0x11, 0x11, 0x11, 0x11, 0x11, 0x11, 0x11, 0x11, 0x11,
    0x11, 0x11, 0x11, 0x11, 0x11, 0x11, 0x11, 0x11, 0x11, 0x11, 0x11, 0x11, 0x11, 0x31, 0x11, 0x11,
    0x11, 0x11, 0x11, 0x11, 0x11, 0x11, 0x11, 0x11, 0x11, 0x11, 0x11, 0x11, 0x11, 0x11, 0x11, 0x11,
    0x31, 0x11, 0x11, 0x11, 0x11, 0x11, 0x11, 0x11, 0x11, 0x11, 0x11, 0x11, 0x11, 0x11, 0x13, 0x11,
    0x11, 0x11, 0x11, 0x11, 0x11, 0x11, 0x11, 0x11, 0x11, 0x11, 0x11, 0x11, 0x11, 0x11, 0x11, 0x11,
    0x11, 0x11, 0x11, 0x11, 0x11, 0x11, 0x13, 0x11, 0x11, 0x11, 0x11, 0x11, 0x11, 0x11, 0x11, 0x11,
};

// Auto-generated icon: wxs_11d (40x40)
// Each byte holds 2 pixels (high nibble first)
#define ICON_WXS_11D_W 40
#define ICON_WXS_11D_H 40
static const uint8_t PROGMEM icon_wxs_11d[] = {
    0x11, 0x11, 0x11, 0x11, 0x11, 0x11, 0x11, 0x13, 0x13, 0x13, 0x11, 0x11, 0x11, 0x11, 0x11, 0x11,
    0x11, 0x11, 0x11, 0x11, 0x11, 0x11, 0x11, 0x11, 0x11, 0x11, 0x13, 0x21, 0x21, 0x21, 0x31, 0x11,
    0x11, 0x11, 0x11, 0x11, 0x11, 0x11, 0x11, 0x11, 0x11, 0x11, 0x11, 0x11, 0x11, 0x13, 0x13, 0x13,
    0x13, 0x13, 0x12, 0x11, 0x11, 0x11, 0x11, 0x11, 0x11, 0x11, 0x11, 0x11, 0x11, 0x11, 0x11, 0x11,
    0x11, 0x12, 0x31, 0x21, 0x31, 0x21, 0x31, 0x31, 0x11, 0x11, 0x11, 0x11, 0x11, 0x11, 0x11, 0x11,
    0x11, 0x11, 0x11, 0x11, 0x13, 0x13, 0x12, 0x31, 0x21, 0x31, 0x12, 0x13, 0x11, 0x11, 0x11, 0x11,
    0x11, 0x11, 0x11, 0x11, 0x11, 0x11, 0x11, 0x11, 0x12, 0x31, 0x31, 0x13, 0x13, 0x12, 0x31, 0x31,
    0x21, 0x11, 0x11, 0x11, 0x11, 0x11, 0x11, 0x11, 0x11, 0x11, 0x11, 0x31, 0x31, 0x21, 0x23, 0x12,
    0x12, 0x13, 0x12, 0x11, 0x11, 0x11, 0x11, 0x11, 0x11, 0x11, 0x11, 0x11, 0x11, 0x13, 0x12, 0x13,
    0x21, 0x31, 0x31, 0x31, 0x31, 0x31, 0x31, 0x13, 0x11, 0x31, 0x11, 0x11, 0x11, 0x11, 0x11, 0x11,
    0x11, 0x21, 0x33, 0x21, 0x31, 0x23, 0x12, 0x13, 0x12, 0x12, 0x11, 0x11, 0x11, 0x11, 0x11, 0x11,
    0x11, 0x11, 0x11, 0x11, 0x13, 0x13, 0x21, 0x31, 0x23, 0x12, 0x31, 0x32, 0x13, 0x11, 0x31, 0x13,
    0x12, 0x13, 0x13, 0x11, 0x11, 0x11, 0x11, 0x11, 0x12, 0x31, 0x32, 0x13, 0x12, 0x31, 0x12, 0x13,
    0x12, 0x11, 0x11, 0x11, 0x11, 0x11, 0x11, 0x11, 0x11, 0x11, 0x11, 0x11, 0x31, 0x23, 0x13, 0x21,
    0x31, 0x32, 0x31, 0x32, 0x13, 0x13, 0x12, 0x13, 0x11, 0x31, 0x12, 0x13, 0x11, 0x11, 0x11, 0x11,
    0x23, 0x12, 0x31, 0x32, 0x32, 0x11, 0x32, 0x11, 0x31, 0x11, 0x11, 0x11, 0x11, 0x11, 0x11, 0x11,
    0x11, 0x11, 0x11, 0x11, 0x32, 0x31, 0x23, 0x11, 0x31, 0x32, 0x11, 0x11, 0x11, 0x21, 0x31, 0x13,
    0x12, 0x13, 0x11, 0x31, 0x13, 0x11, 0x11, 0x11, 0x13, 0x23, 0x12, 0x32, 0x12, 0x13, 0x13, 0x13,
    0x11, 0x31, 0x11, 0x21, 0x11, 0x11, 0x11, 0x11, 0x11, 0x11, 0x11, 0x11, 0x23, 0x12, 0x31, 0x31,
    0x33, 0x11, 0x11, 0x11, 0x21, 0x11, 0x31, 0x11, 0x31, 0x13, 0x12, 0x13, 0x11, 0x11, 0x11, 0x11,
    0x31, 0x31, 0x23, 0x21, 0x21, 0x13, 0x12, 0x13, 0x11, 0x31, 0x11, 0x31, 0x11, 0x11, 0x11, 0x11,
    0x12, 0x11, 0x11, 0x11, 0x12, 0x32, 0x31, 0x32, 0x31, 0x21, 0x13, 0x11, 0x13, 0x12, 0x11, 0x12,
    0x13, 0x12, 0x13, 0x11, 0x11, 0x31, 0x11, 0x11, 0x11, 0x13, 0x21, 0x31, 0x21, 0x13, 0x11, 0x13,
    0x11, 0x11, 0x31, 0x11, 0x11, 0x11, 0x11, 0x13, 0x11, 0x11, 0x31, 0x11, 0x11, 0x12, 0x32, 0x13,
    0x31, 0x11, 0x31, 0x21, 0x12, 0x11, 0x12, 0x13, 0x12, 0x13, 0x11, 0x21, 0x13, 0x11, 0x11, 0x11,
    0x11, 0x11, 0x13, 0x21, 0x21, 0x31, 0x11, 0x13, 0x11, 0x31, 0x31, 0x11, 0x11, 0x11, 0x13, 0x11,
    0x11, 0x21, 0x13, 0x11, 0x11, 0x11, 0x11, 0x11, 0x11, 0x12, 0x13, 0x11, 0x31, 0x11, 0x11, 0x31,
    0x31, 0x31, 0x11, 0x13, 0x11, 0x11, 0x11, 0x21, 0x11, 0x11, 0x11, 0x11, 0x13, 0x13, 0x11, 0x21,
    0x12, 0x13, 0x12, 0x11, 0x11, 0x12, 0x13, 0x11, 0x21, 0x31, 0x21, 0x11, 0x11, 0x11, 0x11, 0x11,
    0x11, 0x11, 0x31, 0x13, 0x11, 0x11, 0x11, 0x31, 0x21, 0x11, 0x11, 0x21, 0x11, 0x11, 0x11, 0x31,
    0x11, 0x11, 0x11, 0x11, 0x11, 0x31, 0x12, 0x11, 0x31, 0x31, 0x31, 0x11, 0x13, 0x13, 0x11, 0x13,
    0x11, 0x31, 0x31, 0x11, 0x11, 0x11, 0x11, 0x11, 0x11, 0x11, 0x31, 0x31, 0x11, 0x21, 0x12, 0x13,
    0x11, 0x11, 0x21, 0x11, 0x11, 0x11, 0x11, 0x11, 0x11, 0x11, 0x11, 0x11, 0x11, 0x11, 0x11, 0x11,
    0x31, 0x13, 0x11, 0x11, 0x13, 0x11, 0x13, 0x11, 0x31, 0x12, 0x11, 0x11, 0x11, 0x11, 0x11, 0x11,
    0x11, 0x11, 0x11, 0x11, 0x11, 0x11, 0x21, 0x21, 0x21, 0x21, 0x11, 0x11, 0x11, 0x11, 0x11, 0x11,
    0x11, 0x11, 0x11, 0x11, 0x11, 0x11, 0x11, 0x11, 0x11, 0x65, 0x16, 0x16, 0x15, 0x11, 0x11, 0x11,
    0x11, 0x11, 0x11, 0x11, 0x11, 0x11, 0x11, 0x11, 0x11, 0x11, 0x11, 0x11, 0x11, 0x16, 0x16, 0x16,
    0x16, 0x16, 0x11, 0x11, 0x11, 0x11, 0x11, 0x11, 0x11, 0x11, 0x11, 0x31, 0x11, 0x11, 0x11, 0x11,
    0x11, 0x56, 0x16, 0x61, 0x61, 0x61, 0x51, 0x11, 0x11, 0x13, 0x11, 0x11, 0x11, 0x11, 0x11, 0x11,
    0x11, 0x11, 0x31, 0x11, 0x11, 0x16, 0x16, 0x16, 0x16, 0x16, 0x11, 0x11, 0x31, 0x11, 0x11, 0x11,
    0x11, 0x11, 0x11, 0x11, 0x11, 0x11, 0x11, 0x11, 0x11, 0x11, 0x61, 0x61, 0x65, 0x61, 0x61, 0x11,
    0x13, 0x11, 0x11, 0x11, 0x11, 0x11, 0x11, 0x11, 0x11, 0x11, 0x11, 0x11, 0x11, 0x11, 0x56, 0x16,
    0x16, 0x16, 0x11, 0x11, 0x11, 0x11, 0x11, 0x11, 0x11, 0x11, 0x11, 0x11, 0x11, 0x11, 0x11, 0x11,
    0x11, 0x11, 0x16, 0x56, 0x16, 0x11, 0x11, 0x11, 0x11, 0x11, 0x11, 0x11, 0x11, 0x11, 0x11, 0x11,
    0x11, 0x11, 0x11, 0x31, 0x11, 0x16, 0x51, 0x61, 0x61, 0x11, 0x11, 0x11, 0x11, 0x11, 0x11, 0x11,
    0x11, 0x11, 0x11, 0x11, 0x11, 0x11, 0x11, 0x11, 0x11, 0x11, 0x66, 0x16, 0x11, 0x11, 0x11, 0x11,
    0x11, 0x11, 0x11, 0x11, 0x11, 0x11, 0x11, 0x11, 0x11, 0x11, 0x11, 0x31, 0x11, 0x65, 0x16, 0x11,
    0x11, 0x11, 0x11, 0x11, 0x11, 0x11, 0x11, 0x11, 0x11, 0x11, 0x11, 0x11, 0x11, 0x11, 0x11, 0x11,
    0x11, 0x61, 0x66, 0x11, 0x11, 0x13, 0x11, 0x11, 0x11, 0x11, 0x11, 0x11, 0x11, 0x11, 0x11, 0x11,
    0x11, 0x11, 0x11, 0x11, 0x11, 0x16, 0x11, 0x11, 0x11, 0x11, 0x11, 0x11, 0x11, 0x11, 0x11, 0x11,
};

// Auto-generated icon: wxs_13d (40x40)
// Each byte holds 2 pixels (high nibble first)
#define ICON_WXS_13D_W 40
#define ICON_WXS_13D_H 40
static const uint8_t PROGMEM icon_wxs_13d[] = {
    0x11, 0x11, 0x11, 0x11, 0x11, 0x11, 0x11, 0x13, 0x13, 0x13, 0x11, 0x11, 0x11, 0x11, 0x11, 0x11,
    0x11, 0x11, 0x11, 0x11, 0x11, 0x11, 0x11, 0x11, 0x11, 0x11, 0x13, 0x21, 0x21, 0x21, 0x31, 0x11,
    0x11, 0x11, 0x11, 0x11, 0x11, 0x11, 0x11, 0x11, 0x11, 0x11, 0x11, 0x11, 0x11, 0x13, 0x13, 0x13,
    0x13, 0x13, 0x12, 0x11, 0x11, 0x11, 0x11, 0x11, 0x11, 0x11, 0x11, 0x11, 0x11, 0x11, 0x11, 0x11,
    0x11, 0x12, 0x31, 0x21, 0x31, 0x21, 0x31, 0x31, 0x11, 0x11, 0x11, 0x11, 0x11, 0x11, 0x11, 0x11,
    0x11, 0x11, 0x11, 0x11, 0x13, 0x13, 0x12, 0x31, 0x21, 0x31, 0x12, 0x13, 0x11, 0x11, 0x11, 0x11,
    0x11, 0x11, 0x11, 0x11, 0x11, 0x11, 0x11, 0x11, 0x12, 0x31, 0x31, 0x13, 0x13, 0x12, 0x31, 0x31,
    0x21, 0x11, 0x11, 0x11, 0x11, 0x11, 0x11, 0x11, 0x11, 0x11, 0x11, 0x31, 0x31, 0x21, 0x23, 0x12,
    0x12, 0x13, 0x12, 0x11, 0x11, 0x11, 0x11, 0x11, 0x11, 0x11, 0x11, 0x11, 0x11, 0x13, 0x12, 0x13,
    0x21, 0x31, 0x31, 0x31, 0x31, 0x31, 0x31, 0x13, 0x11, 0x31, 0x11, 0x11, 0x11, 0x11, 0x11, 0x11,
    0x11, 0x21, 0x33, 0x21, 0x31, 0x23, 0x12, 0x13, 0x12, 0x12, 0x11, 0x11, 0x11, 0x11, 0x11, 0x11,
    0x11, 0x11, 0x11, 0x11, 0x13, 0x13, 0x21, 0x31, 0x23, 0x12, 0x31, 0x32, 0x13, 0x11, 0x31, 0x13,
    0x12, 0x13, 0x13, 0x11, 0x11, 0x11, 0x11, 0x11, 0x12, 0x31, 0x32, 0x13, 0x12, 0x31, 0x12, 0x13,
    0x12, 0x11, 0x11, 0x11, 0x11, 0x11, 0x11, 0x11, 0x11, 0x11, 0x11, 0x11, 0x31, 0x23, 0x13, 0x21,
    0x31, 0x32, 0x31, 0x32, 0x13, 0x13, 0x12, 0x13, 0x11, 0x31, 0x12, 0x13, 0x11, 0x11, 0x11, 0x11,
    0x23, 0x12, 0x31, 0x32, 0x32, 0x11, 0x32, 0x11, 0x31, 0x11, 0x11, 0x11, 0x11, 0x11, 0x11, 0x11,
    0x11, 0x11, 0x11, 0x11, 0x32, 0x31, 0x23, 0x11, 0x31, 0x32, 0x11, 0x11, 0x11, 0x21, 0x31, 0x13,
    0x12, 0x13, 0x11, 0x31, 0x13, 0x11, 0x11, 0x11, 0x13, 0x23, 0x12, 0x32, 0x12, 0x13, 0x13, 0x13,
    0x11, 0x31, 0x11, 0x21, 0x11, 0x11, 0x11, 0x11, 0x11, 0x11, 0x11, 0x11, 0x23, 0x12, 0x31, 0x31,
    0x33, 0x11, 0x11, 0x11, 0x21, 0x11, 0x31, 0x11, 0x31, 0x13, 0x12, 0x13, 0x11, 0x11, 0x11, 0x11,
    0x31, 0x31, 0x23, 0x21, 0x21, 0x13, 0x12, 0x13, 0x11, 0x31, 0x11, 0x31, 0x11, 0x11, 0x11, 0x11,
    0x12, 0x11, 0x11, 0x11, 0x12, 0x32, 0x31, 0x32, 0x31, 0x21, 0x13, 0x11, 0x13, 0x12, 0x11, 0x12,
    0x13, 0x12, 0x13, 0x11, 0x11, 0x31, 0x11, 0x11, 0x11, 0x31, 0x23, 0x13, 0x11, 0x31, 0x11, 0x13,
    0x11, 0x11, 0x31, 0x11, 0x11, 0x11, 0x11, 0x13, 0x11, 0x11, 0x31, 0x11, 0x11, 0x13, 0x12, 0x32,
    0x31, 0x13, 0x12, 0x11, 0x21, 0x31, 0x11, 0x31, 0x31, 0x31, 0x13, 0x11, 0x21, 0x11, 0x11, 0x11,
    0x11, 0x11, 0x31, 0x21, 0x21, 0x11, 0x13, 0x11, 0x31, 0x11, 0x21, 0x11, 0x11, 0x12, 0x11, 0x21,
    0x11, 0x31, 0x21, 0x31, 0x11, 0x11, 0x11, 0x11, 0x13, 0x12, 0x11, 0x31, 0x11, 0x31, 0x13, 0x12,
    0x12, 0x11, 0x11, 0x11, 0x31, 0x11, 0x11, 0x11, 0x11, 0x11, 0x11, 0x11, 0x11, 0x13, 0x11, 0x12,
    0x13, 0x12, 0x11, 0x11, 0x31, 0x13, 0x13, 0x11, 0x11, 0x21, 0x31, 0x13, 0x11, 0x11, 0x11, 0x11,
    0x11, 0x11, 0x31, 0x31, 0x11, 0x11, 0x31, 0x31, 0x11, 0x11, 0x11, 0x13, 0x11, 0x11, 0x11, 0x11,
    0x11, 0x11, 0x11, 0x11, 0x11, 0x31, 0x12, 0x11, 0x31, 0x31, 0x11, 0x12, 0x13, 0x12, 0x13, 0x11,
    0x21, 0x31, 0x13, 0x11, 0x11, 0x11, 0x11, 0x11, 0x11, 0x11, 0x31, 0x31, 0x12, 0x11, 0x21, 0x31,
    0x11, 0x13, 0x11, 0x21, 0x11, 0x11, 0x11, 0x11, 0x11, 0x11, 0x11, 0x11, 0x11, 0x11, 0x11, 0x11,
    0x31, 0x13, 0x11, 0x11, 0x31, 0x11, 0x11, 0x11, 0x31, 0x13, 0x11, 0x11, 0x11, 0x11, 0x11, 0x11,
    0x11, 0x11, 0x11, 0x11, 0x11, 0x11, 0x11, 0x11, 0x11, 0x31, 0x13, 0x11, 0x11, 0x11, 0x11, 0x11,
    0x11, 0x11, 0x11, 0x11, 0x11, 0x11, 0x11, 0x11, 0x11, 0x11, 0x11, 0x11, 0x11, 0x11, 0x11, 0x11,
    0x11, 0x11, 0x11, 0x11, 0x11, 0x11, 0x11, 0x11, 0x11, 0x11, 0x11, 0x11, 0x11, 0x11, 0x11, 0x11,
    0x11, 0x11, 0x11, 0x11, 0x11, 0x11, 0x11, 0x11, 0x11, 0x11, 0x11, 0x11, 0x13, 0x13, 0x11, 0x11,
    0x11, 0x11, 0x31, 0x31, 0x11, 0x11, 0x11, 0x13, 0x13, 0x11, 0x11, 0x11, 0x11, 0x11, 0x11, 0x11,
    0x11, 0x11, 0x11, 0x11, 0x11, 0x11, 0x11, 0x11, 0x11, 0x11, 0x11, 0x11, 0x11, 0x11, 0x11, 0x11,
    0x11, 0x11, 0x11, 0x11, 0x11, 0x11, 0x11, 0x11, 0x11, 0x11, 0x11, 0x11, 0x11, 0x11, 0x11, 0x11,
    0x31, 0x11, 0x11, 0x11, 0x11, 0x11, 0x11, 0x11, 0x11, 0x11, 0x11, 0x11, 0x11, 0x11, 0x11, 0x11,
    0x11, 0x11, 0x11, 0x11, 0x11, 0x11, 0x11, 0x11, 0x11, 0x11, 0x11, 0x11, 0x11, 0x11, 0x11, 0x11,
    0x11, 0x11, 0x11, 0x11, 0x11, 0x11, 0x11, 0x11, 0x11, 0x11, 0x11, 0x11, 0x11, 0x11, 0x11, 0x11,
    0x11, 0x11, 0x11, 0x11, 0x11, 0x11, 0x11, 0x11, 0x11, 0x11, 0x11, 0x11, 0x11, 0x11, 0x11, 0x11,
    0x11, 0x11, 0x11, 0x11, 0x11, 0x11, 0x11, 0x11, 0x31, 0x11, 0x11, 0x11, 0x11, 0x11, 0x31, 0x11,
    0x11, 0x11, 0x11, 0x11, 0x11, 0x11, 0x11, 0x11, 0x11, 0x11, 0x11, 0x31, 0x11, 0x11, 0x11, 0x11,
    0x11, 0x31, 0x11, 0x11, 0x11, 0x11, 0x11, 0x11, 0x11, 0x11, 0x11, 0x11, 0x11, 0x11, 0x11, 0x11,
    0x31, 0x11, 0x11, 0x11, 0x11, 0x11, 0x31, 0x11, 0x11, 0x11, 0x11, 0x11, 0x11, 0x11, 0x11, 0x11,
    0x11, 0x11, 0x11, 0x11, 0x11, 0x11, 0x11, 0x11, 0x11, 0x11, 0x11, 0x11, 0x11, 0x11, 0x11, 0x11,
};

// Auto-generated icon: wxs_48d (40x40)
// Each byte holds 2 pixels (high nibble first)
#define ICON_WXS_48D_W 40
#define ICON_WXS_48D_H 40
static const uint8_t PROGMEM icon_wxs_48d[] = {
    0x11, 0x11, 0x11, 0x11, 0x11, 0x11, 0x11, 0x11, 0x11, 0x11, 0x11, 0x11, 0x11, 0x11, 0x11, 0x11,
    0x11, 0x11, 0x11, 0x11, 0x11, 0x11, 0x11, 0x11, 0x11, 0x11, 0x11, 0x11, 0x11, 0x11, 0x11, 0x11,
    0x11, 0x11, 0x11, 0x11, 0x11, 0x11, 0x11, 0x11, 0x11, 0x11, 0x11, 0x11, 0x11, 0x11, 0x11, 0x11,
    0x11, 0x11, 0x11, 0x11, 0x11, 0x11, 0x11, 0x11, 0x11, 0x11, 0x11, 0x11, 0x11, 0x11, 0x11, 0x11,
    0x11, 0x11, 0x11, 0x11, 0x11, 0x11, 0x11, 0x11, 0x11, 0x11, 0x11, 0x11, 0x11, 0x11, 0x11, 0x11,
    0x11, 0x11, 0x11, 0x11, 0x11, 0x11, 0x11, 0x11, 0x11, 0x13, 0x11, 0x31, 0x11, 0x11, 0x11, 0x11,
    0x11, 0x11, 0x11, 0x11, 0x11, 0x11, 0x11, 0x11, 0x11, 0x11, 0x11, 0x11, 0x13, 0x11, 0x11, 0x11,
    0x31, 0x11, 0x11, 0x11, 0x11, 0x11, 0x11, 0x11, 0x11, 0x11, 0x11, 0x11, 0x11, 0x11, 0x11, 0x13,
    0x11, 0x12, 0x13, 0x11, 0x11, 0x21, 0x11, 0x11, 0x11, 0x11, 0x11, 0x11, 0x11, 0x11, 0x11, 0x11,
    0x11, 0x11, 0x11, 0x31, 0x12, 0x11, 0x11, 0x12, 0x11, 0x11, 0x31, 0x11, 0x11, 0x11, 0x11, 0x11,
    0x11, 0x11, 0x11, 0x11, 0x11, 0x11, 0x11, 0x11, 0x31, 0x13, 0x11, 0x11, 0x31, 0x31, 0x11, 0x11,
    0x11, 0x11, 0x11, 0x11, 0x11, 0x11, 0x11, 0x11, 0x11, 0x11, 0x31, 0x21, 0x11, 0x11, 0x13, 0x11,
    0x11, 0x11, 0x13, 0x11, 0x11, 0x11, 0x11, 0x11, 0x11, 0x11, 0x11, 0x11, 0x11, 0x11, 0x11, 0x13,
    0x13, 0x12, 0x11, 0x12, 0x11, 0x13, 0x11, 0x11, 0x11, 0x11, 0x11, 0x11, 0x11, 0x11, 0x11, 0x11,
    0x11, 0x13, 0x13, 0x11, 0x11, 0x11, 0x13, 0x11, 0x13, 0x11, 0x12, 0x11, 0x11, 0x11, 0x11, 0x11,
    0x11, 0x11, 0x11, 0x31, 0x31, 0x31, 0x11, 0x21, 0x12, 0x13, 0x11, 0x13, 0x11, 0x12, 0x11, 0x11,
    0x11, 0x11, 0x11, 0x11, 0x11, 0x11, 0x31, 0x11, 0x12, 0x11, 0x21, 0x13, 0x11, 0x11, 0x12, 0x11,
    0x12, 0x11, 0x13, 0x11, 0x11, 0x11, 0x11, 0x11, 0x11, 0x11, 0x12, 0x13, 0x11, 0x31, 0x13, 0x11,
    0x13, 0x11, 0x31, 0x13, 0x11, 0x13, 0x11, 0x13, 0x11, 0x11, 0x11, 0x11, 0x11, 0x31, 0x31, 0x11,
    0x21, 0x11, 0x11, 0x13, 0x11, 0x12, 0x11, 0x11, 0x13, 0x11, 0x11, 0x11, 0x11, 0x11, 0x11, 0x11,
    0x11, 0x12, 0x13, 0x11, 0x31, 0x32, 0x13, 0x11, 0x21, 0x31, 0x13, 0x12, 0x11, 0x12, 0x13, 0x12,
    0x13, 0x11, 0x11, 0x11, 0x13, 0x11, 0x32, 0x32, 0x12, 0x31, 0x32, 0x32, 0x32, 0x32, 0x32, 0x33,
    0x23, 0x13, 0x23, 0x23, 0x12, 0x32, 0x11, 0x11, 0x11, 0x31, 0x12, 0x13, 0x31, 0x23, 0x12, 0x13,
    0x11, 0x31, 0x21, 0x21, 0x32, 0x32, 0x13, 0x12, 0x32, 0x13, 0x11, 0x11, 0x13, 0x12, 0x11, 0x31,
    0x21, 0x11, 0x13, 0x11, 0x11, 0x21, 0x31, 0x11, 0x11, 0x11, 0x11, 0x11, 0x11, 0x11, 0x13, 0x11,
    0x11, 0x13, 0x11, 0x11, 0x13, 0x13, 0x11, 0x13, 0x13, 0x11, 0x11, 0x31, 0x11, 0x31, 0x13, 0x11,
    0x31, 0x13, 0x11, 0x11, 0x31, 0x21, 0x13, 0x13, 0x11, 0x21, 0x13, 0x12, 0x11, 0x31, 0x31, 0x12,
    0x31, 0x12, 0x11, 0x31, 0x11, 0x11, 0x12, 0x11, 0x11, 0x31, 0x12, 0x11, 0x23, 0x13, 0x12, 0x13,
    0x12, 0x11, 0x21, 0x31, 0x13, 0x13, 0x12, 0x13, 0x21, 0x31, 0x11, 0x11, 0x11, 0x13, 0x11, 0x31,
    0x11, 0x11, 0x31, 0x11, 0x13, 0x13, 0x11, 0x13, 0x11, 0x21, 0x11, 0x11, 0x11, 0x11, 0x31, 0x11,
    0x13, 0x11, 0x21, 0x13, 0x13, 0x11, 0x12, 0x13, 0x11, 0x11, 0x13, 0x11, 0x21, 0x11, 0x31, 0x31,
    0x31, 0x11, 0x11, 0x31, 0x11, 0x21, 0x31, 0x11, 0x21, 0x23, 0x11, 0x11, 0x23, 0x12, 0x11, 0x21,
    0x13, 0x11, 0x12, 0x11, 0x11, 0x21, 0x31, 0x11, 0x11, 0x11, 0x12, 0x32, 0x31, 0x32, 0x32, 0x33,
    0x21, 0x31, 0x32, 0x33, 0x21, 0x32, 0x33, 0x23, 0x23, 0x31, 0x12, 0x11, 0x11, 0x11, 0x31, 0x31,
    0x23, 0x13, 0x13, 0x21, 0x32, 0x32, 0x31, 0x21, 0x32, 0x31, 0x21, 0x31, 0x32, 0x12, 0x11, 0x11,
    0x11, 0x11, 0x11, 0x23, 0x11, 0x11, 0x11, 0x11, 0x11, 0x11, 0x11, 0x11, 0x11, 0x11, 0x11, 0x11,
    0x11, 0x11, 0x11, 0x11, 0x11, 0x11, 0x11, 0x11, 0x11, 0x11, 0x11, 0x11, 0x11, 0x11, 0x11, 0x11,
    0x11, 0x11, 0x11, 0x11, 0x11, 0x11, 0x11, 0x11, 0x11, 0x11, 0x11, 0x11, 0x11, 0x11, 0x11, 0x11,
    0x11, 0x11, 0x11, 0x11, 0x11, 0x11, 0x11, 0x11, 0x11, 0x11, 0x11, 0x11, 0x11, 0x11, 0x11, 0x11,
    0x11, 0x11, 0x11, 0x11, 0x11, 0x11, 0x11, 0x11, 0x11, 0x11, 0x11, 0x11, 0x11, 0x11, 0x11, 0x11,
    0x11, 0x11, 0x11, 0x11, 0x11, 0x13, 0x11, 0x11, 0x11, 0x13, 0x11, 0x11, 0x11, 0x11, 0x31, 0x11,
    0x11, 0x11, 0x11, 0x11, 0x11, 0x11, 0x11, 0x11, 0x11, 0x11, 0x11, 0x11, 0x11, 0x11, 0x11, 0x11,
    0x11, 0x11, 0x11, 0x11, 0x11, 0x11, 0x11, 0x11, 0x11, 0x11, 0x11, 0x11, 0x11, 0x11, 0x11, 0x11,
    0x11, 0x11, 0x11, 0x11, 0x11, 0x11, 0x11, 0x11, 0x11, 0x11, 0x11, 0x11, 0x11, 0x11, 0x11, 0x11,
    0x11, 0x11, 0x11, 0x11, 0x11, 0x11, 0x11, 0x11, 0x11, 0x11, 0x11, 0x11, 0x11, 0x11, 0x11, 0x11,
    0x11, 0x11, 0x11, 0x11, 0x11, 0x11, 0x11, 0x11, 0x11, 0x11, 0x11, 0x11, 0x11, 0x11, 0x11, 0x11,
    0x11, 0x11, 0x11, 0x11, 0x11, 0x11, 0x11, 0x11, 0x11, 0x11, 0x11, 0x13, 0x11, 0x11, 0x11, 0x11,
    0x31, 0x11, 0x11, 0x11, 0x11, 0x11, 0x11, 0x11, 0x11, 0x11, 0x11, 0x11, 0x11, 0x11, 0x11, 0x11,
    0x11, 0x11, 0x11, 0x11, 0x11, 0x11, 0x11, 0x11, 0x11, 0x11, 0x11, 0x11, 0x11, 0x11, 0x11, 0x11,
    0x11, 0x11, 0x11, 0x11, 0x11, 0x11, 0x11, 0x11, 0x11, 0x11, 0x11, 0x11, 0x11, 0x11, 0x11, 0x11,
};

// Auto-generated icon: wxs_50d (40x40)
// Each byte holds 2 pixels (high nibble first)
#define ICON_WXS_50D_W 40
#define ICON_WXS_50D_H 40
static const uint8_t PROGMEM icon_wxs_50d[] = {
    0x11, 0x11, 0x11, 0x11, 0x11, 0x11, 0x11, 0x11, 0x11, 0x11, 0x11, 0x11, 0x11, 0x11, 0x11, 0x11,
    0x11, 0x11, 0x11, 0x11, 0x11, 0x11, 0x11, 0x11, 0x11, 0x11, 0x11, 0x11, 0x11, 0x11, 0x11, 0x11,
    0x11, 0x11, 0x11, 0x11, 0x11, 0x11, 0x11, 0x11, 0x11, 0x11, 0x11, 0x11, 0x11, 0x11, 0x11, 0x11,
    0x11, 0x11, 0x11, 0x11, 0x11, 0x11, 0x11, 0x11, 0x11, 0x11, 0x11, 0x11, 0x11, 0x11, 0x11, 0x11,
    0x11, 0x11, 0x11, 0x11, 0x11, 0x11, 0x11, 0x11, 0x11, 0x11, 0x11, 0x11, 0x11, 0x11, 0x11, 0x11,
    0x11, 0x11, 0x11, 0x11, 0x11, 0x11, 0x11, 0x11, 0x11, 0x13, 0x11, 0x31, 0x11, 0x11, 0x11, 0x11,
    0x11, 0x11, 0x11, 0x11, 0x11, 0x11, 0x11, 0x11, 0x11, 0x11, 0x11, 0x11, 0x13, 0x11, 0x11, 0x11,
    0x31, 0x11, 0x11, 0x11, 0x11, 0x11, 0x11, 0x11, 0x11, 0x11, 0x11, 0x11, 0x11, 0x11, 0x11, 0x13,
    0x11, 0x12, 0x13, 0x11, 0x11, 0x21, 0x11, 0x11, 0x11, 0x11, 0x11, 0x11, 0x11, 0x11, 0x11, 0x11,
    0x11, 0x11, 0x11, 0x31, 0x12, 0x11, 0x11, 0x12, 0x11, 0x11, 0x31, 0x11, 0x11, 0x11, 0x11, 0x11,
    0x11, 0x11, 0x11, 0x11, 0x11, 0x11, 0x11, 0x11, 0x31, 0x13, 0x11, 0x11, 0x31, 0x31, 0x11, 0x11,
    0x11, 0x11, 0x11, 0x11, 0x11, 0x11, 0x11, 0x11, 0x11, 0x11, 0x31, 0x21, 0x11, 0x11, 0x13, 0x11,
    0x11, 0x11, 0x13, 0x11, 0x11, 0x11, 0x11, 0x11, 0x11, 0x11, 0x11, 0x11, 0x11, 0x11, 0x11, 0x13,
    0x13, 0x12, 0x11, 0x12, 0x11, 0x13, 0x11, 0x11, 0x11, 0x11, 0x11, 0x11, 0x11, 0x11, 0x11, 0x11,
    0x11, 0x13, 0x13, 0x11, 0x11, 0x11, 0x13, 0x11, 0x13, 0x11, 0x12, 0x11, 0x11, 0x11, 0x11, 0x11,
    0x11, 0x11, 0x11, 0x31, 0x31, 0x31, 0x11, 0x21, 0x12, 0x13, 0x11, 0x13, 0x11, 0x12, 0x11, 0x11,
    0x11, 0x11, 0x11, 0x11, 0x11, 0x11, 0x31, 0x11, 0x12, 0x11, 0x21, 0x13, 0x11, 0x11, 0x12, 0x11,
    0x12, 0x11, 0x13, 0x11, 0x11, 0x11, 0x11, 0x11, 0x11, 0x11, 0x12, 0x13, 0x11, 0x31, 0x13, 0x11,
    0x13, 0x11, 0x31, 0x13, 0x11, 0x13, 0x11, 0x13, 0x11, 0x11, 0x11, 0x11, 0x11, 0x31, 0x31, 0x11,
    0x21, 0x11, 0x11, 0x13, 0x11, 0x12, 0x11, 0x11, 0x13, 0x11, 0x11, 0x11, 0x11, 0x11, 0x11, 0x11,
    0x11, 0x12, 0x13, 0x11, 0x31, 0x32, 0x13, 0x11, 0x21, 0x31, 0x13, 0x12, 0x11, 0x12, 0x13, 0x12,
    0x13, 0x11, 0x11, 0x11, 0x13, 0x11, 0x32, 0x32, 0x12, 0x31, 0x32, 0x32, 0x32, 0x32, 0x32, 0x33,
    0x23, 0x13, 0x23, 0x23, 0x12, 0x32, 0x11, 0x11, 0x11, 0x31, 0x12, 0x13, 0x31, 0x23, 0x12, 0x13,
    0x11, 0x31, 0x21, 0x21, 0x32, 0x32, 0x13, 0x12, 0x32, 0x13, 0x11, 0x11, 0x13, 0x12, 0x11, 0x31,
    0x21, 0x11, 0x13, 0x11, 0x11, 0x21, 0x31, 0x11, 0x11, 0x11, 0x11, 0x11, 0x11, 0x11, 0x13, 0x11,
    0x11, 0x13, 0x11, 0x11, 0x13, 0x13, 0x11, 0x13, 0x13, 0x11, 0x11, 0x31, 0x11, 0x31, 0x13, 0x11,
    0x31, 0x13, 0x11, 0x11, 0x31, 0x21, 0x13, 0x13, 0x11, 0x21, 0x13, 0x12, 0x11, 0x31, 0x31, 0x12,
    0x31, 0x12, 0x11, 0x31, 0x11, 0x11, 0x12, 0x11, 0x11, 0x31, 0x12, 0x11, 0x23, 0x13, 0x12, 0x13,
    0x12, 0x11, 0x21, 0x31, 0x13, 0x13, 0x12, 0x13, 0x21, 0x31, 0x11, 0x11, 0x11, 0x13, 0x11, 0x31,
    0x11, 0x11, 0x31, 0x11, 0x13, 0x13, 0x11, 0x13, 0x11, 0x21, 0x11, 0x11, 0x11, 0x11, 0x31, 0x11,
    0x13, 0x11, 0x21, 0x13, 0x13, 0x11, 0x12, 0x13, 0x11, 0x11, 0x13, 0x11, 0x21, 0x11, 0x31, 0x31,
    0x31, 0x11, 0x11, 0x31, 0x11, 0x21, 0x31, 0x11, 0x21, 0x23, 0x11, 0x11, 0x23, 0x12, 0x11, 0x21,
    0x13, 0x11, 0x12, 0x11, 0x11, 0x21, 0x31, 0x11, 0x11, 0x11, 0x12, 0x32, 0x31, 0x32, 0x32, 0x33,
    0x21, 0x31, 0x32, 0x33, 0x21, 0x32, 0x33, 0x23, 0x23, 0x31, 0x12, 0x11, 0x11, 0x11, 0x31, 0x31,
    0x23, 0x13, 0x13, 0x21, 0x32, 0x32, 0x31, 0x21, 0x32, 0x31, 0x21, 0x31, 0x32, 0x12, 0x11, 0x11,
    0x11, 0x11, 0x11, 0x23, 0x11, 0x11, 0x11, 0x11, 0x11, 0x11, 0x11, 0x11, 0x11, 0x11, 0x11, 0x11,
    0x11, 0x11, 0x11, 0x11, 0x11, 0x11, 0x11, 0x11, 0x11, 0x11, 0x11, 0x11, 0x11, 0x11, 0x11, 0x11,
    0x11, 0x11, 0x11, 0x11, 0x11, 0x11, 0x11, 0x11, 0x11, 0x11, 0x11, 0x11, 0x11, 0x31, 0x11, 0x11,
    0x31, 0x11, 0x11, 0x13, 0x11, 0x11, 0x13, 0x11, 0x11, 0x11, 0x11, 0x11, 0x11, 0x11, 0x11, 0x11,
    0x31, 0x13, 0x11, 0x31, 0x13, 0x11, 0x31, 0x31, 0x13, 0x13, 0x11, 0x31, 0x11, 0x11, 0x11, 0x11,
    0x11, 0x11, 0x11, 0x11, 0x31, 0x11, 0x31, 0x11, 0x11, 0x31, 0x11, 0x11, 0x11, 0x11, 0x11, 0x13,
    0x11, 0x11, 0x11, 0x11, 0x11, 0x11, 0x11, 0x11, 0x11, 0x11, 0x11, 0x11, 0x11, 0x11, 0x11, 0x11,
    0x11, 0x11, 0x11, 0x11, 0x11, 0x11, 0x11, 0x11, 0x11, 0x11, 0x11, 0x11, 0x11, 0x11, 0x11, 0x11,
    0x11, 0x11, 0x11, 0x11, 0x11, 0x11, 0x11, 0x11, 0x11, 0x11, 0x11, 0x11, 0x11, 0x11, 0x13, 0x23,
    0x23, 0x13, 0x23, 0x23, 0x13, 0x23, 0x23, 0x13, 0x23, 0x23, 0x23, 0x23, 0x23, 0x13, 0x11, 0x11,
    0x11, 0x11, 0x12, 0x13, 0x12, 0x32, 0x13, 0x12, 0x32, 0x13, 0x12, 0x32, 0x13, 0x13, 0x13, 0x13,
    0x12, 0x31, 0x11, 0x11, 0x11, 0x11, 0x11, 0x11, 0x11, 0x11, 0x11, 0x11, 0x11, 0x11, 0x11, 0x11,
    0x11, 0x11, 0x11, 0x11, 0x11, 0x11, 0x11, 0x11, 0x11, 0x11, 0x11, 0x11, 0x11, 0x11, 0x11, 0x11,
    0x11, 0x11, 0x11, 0x11, 0x11, 0x11, 0x11, 0x11, 0x11, 0x11, 0x11, 0x11, 0x11, 0x11, 0x11, 0x11,
    0x11, 0x11, 0x11, 0x11, 0x11, 0x11, 0x11, 0x11, 0x11, 0x11, 0x11, 0x11, 0x11, 0x11, 0x11, 0x11,
};

// Auto-generated icon: wxs_51d (40x40)
// Each byte holds 2 pixels (high nibble first)
#define ICON_WXS_51D_W 40
#define ICON_WXS_51D_H 40
static const uint8_t PROGMEM icon_wxs_51d[] = {
    0x11, 0x11, 0x11, 0x11, 0x11, 0x11, 0x11, 0x11, 0x11, 0x11, 0x11, 0x11, 0x11, 0x11, 0x11, 0x11,
    0x11, 0x11, 0x11, 0x11, 0x11, 0x11, 0x11, 0x11, 0x11, 0x11, 0x11, 0x11, 0x11, 0x11, 0x11, 0x11,
    0x11, 0x11, 0x11, 0x11, 0x11, 0x11, 0x11, 0x11, 0x11, 0x11, 0x11, 0x11, 0x11, 0x11, 0x11, 0x11,
    0x11, 0x11, 0x31, 0x13, 0x11, 0x11, 0x11, 0x11, 0x11, 0x11, 0x11, 0x11, 0x11, 0x11, 0x11, 0x11,
    0x11, 0x11, 0x11, 0x11, 0x13, 0x11, 0x11, 0x11, 0x11, 0x11, 0x11, 0x11, 0x11, 0x11, 0x11, 0x11,
    0x11, 0x11, 0x11, 0x11, 0x11, 0x11, 0x11, 0x11, 0x11, 0x21, 0x31, 0x21, 0x31, 0x31, 0x11, 0x11,
    0x11, 0x11, 0x11, 0x11, 0x11, 0x11, 0x11, 0x11, 0x11, 0x11, 0x11, 0x13, 0x11, 0x11, 0x11, 0x11,
    0x11, 0x11, 0x21, 0x11, 0x11, 0x11, 0x11, 0x11, 0x11, 0x11, 0x11, 0x11, 0x11, 0x11, 0x13, 0x11,
    0x21, 0x31, 0x13, 0x11, 0x12, 0x11, 0x11, 0x11, 0x11, 0x11, 0x11, 0x11, 0x11, 0x11, 0x11, 0x11,
    0x11, 0x11, 0x11, 0x11, 0x11, 0x11, 0x11, 0x13, 0x11, 0x13, 0x11, 0x11, 0x11, 0x11, 0x11, 0x11,
    0x11, 0x11, 0x11, 0x11, 0x11, 0x11, 0x13, 0x13, 0x13, 0x12, 0x13, 0x11, 0x13, 0x11, 0x13, 0x11,
    0x11, 0x11, 0x11, 0x11, 0x11, 0x11, 0x11, 0x11, 0x11, 0x31, 0x11, 0x11, 0x11, 0x11, 0x11, 0x12,
    0x11, 0x11, 0x11, 0x13, 0x11, 0x11, 0x11, 0x11, 0x11, 0x11, 0x11, 0x31, 0x31, 0x12, 0x13, 0x12,
    0x11, 0x31, 0x12, 0x11, 0x13, 0x12, 0x11, 0x11, 0x11, 0x11, 0x11, 0x11, 0x11, 0x11, 0x13, 0x11,
    0x12, 0x11, 0x11, 0x11, 0x31, 0x12, 0x11, 0x31, 0x11, 0x11, 0x31, 0x21, 0x11, 0x11, 0x11, 0x11,
    0x11, 0x13, 0x11, 0x21, 0x31, 0x31, 0x31, 0x21, 0x11, 0x11, 0x31, 0x11, 0x31, 0x11, 0x11, 0x11,
    0x11, 0x11, 0x11, 0x11, 0x11, 0x11, 0x21, 0x11, 0x11, 0x11, 0x11, 0x13, 0x12, 0x11, 0x11, 0x31,
    0x12, 0x13, 0x11, 0x31, 0x13, 0x11, 0x11, 0x11, 0x11, 0x31, 0x13, 0x13, 0x12, 0x13, 0x12, 0x11,
    0x11, 0x31, 0x31, 0x12, 0x11, 0x11, 0x11, 0x11, 0x11, 0x11, 0x11, 0x11, 0x11, 0x13, 0x11, 0x11,
    0x13, 0x11, 0x11, 0x31, 0x31, 0x11, 0x12, 0x11, 0x13, 0x11, 0x31, 0x21, 0x31, 0x21, 0x11, 0x11,
    0x13, 0x11, 0x21, 0x31, 0x11, 0x13, 0x11, 0x11, 0x11, 0x21, 0x11, 0x13, 0x11, 0x12, 0x11, 0x11,
    0x11, 0x13, 0x11, 0x11, 0x11, 0x21, 0x13, 0x12, 0x13, 0x11, 0x21, 0x31, 0x21, 0x13, 0x13, 0x11,
    0x12, 0x11, 0x13, 0x11, 0x31, 0x11, 0x13, 0x11, 0x11, 0x31, 0x11, 0x13, 0x11, 0x21, 0x11, 0x11,
    0x13, 0x11, 0x11, 0x12, 0x11, 0x31, 0x11, 0x11, 0x11, 0x21, 0x11, 0x11, 0x11, 0x13, 0x13, 0x11,
    0x21, 0x13, 0x13, 0x13, 0x11, 0x13, 0x12, 0x11, 0x31, 0x11, 0x31, 0x21, 0x31, 0x11, 0x31, 0x11,
    0x13, 0x11, 0x21, 0x13, 0x13, 0x11, 0x11, 0x21, 0x13, 0x11, 0x11, 0x31, 0x11, 0x31, 0x11, 0x11,
    0x11, 0x31, 0x11, 0x11, 0x11, 0x21, 0x13, 0x11, 0x11, 0x21, 0x31, 0x13, 0x11, 0x21, 0x31, 0x11,
    0x31, 0x12, 0x13, 0x11, 0x31, 0x11, 0x21, 0x31, 0x11, 0x13, 0x11, 0x21, 0x31, 0x11, 0x13, 0x11,
    0x21, 0x11, 0x11, 0x31, 0x12, 0x11, 0x11, 0x11, 0x12, 0x11, 0x11, 0x11, 0x11, 0x11, 0x31, 0x13,
    0x13, 0x13, 0x11, 0x21, 0x13, 0x13, 0x12, 0x11, 0x11, 0x31, 0x13, 0x12, 0x11, 0x13, 0x11, 0x11,
    0x11, 0x11, 0x13, 0x11, 0x11, 0x21, 0x21, 0x13, 0x11, 0x11, 0x11, 0x31, 0x31, 0x11, 0x21, 0x11,
    0x31, 0x11, 0x13, 0x11, 0x11, 0x11, 0x11, 0x21, 0x31, 0x11, 0x31, 0x11, 0x21, 0x31, 0x21, 0x11,
    0x12, 0x13, 0x11, 0x31, 0x11, 0x31, 0x11, 0x11, 0x11, 0x11, 0x11, 0x13, 0x11, 0x31, 0x11, 0x31,
    0x11, 0x11, 0x13, 0x11, 0x11, 0x11, 0x11, 0x11, 0x11, 0x11, 0x11, 0x11, 0x11, 0x11, 0x11, 0x11,
    0x11, 0x11, 0x11, 0x11, 0x11, 0x11, 0x11, 0x11, 0x11, 0x11, 0x11, 0x11, 0x11, 0x11, 0x11, 0x11,
    0x11, 0x11, 0x11, 0x11, 0x11, 0x11, 0x11, 0x11, 0x11, 0x11, 0x11, 0x11, 0x11, 0x11, 0x11, 0x11,
    0x11, 0x11, 0x11, 0x11, 0x11, 0x11, 0x11, 0x11, 0x11, 0x11, 0x11, 0x11, 0x11, 0x11, 0x11, 0x11,
    0x11, 0x11, 0x11, 0x11, 0x11, 0x11, 0x11, 0x11, 0x11, 0x11, 0x11, 0x11, 0x11, 0x11, 0x11, 0x11,
    0x11, 0x11, 0x11, 0x11, 0x11, 0x11, 0x11, 0x11, 0x11, 0x11, 0x11, 0x11, 0x11, 0x11, 0x11, 0x11,
    0x11, 0x11, 0x31, 0x11, 0x11, 0x11, 0x11, 0x11, 0x11, 0x13, 0x11, 0x11, 0x11, 0x11, 0x11, 0x11,
    0x11, 0x11, 0x11, 0x11, 0x11, 0x11, 0x11, 0x11, 0x11, 0x11, 0x11, 0x11, 0x11, 0x11, 0x11, 0x11,
    0x11, 0x11, 0x11, 0x11, 0x11, 0x11, 0x11, 0x11, 0x11, 0x11, 0x11, 0x11, 0x11, 0x11, 0x11, 0x11,
    0x11, 0x11, 0x11, 0x11, 0x11, 0x11, 0x11, 0x11, 0x11, 0x11, 0x11, 0x11, 0x11, 0x11, 0x11, 0x11,
    0x11, 0x11, 0x11, 0x11, 0x11, 0x11, 0x11, 0x11, 0x11, 0x11, 0x11, 0x11, 0x11, 0x11, 0x11, 0x11,
    0x11, 0x11, 0x11, 0x11, 0x11, 0x11, 0x11, 0x11, 0x11, 0x11, 0x11, 0x11, 0x11, 0x11, 0x11, 0x11,
    0x11, 0x11, 0x11, 0x11, 0x11, 0x11, 0x11, 0x11, 0x11, 0x11, 0x11, 0x11, 0x11, 0x11, 0x11, 0x11,
    0x11, 0x11, 0x11, 0x11, 0x11, 0x11, 0x11, 0x11, 0x11, 0x11, 0x11, 0x11, 0x11, 0x13, 0x11, 0x11,
    0x11, 0x11, 0x11, 0x11, 0x11, 0x11, 0x11, 0x11, 0x11, 0x11, 0x11, 0x11, 0x11, 0x11, 0x11, 0x11,
    0x11, 0x11, 0x11, 0x11, 0x11, 0x11, 0x11, 0x11, 0x11, 0x11, 0x11, 0x11, 0x11, 0x11, 0x11, 0x11,
    0x11, 0x11, 0x11, 0x11, 0x11, 0x11, 0x11, 0x11, 0x11, 0x11, 0x11, 0x11, 0x11, 0x11, 0x11, 0x11,
};

// Auto-generated icon: wxs_53d (40x40)
// Each byte holds 2 pixels (high nibble first)
#define ICON_WXS_53D_W 40
#define ICON_WXS_53D_H 40
static const uint8_t PROGMEM icon_wxs_53d[] = {
    0x11, 0x11, 0x11, 0x11, 0x11, 0x11, 0x11, 0x13, 0x13, 0x13, 0x11, 0x11, 0x11, 0x11, 0x11, 0x11,
    0x11, 0x11, 0x11, 0x11, 0x11, 0x11, 0x11, 0x11, 0x11, 0x11, 0x13, 0x21, 0x21, 0x21, 0x31, 0x11,
    0x11, 0x11, 0x11, 0x11, 0x11, 0x11, 0x11, 0x11, 0x11, 0x11, 0x11, 0x11, 0x11, 0x13, 0x13, 0x13,
    0x13, 0x13, 0x12, 0x11, 0x11, 0x11, 0x11, 0x11, 0x11, 0x11, 0x11, 0x11, 0x11, 0x11, 0x11, 0x11,
    0x11, 0x12, 0x31, 0x21, 0x31, 0x21, 0x31, 0x31, 0x11, 0x11, 0x11, 0x11, 0x11, 0x11, 0x11, 0x11,
    0x11, 0x11, 0x11, 0x11, 0x13, 0x13, 0x12, 0x31, 0x21, 0x31, 0x12, 0x13, 0x11, 0x11, 0x11, 0x11,
    0x11, 0x11, 0x11, 0x11, 0x11, 0x11, 0x11, 0x11, 0x12, 0x31, 0x31, 0x13, 0x13, 0x12, 0x31, 0x31,
    0x21, 0x11, 0x11, 0x11, 0x11, 0x11, 0x11, 0x11, 0x11, 0x11, 0x11, 0x31, 0x31, 0x21, 0x23, 0x12,
    0x12, 0x13, 0x12, 0x11, 0x11, 0x11, 0x11, 0x11, 0x11, 0x11, 0x11, 0x11, 0x11, 0x13, 0x12, 0x13,
    0x21, 0x31, 0x31, 0x31, 0x31, 0x31, 0x31, 0x13, 0x11, 0x31, 0x11, 0x11, 0x11, 0x11, 0x11, 0x11,
    0x11, 0x21, 0x33, 0x21, 0x31, 0x23, 0x12, 0x13, 0x12, 0x12, 0x11, 0x11, 0x11, 0x11, 0x11, 0x11,
    0x11, 0x11, 0x11, 0x11, 0x13, 0x13, 0x21, 0x31, 0x23, 0x12, 0x31, 0x32, 0x13, 0x11, 0x31, 0x13,
    0x12, 0x13, 0x13, 0x11, 0x11, 0x11, 0x11, 0x11, 0x12, 0x31, 0x32, 0x13, 0x12, 0x31, 0x12, 0x13,
    0x12, 0x11, 0x11, 0x11, 0x11, 0x11, 0x11, 0x11, 0x11, 0x11, 0x11, 0x11, 0x31, 0x23, 0x13, 0x21,
    0x31, 0x32, 0x31, 0x32, 0x13, 0x13, 0x12, 0x13, 0x11, 0x31, 0x12, 0x13, 0x11, 0x11, 0x11, 0x11,
    0x23, 0x12, 0x31, 0x32, 0x32, 0x11, 0x32, 0x11, 0x31, 0x11, 0x11, 0x11, 0x11, 0x11, 0x11, 0x11,
    0x11, 0x11, 0x11, 0x11, 0x32, 0x31, 0x23, 0x11, 0x31, 0x32, 0x11, 0x11, 0x11, 0x21, 0x31, 0x13,
    0x12, 0x13, 0x11, 0x31, 0x13, 0x11, 0x11, 0x11, 0x13, 0x23, 0x12, 0x32, 0x12, 0x13, 0x13, 0x13,
    0x11, 0x31, 0x11, 0x21, 0x11, 0x11, 0x11, 0x11, 0x11, 0x11, 0x11, 0x11, 0x23, 0x12, 0x31, 0x31,
    0x33, 0x11, 0x11, 0x11, 0x21, 0x11, 0x31, 0x11, 0x31, 0x13, 0x12, 0x13, 0x11, 0x11, 0x11, 0x11,
    0x31, 0x31, 0x23, 0x21, 0x21, 0x13, 0x12, 0x13, 0x11, 0x31, 0x11, 0x31, 0x11, 0x11, 0x11, 0x11,
    0x12, 0x11, 0x11, 0x11, 0x12, 0x32, 0x31, 0x32, 0x31, 0x21, 0x13, 0x11, 0x13, 0x12, 0x11, 0x12,
    0x13, 0x12, 0x13, 0x11, 0x11, 0x31, 0x11, 0x11, 0x11, 0x31, 0x23, 0x13, 0x11, 0x31, 0x11, 0x13,
    0x11, 0x11, 0x31, 0x11, 0x11, 0x11, 0x11, 0x13, 0x11, 0x11, 0x31, 0x11, 0x11, 0x13, 0x12, 0x32,
    0x31, 0x13, 0x12, 0x11, 0x21, 0x31, 0x11, 0x31, 0x31, 0x31, 0x13, 0x11, 0x21, 0x11, 0x11, 0x11,
    0x11, 0x11, 0x31, 0x21, 0x21, 0x11, 0x13, 0x11, 0x31, 0x11, 0x21, 0x11, 0x11, 0x12, 0x11, 0x21,
    0x11, 0x31, 0x21, 0x31, 0x11, 0x11, 0x11, 0x11, 0x13, 0x12, 0x11, 0x31, 0x11, 0x31, 0x13, 0x12,
    0x12, 0x11, 0x11, 0x11, 0x31, 0x11, 0x11, 0x11, 0x11, 0x11, 0x11, 0x11, 0x11, 0x13, 0x11, 0x12,
    0x13, 0x12, 0x11, 0x11, 0x31, 0x13, 0x13, 0x11, 0x11, 0x21, 0x31, 0x13, 0x11, 0x11, 0x11, 0x11,
    0x11, 0x11, 0x31, 0x31, 0x11, 0x11, 0x31, 0x31, 0x11, 0x11, 0x11, 0x13, 0x11, 0x11, 0x11, 0x11,
    0x11, 0x11, 0x11, 0x11, 0x11, 0x31, 0x12, 0x11, 0x31, 0x31, 0x11, 0x12, 0x13, 0x12, 0x13, 0x11,
    0x21, 0x31, 0x13, 0x11, 0x11, 0x11, 0x11, 0x11, 0x11, 0x11, 0x31, 0x31, 0x12, 0x11, 0x21, 0x31,
    0x11, 0x13, 0x11, 0x21, 0x11, 0x11, 0x11, 0x11, 0x11, 0x11, 0x11, 0x11, 0x11, 0x11, 0x11, 0x11,
    0x31, 0x13, 0x11, 0x11, 0x31, 0x11, 0x11, 0x11, 0x31, 0x13, 0x11, 0x11, 0x11, 0x11, 0x11, 0x11,
    0x11, 0x11, 0x11, 0x11, 0x11, 0x11, 0x31, 0x31, 0x11, 0x31, 0x31, 0x31, 0x11, 0x11, 0x11, 0x11,
    0x11, 0x11, 0x11, 0x11, 0x11, 0x11, 0x11, 0x11, 0x11, 0x11, 0x11, 0x11, 0x11, 0x11, 0x11, 0x11,
    0x11, 0x11, 0x11, 0x11, 0x11, 0x11, 0x11, 0x11, 0x11, 0x11, 0x11, 0x11, 0x11, 0x11, 0x11, 0x11,
    0x11, 0x11, 0x11, 0x11, 0x11, 0x11, 0x11, 0x11, 0x11, 0x11, 0x11, 0x11, 0x11, 0x11, 0x11, 0x11,
    0x11, 0x11, 0x11, 0x11, 0x11, 0x11, 0x11, 0x11, 0x11, 0x11, 0x11, 0x11, 0x11, 0x11, 0x11, 0x11,
    0x11, 0x11, 0x13, 0x11, 0x11, 0x11, 0x11, 0x11, 0x11, 0x13, 0x11, 0x11, 0x11, 0x11, 0x11, 0x11,
    0x11, 0x11, 0x11, 0x11, 0x11, 0x11, 0x11, 0x11, 0x11, 0x11, 0x11, 0x11, 0x11, 0x11, 0x11, 0x11,
    0x11, 0x11, 0x11, 0x11, 0x11, 0x11, 0x11, 0x11, 0x11, 0x11, 0x11, 0x11, 0x11, 0x11, 0x11, 0x11,
    0x11, 0x11, 0x11, 0x11, 0x11, 0x11, 0x11, 0x11, 0x11, 0x11, 0x11, 0x11, 0x11, 0x11, 0x11, 0x11,
    0x11, 0x11, 0x11, 0x11, 0x11, 0x11, 0x11, 0x11, 0x11, 0x11, 0x11, 0x11, 0x11, 0x11, 0x11, 0x11,
    0x11, 0x11, 0x11, 0x11, 0x11, 0x13, 0x11, 0x11, 0x11, 0x11, 0x11, 0x11, 0x11, 0x11, 0x11, 0x11,
    0x11, 0x11, 0x11, 0x11, 0x11, 0x11, 0x11, 0x11, 0x11, 0x11, 0x11, 0x11, 0x11, 0x11, 0x11, 0x11,
    0x31, 0x31, 0x11, 0x11, 0x11, 0x11, 0x11, 0x11, 0x11, 0x11, 0x11, 0x11, 0x11, 0x31, 0x31, 0x11,
    0x11, 0x11, 0x11, 0x11, 0x11, 0x11, 0x11, 0x11, 0x11, 0x11, 0x11, 0x11, 0x11, 0x11, 0x11, 0x11,
    0x11, 0x11, 0x11, 0x11, 0x11, 0x11, 0x11, 0x11, 0x11, 0x11, 0x11, 0x11, 0x11, 0x11, 0x11, 0x11,
    0x11, 0x11, 0x11, 0x11, 0x11, 0x11, 0x11, 0x11, 0x11, 0x11, 0x11, 0x11, 0x11, 0x11, 0x11, 0x11,
};

// Auto-generated icon: wxs_56d (40x40)
// Each byte holds 2 pixels (high nibble first)
#define ICON_WXS_56D_W 40
#define ICON_WXS_56D_H 40
static const uint8_t PROGMEM icon_wxs_56d[] = {
    0x11, 0x11, 0x11, 0x11, 0x11, 0x11, 0x11, 0x13, 0x13, 0x13, 0x11, 0x11, 0x11, 0x11, 0x11, 0x11,
    0x11, 0x11, 0x11, 0x11, 0x11, 0x11, 0x11, 0x11, 0x11, 0x11, 0x13, 0x21, 0x21, 0x21, 0x31, 0x11,
    0x11, 0x11, 0x11, 0x11, 0x11, 0x11, 0x11, 0x11, 0x11, 0x11, 0x11, 0x11, 0x11, 0x13, 0x13, 0x13,
    0x13, 0x13, 0x12, 0x11, 0x11, 0x11, 0x11, 0x11, 0x11, 0x11, 0x11, 0x11, 0x11, 0x11, 0x11, 0x11,
    0x11, 0x12, 0x31, 0x21, 0x31, 0x21, 0x31, 0x31, 0x11, 0x11, 0x11, 0x11, 0x11, 0x11, 0x11, 0x11,
    0x11, 0x11, 0x11, 0x11, 0x13, 0x13, 0x12, 0x31, 0x21, 0x31, 0x12, 0x13, 0x11, 0x11, 0x11, 0x11,
    0x11, 0x11, 0x11, 0x11, 0x11, 0x11, 0x11, 0x11, 0x12, 0x31, 0x31, 0x13, 0x13, 0x12, 0x31, 0x31,
    0x21, 0x11, 0x11, 0x11, 0x11, 0x11, 0x11, 0x11, 0x11, 0x11, 0x11, 0x31, 0x31, 0x21, 0x23, 0x12,
    0x12, 0x13, 0x12, 0x11, 0x11, 0x11, 0x11, 0x11, 0x11, 0x11, 0x11, 0x11, 0x11, 0x13, 0x12, 0x13,
    0x21, 0x31, 0x31, 0x31, 0x31, 0x31, 0x31, 0x13, 0x11, 0x31, 0x11, 0x11, 0x11, 0x11, 0x11, 0x11,
    0x11, 0x21, 0x33, 0x21, 0x31, 0x23, 0x12, 0x13, 0x12, 0x12, 0x11, 0x11, 0x11, 0x11, 0x11, 0x11,
    0x11, 0x11, 0x11, 0x11, 0x13, 0x13, 0x21, 0x31, 0x23, 0x12, 0x31, 0x32, 0x13, 0x11, 0x31, 0x13,
    0x12, 0x13, 0x13, 0x11, 0x11, 0x11, 0x11, 0x11, 0x12, 0x31, 0x32, 0x13, 0x12, 0x31, 0x12, 0x13,
    0x12, 0x11, 0x11, 0x11, 0x11, 0x11, 0x11, 0x11, 0x11, 0x11, 0x11, 0x11, 0x31, 0x23, 0x13, 0x21,
    0x31, 0x32, 0x31, 0x32, 0x13, 0x13, 0x12, 0x13, 0x11, 0x31, 0x12, 0x13, 0x11, 0x11, 0x11, 0x11,
    0x23, 0x12, 0x31, 0x32, 0x32, 0x11, 0x32, 0x11, 0x31, 0x11, 0x11, 0x11, 0x11, 0x11, 0x11, 0x11,
    0x11, 0x11, 0x11, 0x11, 0x32, 0x31, 0x23, 0x11, 0x31, 0x32, 0x11, 0x11, 0x11, 0x21, 0x31, 0x13,
    0x12, 0x13, 0x11, 0x31, 0x13, 0x11, 0x11, 0x11, 0x13, 0x23, 0x12, 0x32, 0x12, 0x13, 0x13, 0x13,
    0x11, 0x31, 0x11, 0x21, 0x11, 0x11, 0x11, 0x11, 0x11, 0x11, 0x11, 0x11, 0x23, 0x12, 0x31, 0x31,
    0x33, 0x11, 0x11, 0x11, 0x21, 0x11, 0x31, 0x11, 0x31, 0x13, 0x12, 0x13, 0x11, 0x11, 0x11, 0x11,
    0x31, 0x31, 0x23, 0x21, 0x21, 0x13, 0x12, 0x13, 0x11, 0x31, 0x11, 0x31, 0x11, 0x11, 0x11, 0x11,
    0x12, 0x11, 0x11, 0x11, 0x12, 0x32, 0x31, 0x32, 0x31, 0x21, 0x13, 0x11, 0x13, 0x12, 0x11, 0x12,
    0x13, 0x12, 0x13, 0x11, 0x11, 0x31, 0x11, 0x11, 0x11, 0x31, 0x23, 0x13, 0x11, 0x31, 0x11, 0x13,
    0x11, 0x11, 0x31, 0x11, 0x11, 0x11, 0x11, 0x13, 0x11, 0x11, 0x31, 0x11, 0x11, 0x13, 0x12, 0x32,
    0x31, 0x13, 0x12, 0x11, 0x21, 0x31, 0x11, 0x31, 0x31, 0x31, 0x13, 0x11, 0x21, 0x11, 0x11, 0x11,
    0x11, 0x11, 0x31, 0x21, 0x21, 0x11, 0x13, 0x11, 0x31, 0x11, 0x21, 0x11, 0x11, 0x12, 0x11, 0x21,
    0x11, 0x31, 0x21, 0x31, 0x11, 0x11, 0x11, 0x11, 0x13, 0x12, 0x11, 0x31, 0x11, 0x31, 0x13, 0x12,
    0x12, 0x11, 0x11, 0x11, 0x31, 0x11, 0x11, 0x11, 0x11, 0x11, 0x11, 0x11, 0x11, 0x13, 0x11, 0x12,
    0x13, 0x12, 0x11, 0x11, 0x31, 0x13, 0x13, 0x11, 0x11, 0x21, 0x31, 0x13, 0x11, 0x11, 0x11, 0x11,
    0x11, 0x11, 0x31, 0x31, 0x11, 0x11, 0x31, 0x31, 0x11, 0x11, 0x11, 0x13, 0x11, 0x11, 0x11, 0x11,
    0x11, 0x11, 0x11, 0x11, 0x11, 0x31, 0x12, 0x11, 0x31, 0x31, 0x11, 0x12, 0x13, 0x12, 0x13, 0x11,
    0x21, 0x31, 0x13, 0x11, 0x11, 0x11, 0x11, 0x11, 0x11, 0x11, 0x31, 0x31, 0x12, 0x11, 0x21, 0x31,
    0x11, 0x13, 0x11, 0x21, 0x11, 0x11, 0x11, 0x11, 0x11, 0x11, 0x11, 0x11, 0x11, 0x11, 0x11, 0x11,
    0x31, 0x13, 0x11, 0x11, 0x31, 0x11, 0x11, 0x11, 0x31, 0x13, 0x11, 0x11, 0x11, 0x11, 0x11, 0x11,
    0x11, 0x11, 0x11, 0x11, 0x13, 0x11, 0x31, 0x31, 0x11, 0x31, 0x31, 0x31, 0x11, 0x11, 0x11, 0x11,
    0x11, 0x11, 0x11, 0x11, 0x11, 0x11, 0x11, 0x11, 0x11, 0x11, 0x11, 0x11, 0x11, 0x11, 0x11, 0x11,
    0x11, 0x11, 0x11, 0x11, 0x11, 0x11, 0x11, 0x11, 0x11, 0x11, 0x11, 0x11, 0x11, 0x11, 0x11, 0x11,
    0x11, 0x11, 0x11, 0x11, 0x11, 0x11, 0x11, 0x11, 0x11, 0x11, 0x11, 0x11, 0x11, 0x11, 0x11, 0x11,
    0x11, 0x11, 0x11, 0x11, 0x11, 0x11, 0x11, 0x11, 0x11, 0x11, 0x11, 0x11, 0x11, 0x11, 0x11, 0x11,
    0x11, 0x11, 0x11, 0x11, 0x31, 0x11, 0x11, 0x11, 0x11, 0x13, 0x11, 0x11, 0x11, 0x11, 0x11, 0x11,
    0x11, 0x11, 0x11, 0x11, 0x11, 0x11, 0x11, 0x11, 0x13, 0x11, 0x11, 0x11, 0x11, 0x11, 0x11, 0x11,
    0x11, 0x11, 0x11, 0x11, 0x11, 0x11, 0x11, 0x11, 0x11, 0x11, 0x11, 0x11, 0x11, 0x11, 0x11, 0x11,
    0x11, 0x11, 0x11, 0x11, 0x11, 0x11, 0x11, 0x11, 0x11, 0x11, 0x11, 0x11, 0x11, 0x11, 0x11, 0x11,
    0x11, 0x11, 0x11, 0x11, 0x11, 0x11, 0x11, 0x11, 0x11, 0x11, 0x11, 0x11, 0x11, 0x11, 0x11, 0x11,
    0x11, 0x11, 0x11, 0x11, 0x11, 0x11, 0x11, 0x11, 0x11, 0x11, 0x11, 0x11, 0x11, 0x11, 0x11, 0x11,
    0x11, 0x11, 0x11, 0x11, 0x11, 0x11, 0x11, 0x11, 0x11, 0x11, 0x31, 0x11, 0x11, 0x11, 0x11, 0x11,
    0x11, 0x11, 0x11, 0x11, 0x11, 0x11, 0x11, 0x11, 0x11, 0x11, 0x11, 0x11, 0x11, 0x11, 0x11, 0x31,
    0x11, 0x11, 0x11, 0x11, 0x11, 0x11, 0x11, 0x11, 0x11, 0x11, 0x11, 0x11, 0x11, 0x11, 0x11, 0x11,
    0x11, 0x11, 0x11, 0x11, 0x11, 0x11, 0x11, 0x11, 0x11, 0x11, 0x11, 0x11, 0x11, 0x11, 0x11, 0x11,
    0x11, 0x11, 0x11, 0x11, 0x11, 0x11, 0x11, 0x11, 0x11, 0x11, 0x11, 0x11, 0x11, 0x11, 0x11, 0x11,
};

// Auto-generated icon: wxs_57d (40x40)
// Each byte holds 2 pixels (high nibble first)
#define ICON_WXS_57D_W 40
#define ICON_WXS_57D_H 40
static const uint8_t PROGMEM icon_wxs_57d[] = {
    0x11, 0x11, 0x11, 0x11, 0x11, 0x11, 0x11, 0x13, 0x13, 0x13, 0x11, 0x11, 0x11, 0x11, 0x11, 0x11,
    0x11, 0x11, 0x11, 0x11, 0x11, 0x11, 0x11, 0x11, 0x11, 0x11, 0x13, 0x21, 0x21, 0x21, 0x31, 0x11,
    0x11, 0x11, 0x11, 0x11, 0x11, 0x11, 0x11, 0x11, 0x11, 0x11, 0x11, 0x11, 0x11, 0x13, 0x13, 0x13,
    0x13, 0x13, 0x12, 0x11, 0x11, 0x11, 0x11, 0x11, 0x11, 0x11, 0x11, 0x11, 0x11, 0x11, 0x11, 0x11,
    0x11, 0x12, 0x31, 0x21, 0x31, 0x21, 0x31, 0x31, 0x11, 0x11, 0x11, 0x11, 0x11, 0x11, 0x11, 0x11,
    0x11, 0x11, 0x11, 0x11, 0x13, 0x13, 0x12, 0x31, 0x21, 0x31, 0x12, 0x13, 0x11, 0x11, 0x11, 0x11,
    0x11, 0x11, 0x11, 0x11, 0x11, 0x11, 0x11, 0x11, 0x12, 0x31, 0x31, 0x13, 0x13, 0x12, 0x31, 0x31,
    0x21, 0x11, 0x11, 0x11, 0x11, 0x11, 0x11, 0x11, 0x11, 0x11, 0x11, 0x31, 0x31, 0x21, 0x23, 0x12,
    0x12, 0x13, 0x12, 0x11, 0x11, 0x11, 0x11, 0x11, 0x11, 0x11, 0x11, 0x11, 0x11, 0x13, 0x12, 0x13,
    0x21, 0x31, 0x31, 0x31, 0x31, 0x31, 0x31, 0x13, 0x11, 0x31, 0x11, 0x11, 0x11, 0x11, 0x11, 0x11,
    0x11, 0x21, 0x33, 0x21, 0x31, 0x23, 0x12, 0x13, 0x12, 0x12, 0x11, 0x11, 0x11, 0x11, 0x11, 0x11,
    0x11, 0x11, 0x11, 0x11, 0x13, 0x13, 0x21, 0x31, 0x23, 0x12, 0x31, 0x32, 0x13, 0x11, 0x31, 0x13,
    0x12, 0x13, 0x13, 0x11, 0x11, 0x11, 0x11, 0x11, 0x12, 0x31, 0x32, 0x13, 0x12, 0x31, 0x12, 0x13,
    0x12, 0x11, 0x11, 0x11, 0x11, 0x11, 0x11, 0x11, 0x11, 0x11, 0x11, 0x11, 0x31, 0x23, 0x13, 0x21,
    0x31, 0x32, 0x31, 0x32, 0x13, 0x13, 0x12, 0x13, 0x11, 0x31, 0x12, 0x13, 0x11, 0x11, 0x11, 0x11,
    0x23, 0x12, 0x31, 0x32, 0x32, 0x11, 0x32, 0x11, 0x31, 0x11, 0x11, 0x11, 0x11, 0x11, 0x11, 0x11,
    0x11, 0x11, 0x11, 0x11, 0x32, 0x31, 0x23, 0x11, 0x31, 0x32, 0x11, 0x11, 0x11, 0x21, 0x31, 0x13,
    0x12, 0x13, 0x11, 0x31, 0x13, 0x11, 0x11, 0x11, 0x13, 0x23, 0x12, 0x32, 0x12, 0x13, 0x13, 0x13,
    0x11, 0x31, 0x11, 0x21, 0x11, 0x11, 0x11, 0x11, 0x11, 0x11, 0x11, 0x11, 0x23, 0x12, 0x31, 0x31,
    0x33, 0x11, 0x11, 0x11, 0x21, 0x11, 0x31, 0x11, 0x31, 0x13, 0x12, 0x13, 0x11, 0x11, 0x11, 0x11,
    0x31, 0x31, 0x23, 0x21, 0x21, 0x13, 0x12, 0x13, 0x11, 0x31, 0x11, 0x31, 0x11, 0x11, 0x11, 0x11,
    0x12, 0x11, 0x11, 0x11, 0x12, 0x32, 0x31, 0x32, 0x31, 0x21, 0x13, 0x11, 0x13, 0x12, 0x11, 0x12,
    0x13, 0x12, 0x13, 0x11, 0x11, 0x31, 0x11, 0x11, 0x11, 0x31, 0x23, 0x13, 0x11, 0x31, 0x11, 0x13,
    0x11, 0x11, 0x31, 0x11, 0x11, 0x11, 0x11, 0x13, 0x11, 0x11, 0x31, 0x11, 0x11, 0x13, 0x12, 0x32,
    0x31, 0x13, 0x12, 0x11, 0x21, 0x31, 0x11, 0x31, 0x31, 0x31, 0x13, 0x11, 0x21, 0x11, 0x11, 0x11,
    0x11, 0x11, 0x31, 0x21, 0x21, 0x11, 0x13, 0x11, 0x31, 0x11, 0x21, 0x11, 0x11, 0x12, 0x11, 0x21,
    0x11, 0x31, 0x21, 0x31, 0x11, 0x11, 0x11, 0x11, 0x13, 0x12, 0x11, 0x31, 0x11, 0x31, 0x13, 0x12,
    0x12, 0x11, 0x11, 0x11, 0x31, 0x11, 0x11, 0x11, 0x11, 0x11, 0x11, 0x11, 0x11, 0x13, 0x11, 0x12,
    0x13, 0x12, 0x11, 0x11, 0x31, 0x13, 0x13, 0x11, 0x11, 0x21, 0x31, 0x13, 0x11, 0x11, 0x11, 0x11,
    0x11, 0x11, 0x31, 0x31, 0x11, 0x11, 0x31, 0x31, 0x11, 0x11, 0x11, 0x13, 0x11, 0x11, 0x11, 0x11,
    0x11, 0x11, 0x11, 0x11, 0x11, 0x31, 0x12, 0x11, 0x31, 0x31, 0x11, 0x12, 0x13, 0x12, 0x13, 0x11,
    0x21, 0x31, 0x13, 0x11, 0x11, 0x11, 0x11, 0x11, 0x11, 0x11, 0x31, 0x31, 0x12, 0x11, 0x21, 0x31,
    0x11, 0x13, 0x11, 0x21, 0x11, 0x11, 0x11, 0x11, 0x11, 0x11, 0x11, 0x11, 0x11, 0x11, 0x11, 0x11,
    0x31, 0x13, 0x11, 0x11, 0x31, 0x11, 0x11, 0x11, 0x31, 0x13, 0x11, 0x11, 0x11, 0x11, 0x11, 0x11,
    0x11, 0x11, 0x11, 0x11, 0x11, 0x11, 0x31, 0x31, 0x11, 0x31, 0x31, 0x31, 0x11, 0x11, 0x11, 0x11,
    0x11, 0x11, 0x11, 0x11, 0x11, 0x11, 0x11, 0x11, 0x11, 0x11, 0x11, 0x11, 0x11, 0x11, 0x11, 0x11,
    0x11, 0x11, 0x11, 0x11, 0x11, 0x11, 0x11, 0x11, 0x11, 0x11, 0x11, 0x11, 0x11, 0x11, 0x11, 0x11,
    0x11, 0x11, 0x11, 0x11, 0x11, 0x11, 0x11, 0x11, 0x11, 0x11, 0x11, 0x11, 0x11, 0x11, 0x11, 0x11,
    0x11, 0x11, 0x11, 0x11, 0x11, 0x11, 0x11, 0x11, 0x11, 0x11, 0x11, 0x11, 0x11, 0x11, 0x11, 0x11,
    0x11, 0x13, 0x11, 0x11, 0x11, 0x11, 0x31, 0x11, 0x11, 0x13, 0x11, 0x11, 0x11, 0x11, 0x11, 0x11,
    0x11, 0x11, 0x11, 0x11, 0x11, 0x11, 0x31, 0x11, 0x11, 0x11, 0x13, 0x11, 0x11, 0x11, 0x11, 0x11,
    0x11, 0x11, 0x11, 0x11, 0x11, 0x11, 0x11, 0x11, 0x11, 0x11, 0x11, 0x11, 0x11, 0x11, 0x11, 0x11,
    0x11, 0x11, 0x11, 0x11, 0x11, 0x11, 0x11, 0x11, 0x11, 0x11, 0x11, 0x11, 0x11, 0x11, 0x11, 0x11,
    0x11, 0x11, 0x11, 0x11, 0x11, 0x11, 0x11, 0x11, 0x11, 0x11, 0x11, 0x11, 0x11, 0x11, 0x11, 0x11,
    0x11, 0x11, 0x11, 0x11, 0x11, 0x11, 0x11, 0x11, 0x11, 0x11, 0x11, 0x31, 0x11, 0x11, 0x11, 0x11,
    0x11, 0x11, 0x11, 0x11, 0x11, 0x11, 0x11, 0x13, 0x11, 0x11, 0x11, 0x11, 0x11, 0x11, 0x11, 0x11,
    0x11, 0x11, 0x11, 0x11, 0x11, 0x11, 0x11, 0x11, 0x11, 0x11, 0x11, 0x11, 0x11, 0x11, 0x11, 0x11,
    0x11, 0x11, 0x13, 0x13, 0x11, 0x11, 0x11, 0x11, 0x11, 0x11, 0x11, 0x11, 0x11, 0x11, 0x11, 0x11,
    0x11, 0x11, 0x11, 0x11, 0x11, 0x11, 0x11, 0x11, 0x11, 0x11, 0x11, 0x11, 0x11, 0x11, 0x11, 0x11,
    0x11, 0x11, 0x11, 0x11, 0x11, 0x11, 0x11, 0x11, 0x31, 0x11, 0x11, 0x11, 0x11, 0x11, 0x11, 0x11,
};

// Auto-generated icon: wxs_71d (40x40)
// Each byte holds 2 pixels (high nibble first)
#define ICON_WXS_71D_W 40
#define ICON_WXS_71D_H 40
static const uint8_t PROGMEM icon_wxs_71d[] = {
    0x11, 0x11, 0x11, 0x11, 0x11, 0x11, 0x11, 0x13, 0x13, 0x13, 0x11, 0x11, 0x11, 0x11, 0x11, 0x11,
    0x11, 0x11, 0x11, 0x11, 0x11, 0x11, 0x11, 0x11, 0x11, 0x11, 0x13, 0x21, 0x21, 0x21, 0x31, 0x11,
    0x11, 0x11, 0x11, 0x11, 0x11, 0x11, 0x11, 0x11, 0x11, 0x11, 0x11, 0x11, 0x11, 0x13, 0x13, 0x13,
    0x13, 0x13, 0x12, 0x11, 0x11, 0x11, 0x11, 0x11, 0x11, 0x11, 0x11, 0x11, 0x11, 0x11, 0x11, 0x11,
    0x11, 0x12, 0x31, 0x21, 0x31, 0x21, 0x31, 0x31, 0x11, 0x11, 0x11, 0x11, 0x11, 0x11, 0x11, 0x11,
    0x11, 0x11, 0x11, 0x11, 0x13, 0x13, 0x12, 0x31, 0x21, 0x31, 0x12, 0x13, 0x11, 0x11, 0x11, 0x11,
    0x11, 0x11, 0x11, 0x11, 0x11, 0x11, 0x11, 0x11, 0x12, 0x31, 0x31, 0x13, 0x13, 0x12, 0x31, 0x31,
    0x21, 0x11, 0x11, 0x11, 0x11, 0x11, 0x11, 0x11, 0x11, 0x11, 0x11, 0x31, 0x31, 0x21, 0x23, 0x12,
    0x12, 0x13, 0x12, 0x11, 0x11, 0x11, 0x11, 0x11, 0x11, 0x11, 0x11, 0x11, 0x11, 0x13, 0x12, 0x13,
    0x21, 0x31, 0x31, 0x31, 0x31, 0x31, 0x31, 0x13, 0x11, 0x31, 0x11, 0x11, 0x11, 0x11, 0x11, 0x11,
    0x11, 0x21, 0x33, 0x21, 0x31, 0x23, 0x12, 0x13, 0x12, 0x12, 0x11, 0x11, 0x11, 0x11, 0x11, 0x11,
    0x11, 0x11, 0x11, 0x11, 0x13, 0x13, 0x21, 0x31, 0x23, 0x12, 0x31, 0x32, 0x13, 0x11, 0x31, 0x13,
    0x12, 0x13, 0x13, 0x11, 0x11, 0x11, 0x11, 0x11, 0x12, 0x31, 0x32, 0x13, 0x12, 0x31, 0x12, 0x13,
    0x12, 0x11, 0x11, 0x11, 0x11, 0x11, 0x11, 0x11, 0x11, 0x11, 0x11, 0x11, 0x31, 0x23, 0x13, 0x21,
    0x31, 0x32, 0x31, 0x32, 0x13, 0x13, 0x12, 0x13, 0x11, 0x31, 0x12, 0x13, 0x11, 0x11, 0x11, 0x11,
    0x23, 0x12, 0x31, 0x32, 0x32, 0x11, 0x32, 0x11, 0x31, 0x11, 0x11, 0x11, 0x11, 0x11, 0x11, 0x11,
    0x11, 0x11, 0x11, 0x11, 0x32, 0x31, 0x23, 0x11, 0x31, 0x32, 0x11, 0x11, 0x11, 0x21, 0x31, 0x13,
    0x12, 0x13, 0x11, 0x31, 0x13, 0x11, 0x11, 0x11, 0x13, 0x23, 0x12, 0x32, 0x12, 0x13, 0x13, 0x13,
    0x11, 0x31, 0x11, 0x21, 0x11, 0x11, 0x11, 0x11, 0x11, 0x11, 0x11, 0x11, 0x23, 0x12, 0x31, 0x31,
    0x33, 0x11, 0x11, 0x11, 0x21, 0x11, 0x31, 0x11, 0x31, 0x13, 0x12, 0x13, 0x11, 0x11, 0x11, 0x11,
    0x31, 0x31, 0x23, 0x21, 0x21, 0x13, 0x12, 0x13, 0x11, 0x31, 0x11, 0x31, 0x11, 0x11, 0x11, 0x11,
    0x12, 0x11, 0x11, 0x11, 0x12, 0x32, 0x31, 0x32, 0x31, 0x21, 0x13, 0x11, 0x13, 0x12, 0x11, 0x12,
    0x13, 0x12, 0x13, 0x11, 0x11, 0x31, 0x11, 0x11, 0x11, 0x31, 0x23, 0x13, 0x11, 0x31, 0x11, 0x13,
    0x11, 0x11, 0x31, 0x11, 0x11, 0x11, 0x11, 0x13, 0x11, 0x11, 0x31, 0x11, 0x11, 0x13, 0x12, 0x32,
    0x31, 0x13, 0x12, 0x11, 0x21, 0x31, 0x11, 0x31, 0x31, 0x31, 0x13, 0x11, 0x21, 0x11, 0x11, 0x11,
    0x11, 0x11, 0x31, 0x21, 0x21, 0x11, 0x13, 0x11, 0x31, 0x11, 0x21, 0x11, 0x11, 0x12, 0x11, 0x21,
    0x11, 0x31, 0x21, 0x31, 0x11, 0x11, 0x11, 0x11, 0x13, 0x12, 0x11, 0x31, 0x11, 0x31, 0x13, 0x12,
    0x12, 0x11, 0x11, 0x11, 0x31, 0x11, 0x11, 0x11, 0x11, 0x11, 0x11, 0x11, 0x11, 0x13, 0x11, 0x12,
    0x13, 0x12, 0x11, 0x11, 0x31, 0x13, 0x13, 0x11, 0x11, 0x21, 0x31, 0x13, 0x11, 0x11, 0x11, 0x11,
    0x11, 0x11, 0x31, 0x31, 0x11, 0x11, 0x31, 0x31, 0x11, 0x11, 0x11, 0x13, 0x11, 0x11, 0x11, 0x11,
    0x11, 0x11, 0x11, 0x11, 0x11, 0x31, 0x12, 0x11, 0x31, 0x31, 0x11, 0x12, 0x13, 0x12, 0x13, 0x11,
    0x21, 0x31, 0x13, 0x11, 0x11, 0x11, 0x11, 0x11, 0x11, 0x11, 0x31, 0x31, 0x12, 0x11, 0x21, 0x31,
    0x11, 0x13, 0x11, 0x21, 0x11, 0x11, 0x11, 0x11, 0x11, 0x11, 0x11, 0x11, 0x11, 0x11, 0x11, 0x11,
    0x31, 0x13, 0x11, 0x11, 0x31, 0x11, 0x11, 0x11, 0x31, 0x13, 0x11, 0x11, 0x11, 0x11, 0x11, 0x11,
    0x11, 0x11, 0x11, 0x11, 0x11, 0x11, 0x13, 0x11, 0x11, 0x11, 0x11, 0x11, 0x11, 0x11, 0x11, 0x11,
    0x11, 0x11, 0x11, 0x11, 0x11, 0x11, 0x11, 0x11, 0x11, 0x11, 0x11, 0x11, 0x11, 0x11, 0x11, 0x11,
    0x11, 0x11, 0x11, 0x11, 0x11, 0x11, 0x11, 0x11, 0x11, 0x11, 0x11, 0x11, 0x11, 0x11, 0x11, 0x11,
    0x11, 0x11, 0x11, 0x11, 0x11, 0x11, 0x11, 0x11, 0x11, 0x11, 0x11, 0x11, 0x11, 0x11, 0x31, 0x11,
    0x11, 0x11, 0x13, 0x11, 0x11, 0x11, 0x11, 0x31, 0x11, 0x11, 0x11, 0x11, 0x11, 0x11, 0x11, 0x11,
    0x11, 0x11, 0x11, 0x11, 0x11, 0x11, 0x11, 0x11, 0x11, 0x11, 0x11, 0x11, 0x11, 0x11, 0x11, 0x11,
    0x11, 0x11, 0x11, 0x11, 0x11, 0x11, 0x11, 0x11, 0x11, 0x11, 0x11, 0x11, 0x11, 0x11, 0x11, 0x11,
    0x11, 0x11, 0x11, 0x11, 0x11, 0x11, 0x11, 0x11, 0x11, 0x11, 0x11, 0x11, 0x11, 0x11, 0x11, 0x11,
    0x11, 0x11, 0x11, 0x11, 0x11, 0x11, 0x11, 0x11, 0x11, 0x11, 0x11, 0x11, 0x11, 0x11, 0x11, 0x11,
    0x11, 0x11, 0x11, 0x11, 0x11, 0x11, 0x11, 0x11, 0x11, 0x11, 0x11, 0x11, 0x11, 0x11, 0x11, 0x11,
    0x11, 0x11, 0x11, 0x11, 0x11, 0x11, 0x11, 0x11, 0x11, 0x11, 0x11, 0x11, 0x11, 0x11, 0x11, 0x11,
    0x11, 0x11, 0x11, 0x11, 0x11, 0x11, 0x11, 0x11, 0x11, 0x11, 0x11, 0x11, 0x11, 0x11, 0x11, 0x11,
    0x11, 0x11, 0x11, 0x11, 0x11, 0x11, 0x11, 0x11, 0x11, 0x11, 0x11, 0x11, 0x11, 0x11, 0x11, 0x11,
    0x11, 0x11, 0x11, 0x11, 0x11, 0x11, 0x11, 0x11, 0x11, 0x11, 0x11, 0x11, 0x11, 0x11, 0x11, 0x11,
    0x11, 0x11, 0x11, 0x11, 0x11, 0x11, 0x11, 0x11, 0x11, 0x11, 0x11, 0x11, 0x11, 0x11, 0x11, 0x11,
    0x11, 0x11, 0x11, 0x11, 0x11, 0x11, 0x11, 0x11, 0x11, 0x11, 0x11, 0x11, 0x11, 0x11, 0x11, 0x11,
};

// Auto-generated icon: wxs_73d (40x40)
// Each byte holds 2 pixels (high nibble first)
#define ICON_WXS_73D_W 40
#define ICON_WXS_73D_H 40
static const uint8_t PROGMEM icon_wxs_73d[] = {
    0x11, 0x11, 0x11, 0x11, 0x11, 0x11, 0x11, 0x13, 0x13, 0x13, 0x11, 0x11, 0x11, 0x11, 0x11, 0x11,
    0x11, 0x11, 0x11, 0x11, 0x11, 0x11, 0x11, 0x11, 0x11, 0x11, 0x13, 0x21, 0x21, 0x21, 0x31, 0x11,
    0x11, 0x11, 0x11, 0x11, 0x11, 0x11, 0x11, 0x11, 0x11, 0x11, 0x11, 0x11, 0x11, 0x13, 0x13, 0x13,
    0x13, 0x13, 0x12, 0x11, 0x11, 0x11, 0x11, 0x11, 0x11, 0x11, 0x11, 0x11, 0x11, 0x11, 0x11, 0x11,
    0x11, 0x12, 0x31, 0x21, 0x31, 0x21, 0x31, 0x31, 0x11, 0x11, 0x11, 0x11, 0x11, 0x11, 0x11, 0x11,
    0x11, 0x11, 0x11, 0x11, 0x13, 0x13, 0x12, 0x31, 0x21, 0x31, 0x12, 0x13, 0x11, 0x11, 0x11, 0x11,
    0x11, 0x11, 0x11, 0x11, 0x11, 0x11, 0x11, 0x11, 0x12, 0x31, 0x31, 0x13, 0x13, 0x12, 0x31, 0x31,
    0x21, 0x11, 0x11, 0x11, 0x11, 0x11, 0x11, 0x11, 0x11, 0x11, 0x11, 0x31, 0x31, 0x21, 0x23, 0x12,
    0x12, 0x13, 0x12, 0x11, 0x11, 0x11, 0x11, 0x11, 0x11, 0x11, 0x11, 0x11, 0x11, 0x13, 0x12, 0x13,
    0x21, 0x31, 0x31, 0x31, 0x31, 0x31, 0x31, 0x13, 0x11, 0x31, 0x11, 0x11, 0x11, 0x11, 0x11, 0x11,
    0x11, 0x21, 0x33, 0x21, 0x31, 0x23, 0x12, 0x13, 0x12, 0x12, 0x11, 0x11, 0x11, 0x11, 0x11, 0x11,
    0x11, 0x11, 0x11, 0x11, 0x13, 0x13, 0x21, 0x31, 0x23, 0x12, 0x31, 0x32, 0x13, 0x11, 0x31, 0x13,
    0x12, 0x13, 0x13, 0x11, 0x11, 0x11, 0x11, 0x11, 0x12, 0x31, 0x32, 0x13, 0x12, 0x31, 0x12, 0x13,
    0x12, 0x11, 0x11, 0x11, 0x11, 0x11, 0x11, 0x11, 0x11, 0x11, 0x11, 0x11, 0x31, 0x23, 0x13, 0x21,
    0x31, 0x32, 0x31, 0x32, 0x13, 0x13, 0x12, 0x13, 0x11, 0x31, 0x12, 0x13, 0x11, 0x11, 0x11, 0x11,
    0x23, 0x12, 0x31, 0x32, 0x32, 0x11, 0x32, 0x11, 0x31, 0x11, 0x11, 0x11, 0x11, 0x11, 0x11, 0x11,
    0x11, 0x11, 0x11, 0x11, 0x32, 0x31, 0x23, 0x11, 0x31, 0x32, 0x11, 0x11, 0x11, 0x21, 0x31, 0x13,
    0x12, 0x13, 0x11, 0x31, 0x13, 0x11, 0x11, 0x11, 0x13, 0x23, 0x12, 0x32, 0x12, 0x13, 0x13, 0x13,
    0x11, 0x31, 0x11, 0x21, 0x11, 0x11, 0x11, 0x11, 0x11, 0x11, 0x11, 0x11, 0x23, 0x12, 0x31, 0x31,
    0x33, 0x11, 0x11, 0x11, 0x21, 0x11, 0x31, 0x11, 0x31, 0x13, 0x12, 0x13, 0x11, 0x11, 0x11, 0x11,
    0x31, 0x31, 0x23, 0x21, 0x21, 0x13, 0x12, 0x13, 0x11, 0x31, 0x11, 0x31, 0x11, 0x11, 0x11, 0x11,
    0x12, 0x11, 0x11, 0x11, 0x12, 0x32, 0x31, 0x32, 0x31, 0x21, 0x13, 0x11, 0x13, 0x12, 0x11, 0x12,
    0x13, 0x12, 0x13, 0x11, 0x11, 0x31, 0x11, 0x11, 0x11, 0x31, 0x23, 0x13, 0x11, 0x31, 0x11, 0x13,
    0x11, 0x11, 0x31, 0x11, 0x11, 0x11, 0x11, 0x13, 0x11, 0x11, 0x31, 0x11, 0x11, 0x13, 0x12, 0x32,
    0x31, 0x13, 0x12, 0x11, 0x21, 0x31, 0x11, 0x31, 0x31, 0x31, 0x13, 0x11, 0x21, 0x11, 0x11, 0x11,
    0x11, 0x11, 0x31, 0x21, 0x21, 0x11, 0x13, 0x11, 0x31, 0x11, 0x21, 0x11, 0x11, 0x12, 0x11, 0x21,
    0x11, 0x31, 0x21, 0x31, 0x11, 0x11, 0x11, 0x11, 0x13, 0x12, 0x11, 0x31, 0x11, 0x31, 0x13, 0x12,
    0x12, 0x11, 0x11, 0x11, 0x31, 0x11, 0x11, 0x11, 0x11, 0x11, 0x11, 0x11, 0x11, 0x13, 0x11, 0x12,
    0x13, 0x12, 0x11, 0x11, 0x31, 0x13, 0x13, 0x11, 0x11, 0x21, 0x31, 0x13, 0x11, 0x11, 0x11, 0x11,
    0x11, 0x11, 0x31, 0x31, 0x11, 0x11, 0x31, 0x31, 0x11, 0x11, 0x11, 0x13, 0x11, 0x11, 0x11, 0x11,
    0x11, 0x11, 0x11, 0x11, 0x11, 0x31, 0x12, 0x11, 0x31, 0x31, 0x11, 0x12, 0x13, 0x12, 0x13, 0x11,
    0x21, 0x31, 0x13, 0x11, 0x11, 0x11, 0x11, 0x11, 0x11, 0x11, 0x31, 0x31, 0x12, 0x11, 0x21, 0x31,
    0x11, 0x13, 0x11, 0x21, 0x11, 0x11, 0x11, 0x11, 0x11, 0x11, 0x11, 0x11, 0x11, 0x11, 0x11, 0x11,
    0x31, 0x13, 0x11, 0x11, 0x31, 0x11, 0x11, 0x11, 0x31, 0x13, 0x11, 0x11, 0x11, 0x11, 0x11, 0x11,
    0x11, 0x11, 0x11, 0x11, 0x11, 0x11, 0x13, 0x11, 0x11, 0x11, 0x13, 0x11, 0x11, 0x11, 0x11, 0x11,
    0x11, 0x11, 0x11, 0x11, 0x11, 0x11, 0x11, 0x11, 0x11, 0x11, 0x11, 0x11, 0x11, 0x11, 0x11, 0x11,
    0x11, 0x11, 0x11, 0x11, 0x11, 0x11, 0x11, 0x11, 0x11, 0x11, 0x11, 0x11, 0x11, 0x11, 0x11, 0x11,
    0x11, 0x11, 0x11, 0x11, 0x11, 0x11, 0x11, 0x11, 0x11, 0x11, 0x11, 0x11, 0x11, 0x11, 0x11, 0x11,
    0x11, 0x11, 0x11, 0x31, 0x11, 0x11, 0x11, 0x11, 0x11, 0x11, 0x11, 0x11, 0x11, 0x11, 0x11, 0x11,
    0x11, 0x11, 0x13, 0x11, 0x11, 0x11, 0x11, 0x11, 0x11, 0x11, 0x11, 0x31, 0x11, 0x11, 0x11, 0x11,
    0x11, 0x11, 0x11, 0x11, 0x11, 0x11, 0x11, 0x11, 0x11, 0x11, 0x13, 0x11, 0x11, 0x11, 0x11, 0x11,
    0x11, 0x11, 0x11, 0x11, 0x11, 0x11, 0x11, 0x11, 0x11, 0x11, 0x11, 0x11, 0x11, 0x11, 0x11, 0x11,
    0x11, 0x11, 0x11, 0x11, 0x11, 0x11, 0x11, 0x11, 0x11, 0x11, 0x11, 0x11, 0x11, 0x11, 0x11, 0x11,
    0x11, 0x11, 0x11, 0x11, 0x11, 0x11, 0x11, 0x11, 0x11, 0x11, 0x11, 0x11, 0x11, 0x11, 0x11, 0x11,
    0x11, 0x11, 0x11, 0x11, 0x11, 0x11, 0x11, 0x31, 0x11, 0x11, 0x11, 0x11, 0x11, 0x11, 0x11, 0x11,
    0x11, 0x11, 0x11, 0x11, 0x11, 0x11, 0x11, 0x11, 0x11, 0x11, 0x31, 0x11, 0x11, 0x11, 0x11, 0x11,
    0x11, 0x11, 0x11, 0x11, 0x11, 0x11, 0x11, 0x11, 0x11, 0x11, 0x11, 0x11, 0x11, 0x11, 0x11, 0x31,
    0x11, 0x11, 0x11, 0x11, 0x11, 0x11, 0x11, 0x11, 0x11, 0x11, 0x11, 0x11, 0x11, 0x11, 0x11, 0x11,
    0x11, 0x11, 0x11, 0x11, 0x11, 0x11, 0x11, 0x11, 0x11, 0x11, 0x11, 0x11, 0x11, 0x11, 0x11, 0x11,
    0x11, 0x11, 0x11, 0x11, 0x11, 0x11, 0x11, 0x11, 0x11, 0x11, 0x11, 0x11, 0x11, 0x11, 0x11, 0x11,
};

// Auto-generated icon: wxs_77d (40x40)
// Each byte holds 2 pixels (high nibble first)
#define ICON_WXS_77D_W 40
#define ICON_WXS_77D_H 40
static const uint8_t PROGMEM icon_wxs_77d[] = {
    0x11, 0x11, 0x11, 0x11, 0x11, 0x11, 0x11, 0x11, 0x11, 0x11, 0x11, 0x11, 0x11, 0x11, 0x11, 0x11,
    0x11, 0x11, 0x11, 0x11, 0x11, 0x11, 0x11, 0x11, 0x11, 0x11, 0x11, 0x11, 0x11, 0x11, 0x11, 0x11,
    0x11, 0x11, 0x11, 0x11, 0x11, 0x11, 0x11, 0x11, 0x11, 0x11, 0x11, 0x11, 0x11, 0x11, 0x11, 0x11,
    0x11, 0x13, 0x11, 0x11, 0x11, 0x11, 0x11, 0x11, 0x11, 0x11, 0x11, 0x11, 0x11, 0x11, 0x11, 0x11,
    0x11, 0x11, 0x13, 0x11, 0x11, 0x11, 0x11, 0x11, 0x11, 0x31, 0x11, 0x11, 0x11, 0x11, 0x11, 0x11,
    0x11, 0x11, 0x11, 0x11, 0x11, 0x11, 0x11, 0x13, 0x11, 0x13, 0x11, 0x11, 0x31, 0x11, 0x11, 0x11,
    0x11, 0x11, 0x11, 0x11, 0x11, 0x11, 0x11, 0x11, 0x11, 0x11, 0x11, 0x11, 0x31, 0x11, 0x11, 0x11,
    0x13, 0x11, 0x11, 0x11, 0x11, 0x11, 0x11, 0x11, 0x11, 0x11, 0x11, 0x11, 0x31, 0x11, 0x11, 0x11,
    0x13, 0x13, 0x13, 0x13, 0x11, 0x11, 0x11, 0x13, 0x11, 0x11, 0x11, 0x11, 0x11, 0x11, 0x11, 0x11,
    0x11, 0x31, 0x11, 0x11, 0x11, 0x11, 0x21, 0x11, 0x11, 0x11, 0x13, 0x11, 0x11, 0x11, 0x11, 0x11,
    0x11, 0x11, 0x11, 0x11, 0x31, 0x11, 0x11, 0x11, 0x13, 0x13, 0x13, 0x11, 0x11, 0x11, 0x11, 0x13,
    0x11, 0x11, 0x11, 0x11, 0x11, 0x11, 0x11, 0x11, 0x11, 0x31, 0x11, 0x11, 0x11, 0x11, 0x11, 0x11,
    0x11, 0x11, 0x13, 0x11, 0x11, 0x11, 0x11, 0x11, 0x11, 0x11, 0x11, 0x11, 0x11, 0x11, 0x11, 0x11,
    0x11, 0x13, 0x11, 0x11, 0x11, 0x11, 0x11, 0x11, 0x11, 0x11, 0x11, 0x11, 0x11, 0x11, 0x31, 0x31,
    0x13, 0x13, 0x11, 0x11, 0x11, 0x11, 0x11, 0x11, 0x11, 0x11, 0x31, 0x31, 0x13, 0x13, 0x11, 0x11,
    0x11, 0x11, 0x11, 0x11, 0x11, 0x11, 0x11, 0x11, 0x11, 0x13, 0x11, 0x11, 0x11, 0x11, 0x11, 0x13,
    0x11, 0x11, 0x11, 0x11, 0x11, 0x11, 0x11, 0x31, 0x31, 0x31, 0x11, 0x11, 0x11, 0x11, 0x11, 0x11,
    0x11, 0x11, 0x31, 0x21, 0x13, 0x11, 0x11, 0x11, 0x11, 0x11, 0x11, 0x11, 0x12, 0x11, 0x31, 0x11,
    0x11, 0x13, 0x11, 0x11, 0x11, 0x11, 0x11, 0x31, 0x11, 0x11, 0x11, 0x11, 0x11, 0x11, 0x13, 0x13,
    0x11, 0x31, 0x11, 0x31, 0x11, 0x11, 0x11, 0x11, 0x13, 0x13, 0x11, 0x13, 0x13, 0x11, 0x11, 0x11,
    0x11, 0x31, 0x11, 0x11, 0x31, 0x11, 0x31, 0x11, 0x11, 0x13, 0x11, 0x11, 0x11, 0x11, 0x31, 0x11,
    0x11, 0x13, 0x11, 0x11, 0x11, 0x11, 0x31, 0x31, 0x11, 0x11, 0x11, 0x31, 0x31, 0x11, 0x31, 0x31,
    0x31, 0x31, 0x11, 0x11, 0x13, 0x11, 0x13, 0x11, 0x11, 0x11, 0x11, 0x11, 0x11, 0x11, 0x11, 0x11,
    0x11, 0x31, 0x11, 0x11, 0x11, 0x11, 0x11, 0x11, 0x11, 0x11, 0x11, 0x11, 0x11, 0x11, 0x11, 0x11,
    0x11, 0x11, 0x11, 0x11, 0x11, 0x12, 0x13, 0x11, 0x11, 0x11, 0x11, 0x11, 0x11, 0x11, 0x11, 0x11,
    0x11, 0x11, 0x11, 0x11, 0x11, 0x11, 0x11, 0x11, 0x13, 0x13, 0x11, 0x21, 0x11, 0x11, 0x11, 0x11,
    0x11, 0x11, 0x11, 0x11, 0x11, 0x11, 0x11, 0x11, 0x11, 0x11, 0x11, 0x13, 0x11, 0x11, 0x31, 0x13,
    0x11, 0x11, 0x11, 0x11, 0x11, 0x11, 0x11, 0x11, 0x11, 0x31, 0x31, 0x31, 0x11, 0x11, 0x11, 0x11,
    0x13, 0x11, 0x13, 0x11, 0x13, 0x11, 0x11, 0x11, 0x13, 0x13, 0x13, 0x11, 0x11, 0x11, 0x11, 0x11,
    0x31, 0x13, 0x13, 0x13, 0x11, 0x13, 0x11, 0x13, 0x11, 0x13, 0x11, 0x31, 0x11, 0x11, 0x11, 0x11,
    0x11, 0x11, 0x13, 0x11, 0x13, 0x11, 0x11, 0x11, 0x11, 0x11, 0x11, 0x11, 0x13, 0x11, 0x11, 0x13,
    0x13, 0x11, 0x11, 0x11, 0x11, 0x11, 0x11, 0x13, 0x11, 0x21, 0x31, 0x11, 0x11, 0x13, 0x11, 0x11,
    0x11, 0x13, 0x13, 0x11, 0x11, 0x11, 0x11, 0x11, 0x11, 0x11, 0x11, 0x11, 0x21, 0x31, 0x11, 0x11,
    0x11, 0x11, 0x11, 0x11, 0x11, 0x11, 0x11, 0x21, 0x31, 0x11, 0x11, 0x11, 0x11, 0x11, 0x13, 0x11,
    0x31, 0x11, 0x11, 0x11, 0x11, 0x13, 0x11, 0x11, 0x11, 0x11, 0x31, 0x13, 0x11, 0x31, 0x11, 0x11,
    0x11, 0x11, 0x11, 0x31, 0x11, 0x31, 0x11, 0x11, 0x11, 0x11, 0x11, 0x11, 0x11, 0x11, 0x11, 0x31,
    0x13, 0x11, 0x11, 0x11, 0x11, 0x11, 0x11, 0x11, 0x11, 0x11, 0x11, 0x11, 0x11, 0x13, 0x11, 0x11,
    0x11, 0x11, 0x11, 0x11, 0x11, 0x11, 0x11, 0x11, 0x11, 0x11, 0x11, 0x11, 0x13, 0x11, 0x11, 0x11,
    0x11, 0x11, 0x31, 0x11, 0x11, 0x11, 0x13, 0x11, 0x11, 0x11, 0x11, 0x11, 0x11, 0x11, 0x11, 0x11,
    0x11, 0x31, 0x11, 0x11, 0x13, 0x11, 0x12, 0x11, 0x11, 0x11, 0x11, 0x13, 0x11, 0x11, 0x11, 0x11,
    0x11, 0x11, 0x11, 0x11, 0x31, 0x11, 0x11, 0x11, 0x11, 0x31, 0x31, 0x31, 0x11, 0x11, 0x13, 0x11,
    0x11, 0x11, 0x11, 0x11, 0x11, 0x11, 0x11, 0x11, 0x11, 0x11, 0x11, 0x13, 0x11, 0x12, 0x11, 0x11,
    0x31, 0x11, 0x11, 0x13, 0x11, 0x11, 0x11, 0x11, 0x11, 0x11, 0x11, 0x11, 0x11, 0x11, 0x11, 0x11,
    0x31, 0x11, 0x31, 0x11, 0x13, 0x11, 0x11, 0x11, 0x11, 0x11, 0x11, 0x11, 0x11, 0x11, 0x11, 0x11,
    0x11, 0x11, 0x13, 0x11, 0x11, 0x11, 0x11, 0x11, 0x11, 0x31, 0x11, 0x11, 0x11, 0x11, 0x11, 0x11,
    0x11, 0x11, 0x11, 0x11, 0x11, 0x11, 0x11, 0x11, 0x11, 0x13, 0x11, 0x11, 0x11, 0x11, 0x11, 0x11,
    0x11, 0x11, 0x11, 0x11, 0x11, 0x11, 0x11, 0x11, 0x11, 0x11, 0x11, 0x11, 0x11, 0x11, 0x11, 0x11,
    0x11, 0x11, 0x11, 0x11, 0x11, 0x11, 0x11, 0x11, 0x11, 0x11, 0x11, 0x11, 0x11, 0x11, 0x11, 0x11,
    0x11, 0x11, 0x11, 0x11, 0x11, 0x11, 0x11, 0x11, 0x11, 0x11, 0x11, 0x11, 0x11, 0x11, 0x11, 0x11,
    0x11, 0x11, 0x11, 0x11, 0x11, 0x11, 0x11, 0x11, 0x11, 0x11, 0x11, 0x11, 0x11, 0x11, 0x11, 0x11,
};

// Auto-generated icon: info_sunrise (50x50)
// Each byte holds 2 pixels (high nibble first)
#define ICON_INFO_SUNRISE_W 50
#define ICON_INFO_SUNRISE_H 50
static const uint8_t PROGMEM icon_info_sunrise[] = {
    0x11, 0x11, 0x11, 0x11, 0x11, 0x11, 0x11, 0x11, 0x11, 0x11, 0x11, 0x11, 0x11, 0x11, 0x11, 0x11,
    0x11, 0x11, 0x11, 0x11, 0x11, 0x11, 0x11, 0x11, 0x11, 0x11, 0x11, 0x11, 0x11, 0x11, 0x11, 0x11,
    0x11, 0x11, 0x11, 0x11, 0x11, 0x11, 0x11, 0x11, 0x11, 0x11, 0x11, 0x11, 0x11, 0x11, 0x11, 0x11,
    0x11, 0x11, 0x11, 0x11, 0x11, 0x11, 0x11, 0x11, 0x11, 0x11, 0x11, 0x11, 0x11, 0x11, 0x11, 0x11,
    0x11, 0x11, 0x11, 0x11, 0x11, 0x11, 0x11, 0x11, 0x11, 0x11, 0x11, 0x11, 0x11, 0x11, 0x11, 0x11,
    0x11, 0x11, 0x11, 0x11, 0x11, 0x11, 0x11, 0x11, 0x11, 0x11, 0x11, 0x11, 0x11, 0x11, 0x11, 0x11,
    0x11, 0x11, 0x11, 0x11, 0x11, 0x11, 0x11, 0x11, 0x11, 0x11, 0x11, 0x11, 0x11, 0x11, 0x11, 0x66,
    0x66, 0x66, 0x11, 0x11, 0x11, 0x11, 0x11, 0x11, 0x11, 0x11, 0x11, 0x11, 0x11, 0x11, 0x11, 0x11,
    0x11, 0x11, 0x11, 0x11, 0x11, 0x11, 0x11, 0x16, 0x66, 0x66, 0x46, 0x61, 0x11, 0x11, 0x11, 0x11,
    0x11, 0x11, 0x11, 0x11, 0x11, 0x11, 0x11, 0x11, 0x11, 0x11, 0x11, 0x11, 0x11, 0x11, 0x11, 0x11,
    0x66, 0x64, 0x66, 0x66, 0x66, 0x11, 0x11, 0x11, 0x11, 0x11, 0x11, 0x11, 0x11, 0x11, 0x11, 0x11,
    0x11, 0x11, 0x11, 0x11, 0x11, 0x11, 0x11, 0x11, 0x11, 0x66, 0x66, 0x66, 0x66, 0x66, 0x11, 0x11,
    0x11, 0x11, 0x11, 0x11, 0x11, 0x11, 0x11, 0x11, 0x11, 0x11, 0x11, 0x11, 0x11, 0x11, 0x11, 0x11,
    0x11, 0x16, 0x66, 0x66, 0x66, 0x46, 0x66, 0x61, 0x11, 0x11, 0x11, 0x11, 0x11, 0x11, 0x11, 0x11,
    0x11, 0x11, 0x11, 0x11, 0x11, 0x11, 0x11, 0x11, 0x11, 0x11, 0x11, 0x66, 0x16, 0x66, 0x61, 0x66,
    0x11, 0x11, 0x11, 0x11, 0x11, 0x11, 0x11, 0x11, 0x11, 0x11, 0x11, 0x11, 0x11, 0x11, 0x11, 0x11,
    0x11, 0x11, 0x11, 0x11, 0x11, 0x16, 0x66, 0x61, 0x11, 0x11, 0x11, 0x11, 0x11, 0x11, 0x11, 0x11,
    0x11, 0x11, 0x11, 0x11, 0x11, 0x11, 0x11, 0x11, 0x11, 0x11, 0x11, 0x11, 0x11, 0x11, 0x16, 0x66,
    0x61, 0x11, 0x11, 0x11, 0x11, 0x11, 0x11, 0x11, 0x11, 0x11, 0x11, 0x11, 0x11, 0x11, 0x11, 0x11,
    0x11, 0x11, 0x11, 0x11, 0x11, 0x11, 0x11, 0x16, 0x66, 0x61, 0x11, 0x11, 0x11, 0x11, 0x11, 0x11,
    0x11, 0x11, 0x11, 0x11, 0x11, 0x11, 0x11, 0x11, 0x11, 0x11, 0x11, 0x11, 0x11, 0x11, 0x11, 0x11,
    0x16, 0x66, 0x61, 0x11, 0x11, 0x11, 0x11, 0x11, 0x11, 0x11, 0x11, 0x11, 0x11, 0x11, 0x11, 0x11,
    0x11, 0x11, 0x11, 0x11, 0x11, 0x11, 0x11, 0x11, 0x11, 0x16, 0x66, 0x61, 0x11, 0x11, 0x11, 0x11,
    0x11, 0x11, 0x11, 0x11, 0x11, 0x11, 0x11, 0x11, 0x11, 0x11, 0x11, 0x11, 0x11, 0x11, 0x11, 0x11,
    0x11, 0x11, 0x11, 0x66, 0x11, 0x11, 0x11, 0x11, 0x11, 0x11, 0x11, 0x11, 0x11, 0x11, 0x11, 0x11,
    0x11, 0x11, 0x11, 0x16, 0x66, 0x11, 0x11, 0x11, 0x11, 0x11, 0x11, 0x11, 0x11, 0x11, 0x11, 0x11,
    0x11, 0x11, 0x11, 0x11, 0x66, 0x61, 0x11, 0x11, 0x11, 0x11, 0x11, 0x11, 0x16, 0x66, 0x61, 0x11,
    0x11, 0x11, 0x11, 0x11, 0x11, 0x11, 0x11, 0x11, 0x11, 0x11, 0x11, 0x11, 0x16, 0x66, 0x61, 0x11,
    0x11, 0x11, 0x11, 0x11, 0x11, 0x11, 0x66, 0x66, 0x11, 0x11, 0x11, 0x11, 0x11, 0x11, 0x11, 0x11,
    0x11, 0x11, 0x11, 0x11, 0x11, 0x66, 0x66, 0x11, 0x11, 0x11, 0x11, 0x11, 0x11, 0x11, 0x11, 0x16,
    0x66, 0x61, 0x11, 0x11, 0x11, 0x11, 0x16, 0x66, 0x61, 0x11, 0x11, 0x11, 0x11, 0x16, 0x66, 0x51,
    0x11, 0x11, 0x11, 0x11, 0x11, 0x11, 0x11, 0x11, 0x11, 0x65, 0x61, 0x11, 0x11, 0x16, 0x66, 0x66,
    0x66, 0x66, 0x66, 0x61, 0x11, 0x11, 0x16, 0x56, 0x11, 0x11, 0x11, 0x11, 0x11, 0x11, 0x11, 0x11,
    0x11, 0x11, 0x16, 0x11, 0x11, 0x16, 0x66, 0x66, 0x56, 0x65, 0x66, 0x56, 0x66, 0x61, 0x11, 0x11,
    0x61, 0x11, 0x11, 0x11, 0x11, 0x11, 0x11, 0x11, 0x11, 0x11, 0x11, 0x11, 0x11, 0x11, 0x66, 0x56,
    0x66, 0x66, 0x66, 0x66, 0x66, 0x65, 0x66, 0x11, 0x11, 0x11, 0x11, 0x11, 0x11, 0x11, 0x11, 0x11,
    0x11, 0x11, 0x11, 0x11, 0x11, 0x11, 0x16, 0x66, 0x66, 0x56, 0x65, 0x66, 0x56, 0x65, 0x66, 0x66,
    0x61, 0x11, 0x11, 0x11, 0x11, 0x11, 0x11, 0x11, 0x11, 0x11, 0x11, 0x11, 0x11, 0x11, 0x11, 0x65,
    0x65, 0x66, 0x66, 0x66, 0x66, 0x66, 0x66, 0x66, 0x56, 0x56, 0x11, 0x11, 0x11, 0x11, 0x11, 0x11,
    0x11, 0x11, 0x11, 0x11, 0x11, 0x11, 0x11, 0x16, 0x66, 0x66, 0x65, 0x65, 0x65, 0x65, 0x65, 0x66,
    0x56, 0x66, 0x66, 0x61, 0x11, 0x11, 0x11, 0x11, 0x11, 0x11, 0x11, 0x11, 0x11, 0x11, 0x11, 0x11,
    0x16, 0x56, 0x65, 0x66, 0x66, 0x66, 0x66, 0x66, 0x65, 0x66, 0x65, 0x66, 0x51, 0x11, 0x11, 0x11,
    0x11, 0x11, 0x11, 0x11, 0x11, 0x11, 0x11, 0x11, 0x11, 0x65, 0x66, 0x66, 0x65, 0x66, 0x56, 0x56,
    0x65, 0x66, 0x65, 0x66, 0x65, 0x66, 0x11, 0x11, 0x11, 0x11, 0x11, 0x11, 0x11, 0x11, 0x11, 0x11,
    0x11, 0x11, 0x66, 0x65, 0x65, 0x66, 0x56, 0x66, 0x65, 0x66, 0x65, 0x66, 0x65, 0x66, 0x65, 0x11,
    0x11, 0x11, 0x11, 0x11, 0x11, 0x11, 0x11, 0x11, 0x11, 0x11, 0x16, 0x56, 0x56, 0x66, 0x56, 0x66,
    0x56, 0x66, 0x56, 0x66, 0x56, 0x66, 0x56, 0x66, 0x61, 0x11, 0x11, 0x11, 0x11, 0x11, 0x11, 0x11,
    0x11, 0x11, 0x11, 0x16, 0x56, 0x66, 0x56, 0x66, 0x56, 0x65, 0x65, 0x66, 0x56, 0x65, 0x65, 0x66,
    0x56, 0x51, 0x11, 0x11, 0x11, 0x11, 0x11, 0x11, 0x11, 0x11, 0x11, 0x11, 0x16, 0x65, 0x65, 0x66,
    0x56, 0x65, 0x66, 0x56, 0x65, 0x65, 0x66, 0x66, 0x56, 0x65, 0x61, 0x11, 0x11, 0x11, 0x11, 0x11,
    0x11, 0x11, 0x16, 0x56, 0x65, 0x65, 0x66, 0x66, 0x56, 0x65, 0x66, 0x56, 0x65, 0x66, 0x66, 0x56,
    0x56, 0x65, 0x66, 0x56, 0x65, 0x66, 0x51, 0x11, 0x11, 0x11, 0x11, 0x15, 0x65, 0x66, 0x56, 0x56,
    0x56, 0x56, 0x56, 0x56, 0x56, 0x56, 0x56, 0x56, 0x56, 0x56, 0x56, 0x56, 0x65, 0x66, 0x56, 0x51,
    0x11, 0x11, 0x11, 0x11, 0x16, 0x66, 0x56, 0x65, 0x66, 0x56, 0x65, 0x66, 0x56, 0x65, 0x66, 0x65,
    0x66, 0x56, 0x65, 0x66, 0x65, 0x65, 0x65, 0x65, 0x61, 0x11, 0x11, 0x11, 0x11, 0x11, 0x11, 0x11,
    0x11, 0x11, 0x11, 0x11, 0x11, 0x11, 0x11, 0x11, 0x11, 0x11, 0x11, 0x11, 0x11, 0x11, 0x11, 0x11,
    0x11, 0x11, 0x11, 0x11, 0x11, 0x11, 0x11, 0x11, 0x11, 0x11, 0x11, 0x11, 0x11, 0x11, 0x11, 0x11,
    0x11, 0x11, 0x11, 0x11, 0x11, 0x11, 0x11, 0x11, 0x11, 0x11, 0x11, 0x11, 0x11, 0x11, 0x11, 0x11,
    0x11, 0x11, 0x11, 0x11, 0x11, 0x11, 0x11, 0x11, 0x11, 0x11, 0x11, 0x11, 0x11, 0x11, 0x11, 0x11,
    0x11, 0x11, 0x11, 0x11, 0x11, 0x11, 0x11, 0x11, 0x11, 0x11, 0x11, 0x16, 0x56, 0x56, 0x56, 0x56,
    0x56, 0x56, 0x56, 0x56, 0x56, 0x56, 0x56, 0x56, 0x56, 0x51, 0x11, 0x11, 0x11, 0x11, 0x11, 0x11,
    0x11, 0x11, 0x11, 0x11, 0x15, 0x65, 0x65, 0x65, 0x65, 0x65, 0x65, 0x65, 0x65, 0x65, 0x65, 0x65,
    0x65, 0x65, 0x61, 0x11, 0x11, 0x11, 0x11, 0x11, 0x11, 0x11, 0x11, 0x11, 0x11, 0x16, 0x56, 0x56,
    0x56, 0x56, 0x56, 0x56, 0x56, 0x56, 0x56, 0x56, 0x56, 0x56, 0x56, 0x51, 0x11, 0x11, 0x11, 0x11,
    0x11, 0x11, 0x11, 0x11, 0x11, 0x11, 0x11, 0x11, 0x11, 0x11, 0x11, 0x11, 0x11, 0x11, 0x11, 0x11,
    0x11, 0x11, 0x11, 0x11, 0x11, 0x11, 0x11, 0x11, 0x11, 0x11, 0x11, 0x11, 0x11, 0x11, 0x11, 0x11,
    0x11, 0x11, 0x11, 0x11, 0x11, 0x11, 0x11, 0x11, 0x11, 0x11, 0x11, 0x11, 0x11, 0x11, 0x11, 0x11,
    0x11, 0x11, 0x11, 0x11, 0x11, 0x11, 0x11, 0x11, 0x11, 0x11, 0x11, 0x11, 0x11, 0x11, 0x11, 0x11,
    0x11, 0x11, 0x11, 0x11, 0x11, 0x11, 0x11, 0x11, 0x11, 0x11, 0x11, 0x11, 0x11, 0x11, 0x11, 0x11,
    0x11, 0x11, 0x11, 0x11, 0x11, 0x56, 0x56, 0x56, 0x56, 0x56, 0x56, 0x55, 0x11, 0x11, 0x11, 0x11,
    0x11, 0x11, 0x11, 0x11, 0x11, 0x11, 0x11, 0x11, 0x11, 0x11, 0x11, 0x11, 0x11, 0x15, 0x65, 0x55,
    0x65, 0x55, 0x65, 0x55, 0x65, 0x61, 0x11, 0x11, 0x11, 0x11, 0x11, 0x11, 0x11, 0x11, 0x11, 0x11,
    0x11, 0x11, 0x11, 0x11, 0x11, 0x11, 0x15, 0x56, 0x56, 0x55, 0x65, 0x55, 0x65, 0x55, 0x51, 0x11,
    0x11, 0x11, 0x11, 0x11, 0x11, 0x11, 0x11, 0x11, 0x11, 0x11, 0x11, 0x11, 0x11, 0x11, 0x11, 0x11,
    0x11, 0x11, 0x11, 0x11, 0x11, 0x11, 0x11, 0x11, 0x11, 0x11, 0x11, 0x11, 0x11, 0x11, 0x11, 0x11,
    0x11, 0x11, 0x11, 0x11, 0x11, 0x11, 0x11, 0x11, 0x11, 0x11, 0x11, 0x11, 0x11, 0x11, 0x11, 0x11,
    0x11, 0x11, 0x11, 0x11, 0x11, 0x11, 0x11, 0x11, 0x11, 0x11, 0x11, 0x11, 0x11, 0x11, 0x11, 0x11,
    0x11, 0x11, 0x11, 0x11, 0x11, 0x11, 0x11, 0x11, 0x11, 0x11, 0x11, 0x11, 0x11, 0x11, 0x11, 0x11,
    0x11, 0x11,
};

// Auto-generated icon: info_sunset (50x50)
// Each byte holds 2 pixels (high nibble first)
#define ICON_INFO_SUNSET_W 50
#define ICON_INFO_SUNSET_H 50
static const uint8_t PROGMEM icon_info_sunset[] = {
    0x11, 0x11, 0x11, 0x11, 0x11, 0x11, 0x11, 0x11, 0x11, 0x11, 0x11, 0x11, 0x11, 0x11, 0x11, 0x11,
    0x11, 0x11, 0x11, 0x11, 0x11, 0x11, 0x11, 0x11, 0x11, 0x11, 0x11, 0x11, 0x11, 0x11, 0x11, 0x11,
    0x11, 0x11, 0x11, 0x11, 0x11, 0x11, 0x11, 0x11, 0x11, 0x11, 0x11, 0x11, 0x11, 0x11, 0x11, 0x11,
    0x11, 0x11, 0x11, 0x11, 0x11, 0x11, 0x11, 0x11, 0x11, 0x11, 0x11, 0x11, 0x11, 0x11, 0x11, 0x11,
    0x11, 0x11, 0x11, 0x11, 0x11, 0x11, 0x11, 0x11, 0x11, 0x11, 0x11, 0x11, 0x11, 0x11, 0x11, 0x11,
    0x11, 0x11, 0x11, 0x11, 0x11, 0x11, 0x11, 0x66, 0x11, 0x11, 0x11, 0x11, 0x11, 0x11, 0x11, 0x11,
    0x11, 0x11, 0x11, 0x11, 0x11, 0x11, 0x11, 0x11, 0x11, 0x11, 0x11, 0x11, 0x11, 0x11, 0x11, 0x16,
    0x66, 0x61, 0x11, 0x11, 0x11, 0x11, 0x11, 0x11, 0x11, 0x11, 0x11, 0x11, 0x11, 0x11, 0x11, 0x11,
    0x11, 0x11, 0x11, 0x11, 0x11, 0x11, 0x11, 0x11, 0x16, 0x66, 0x61, 0x11, 0x11, 0x11, 0x11, 0x11,
    0x11, 0x11, 0x11, 0x11, 0x11, 0x11, 0x11, 0x11, 0x11, 0x11, 0x11, 0x11, 0x11, 0x11, 0x11, 0x11,
    0x11, 0x16, 0x64, 0x61, 0x11, 0x11, 0x11, 0x11, 0x11, 0x11, 0x11, 0x11, 0x11, 0x11, 0x11, 0x11,
    0x11, 0x11, 0x11, 0x11, 0x11, 0x11, 0x11, 0x11, 0x11, 0x11, 0x16, 0x66, 0x61, 0x11, 0x11, 0x11,
    0x11, 0x11, 0x11, 0x11, 0x11, 0x11, 0x11, 0x11, 0x11, 0x11, 0x11, 0x11, 0x11, 0x11, 0x11, 0x11,
    0x11, 0x11, 0x11, 0x16, 0x66, 0x61, 0x11, 0x11, 0x11, 0x11, 0x11, 0x11, 0x11, 0x11, 0x11, 0x11,
    0x11, 0x11, 0x11, 0x11, 0x11, 0x11, 0x11, 0x11, 0x11, 0x11, 0x11, 0x11, 0x16, 0x66, 0x61, 0x11,
    0x11, 0x11, 0x11, 0x11, 0x11, 0x11, 0x11, 0x11, 0x11, 0x11, 0x11, 0x11, 0x11, 0x11, 0x11, 0x11,
    0x11, 0x11, 0x11, 0x11, 0x66, 0x16, 0x66, 0x61, 0x66, 0x11, 0x11, 0x11, 0x11, 0x11, 0x11, 0x11,
    0x11, 0x11, 0x11, 0x11, 0x11, 0x11, 0x11, 0x11, 0x11, 0x11, 0x11, 0x11, 0x16, 0x66, 0x66, 0x66,
    0x66, 0x66, 0x61, 0x11, 0x11, 0x11, 0x11, 0x11, 0x11, 0x11, 0x11, 0x11, 0x11, 0x11, 0x11, 0x11,
    0x11, 0x11, 0x11, 0x11, 0x11, 0x11, 0x66, 0x66, 0x66, 0x66, 0x66, 0x11, 0x11, 0x11, 0x11, 0x11,
    0x11, 0x11, 0x11, 0x11, 0x11, 0x11, 0x11, 0x11, 0x11, 0x11, 0x11, 0x11, 0x11, 0x11, 0x11, 0x16,
    0x66, 0x66, 0x66, 0x61, 0x11, 0x11, 0x11, 0x11, 0x11, 0x11, 0x11, 0x11, 0x11, 0x11, 0x11, 0x11,
    0x11, 0x11, 0x11, 0x11, 0x11, 0x11, 0x11, 0x11, 0x11, 0x66, 0x66, 0x66, 0x11, 0x11, 0x11, 0x11,
    0x11, 0x11, 0x11, 0x11, 0x11, 0x11, 0x11, 0x11, 0x11, 0x11, 0x11, 0x11, 0x11, 0x11, 0x11, 0x11,
    0x11, 0x11, 0x16, 0x66, 0x61, 0x11, 0x11, 0x11, 0x11, 0x11, 0x11, 0x11, 0x11, 0x11, 0x11, 0x11,
    0x11, 0x11, 0x11, 0x16, 0x66, 0x11, 0x11, 0x11, 0x11, 0x11, 0x11, 0x11, 0x11, 0x11, 0x11, 0x11,
    0x11, 0x11, 0x11, 0x16, 0x66, 0x11, 0x11, 0x11, 0x11, 0x11, 0x11, 0x11, 0x16, 0x66, 0x61, 0x11,
    0x11, 0x11, 0x11, 0x11, 0x11, 0x11, 0x11, 0x11, 0x11, 0x11, 0x11, 0x11, 0x66, 0x66, 0x11, 0x11,
    0x11, 0x11, 0x11, 0x11, 0x11, 0x16, 0x66, 0x66, 0x11, 0x11, 0x11, 0x11, 0x11, 0x11, 0x11, 0x11,
    0x11, 0x11, 0x11, 0x11, 0x16, 0x66, 0x66, 0x11, 0x11, 0x11, 0x11, 0x11, 0x11, 0x11, 0x11, 0x65,
    0x66, 0x61, 0x11, 0x11, 0x11, 0x11, 0x66, 0x66, 0x61, 0x11, 0x11, 0x11, 0x11, 0x66, 0x65, 0x61,
    0x11, 0x11, 0x11, 0x11, 0x11, 0x11, 0x11, 0x11, 0x16, 0x65, 0x61, 0x11, 0x11, 0x16, 0x66, 0x66,
    0x65, 0x66, 0x66, 0x11, 0x11, 0x11, 0x65, 0x66, 0x11, 0x11, 0x11, 0x11, 0x11, 0x11, 0x11, 0x11,
    0x11, 0x11, 0x16, 0x11, 0x11, 0x16, 0x66, 0x65, 0x66, 0x66, 0x66, 0x66, 0x66, 0x11, 0x11, 0x16,
    0x11, 0x11, 0x11, 0x11, 0x11, 0x11, 0x11, 0x11, 0x11, 0x11, 0x11, 0x11, 0x11, 0x11, 0x66, 0x56,
    0x66, 0x65, 0x66, 0x56, 0x56, 0x65, 0x61, 0x11, 0x11, 0x11, 0x11, 0x11, 0x11, 0x11, 0x11, 0x11,
    0x11, 0x11, 0x11, 0x11, 0x11, 0x11, 0x66, 0x56, 0x66, 0x65, 0x66, 0x66, 0x66, 0x66, 0x66, 0x66,
    0x61, 0x11, 0x11, 0x11, 0x11, 0x11, 0x11, 0x11, 0x11, 0x11, 0x11, 0x11, 0x11, 0x11, 0x11, 0x66,
    0x66, 0x65, 0x66, 0x66, 0x56, 0x65, 0x66, 0x56, 0x65, 0x61, 0x11, 0x11, 0x11, 0x11, 0x11, 0x11,
    0x11, 0x11, 0x11, 0x11, 0x11, 0x11, 0x11, 0x16, 0x56, 0x65, 0x66, 0x66, 0x56, 0x66, 0x66, 0x66,
    0x65, 0x66, 0x66, 0x11, 0x11, 0x11, 0x11, 0x11, 0x11, 0x11, 0x11, 0x11, 0x11, 0x11, 0x11, 0x11,
    0x66, 0x65, 0x66, 0x65, 0x66, 0x66, 0x56, 0x56, 0x56, 0x66, 0x65, 0x65, 0x61, 0x11, 0x11, 0x11,
    0x11, 0x11, 0x11, 0x11, 0x11, 0x11, 0x11, 0x11, 0x11, 0x56, 0x66, 0x65, 0x66, 0x65, 0x66, 0x66,
    0x66, 0x65, 0x65, 0x66, 0x66, 0x61, 0x11, 0x11, 0x11, 0x11, 0x11, 0x11, 0x11, 0x11, 0x11, 0x11,
    0x11, 0x16, 0x65, 0x65, 0x66, 0x65, 0x66, 0x56, 0x56, 0x56, 0x66, 0x66, 0x56, 0x56, 0x56, 0x11,
    0x11, 0x11, 0x11, 0x11, 0x11, 0x11, 0x11, 0x11, 0x11, 0x11, 0x16, 0x56, 0x66, 0x56, 0x56, 0x65,
    0x66, 0x66, 0x65, 0x65, 0x65, 0x66, 0x66, 0x66, 0x11, 0x11, 0x11, 0x11, 0x11, 0x11, 0x11, 0x11,
    0x11, 0x11, 0x11, 0x16, 0x66, 0x56, 0x66, 0x65, 0x66, 0x65, 0x65, 0x66, 0x56, 0x66, 0x65, 0x65,
    0x65, 0x11, 0x11, 0x11, 0x11, 0x11, 0x11, 0x11, 0x11, 0x11, 0x11, 0x11, 0x65, 0x65, 0x66, 0x56,
    0x56, 0x65, 0x66, 0x56, 0x56, 0x65, 0x65, 0x66, 0x56, 0x65, 0x61, 0x11, 0x11, 0x11, 0x11, 0x11,
    0x11, 0x11, 0x65, 0x66, 0x56, 0x56, 0x66, 0x56, 0x65, 0x66, 0x56, 0x56, 0x66, 0x65, 0x66, 0x56,
    0x56, 0x65, 0x66, 0x65, 0x66, 0x56, 0x11, 0x11, 0x11, 0x11, 0x11, 0x65, 0x65, 0x66, 0x56, 0x56,
    0x56, 0x56, 0x56, 0x65, 0x65, 0x65, 0x65, 0x65, 0x66, 0x65, 0x66, 0x56, 0x56, 0x56, 0x65, 0x61,
    0x11, 0x11, 0x11, 0x11, 0x16, 0x56, 0x56, 0x65, 0x65, 0x66, 0x56, 0x65, 0x66, 0x65, 0x65, 0x66,
    0x56, 0x56, 0x56, 0x56, 0x56, 0x65, 0x65, 0x65, 0x11, 0x11, 0x11, 0x11, 0x11, 0x11, 0x11, 0x11,
    0x11, 0x11, 0x11, 0x11, 0x11, 0x11, 0x11, 0x11, 0x11, 0x11, 0x11, 0x11, 0x11, 0x11, 0x11, 0x11,
    0x11, 0x11, 0x11, 0x11, 0x11, 0x11, 0x11, 0x11, 0x11, 0x11, 0x11, 0x11, 0x11, 0x11, 0x11, 0x11,
    0x11, 0x11, 0x11, 0x11, 0x11, 0x11, 0x11, 0x11, 0x11, 0x11, 0x11, 0x11, 0x11, 0x11, 0x11, 0x11,
    0x11, 0x11, 0x11, 0x11, 0x11, 0x11, 0x11, 0x11, 0x11, 0x11, 0x11, 0x11, 0x11, 0x11, 0x11, 0x11,
    0x11, 0x11, 0x11, 0x11, 0x11, 0x11, 0x11, 0x11, 0x11, 0x11, 0x11, 0x16, 0x56, 0x56, 0x56, 0x56,
    0x56, 0x56, 0x56, 0x56, 0x56, 0x56, 0x56, 0x56, 0x56, 0x11, 0x11, 0x11, 0x11, 0x11, 0x11, 0x11,
    0x11, 0x11, 0x11, 0x11, 0x55, 0x65, 0x65, 0x65, 0x65, 0x65, 0x65, 0x65, 0x65, 0x65, 0x65, 0x65,
    0x65, 0x65, 0x61, 0x11, 0x11, 0x11, 0x11, 0x11, 0x11, 0x11, 0x11, 0x11, 0x11, 0x16, 0x56, 0x56,
    0x56, 0x56, 0x56, 0x56, 0x56, 0x56, 0x56, 0x56, 0x56, 0x56, 0x56, 0x11, 0x11, 0x11, 0x11, 0x11,
    0x11, 0x11, 0x11, 0x11, 0x11, 0x11, 0x11, 0x11, 0x11, 0x11, 0x11, 0x11, 0x11, 0x11, 0x11, 0x11,
    0x11, 0x11, 0x11, 0x11, 0x11, 0x11, 0x11, 0x11, 0x11, 0x11, 0x11, 0x11, 0x11, 0x11, 0x11, 0x11,
    0x11, 0x11, 0x11, 0x11, 0x11, 0x11, 0x11, 0x11, 0x11, 0x11, 0x11, 0x11, 0x11, 0x11, 0x11, 0x11,
    0x11, 0x11, 0x11, 0x11, 0x11, 0x11, 0x11, 0x11, 0x11, 0x11, 0x11, 0x11, 0x11, 0x11, 0x11, 0x11,
    0x11, 0x11, 0x11, 0x11, 0x11, 0x11, 0x11, 0x11, 0x11, 0x11, 0x11, 0x11, 0x11, 0x11, 0x11, 0x11,
    0x11, 0x11, 0x11, 0x11, 0x11, 0x56, 0x56, 0x56, 0x56, 0x56, 0x56, 0x51, 0x11, 0x11, 0x11, 0x11,
    0x11, 0x11, 0x11, 0x11, 0x11, 0x11, 0x11, 0x11, 0x11, 0x11, 0x11, 0x11, 0x11, 0x15, 0x65, 0x55,
    0x65, 0x55, 0x65, 0x55, 0x65, 0x11, 0x11, 0x11, 0x11, 0x11, 0x11, 0x11, 0x11, 0x11, 0x11, 0x11,
    0x11, 0x11, 0x11, 0x11, 0x11, 0x11, 0x15, 0x56, 0x56, 0x55, 0x65, 0x55, 0x65, 0x56, 0x11, 0x11,
    0x11, 0x11, 0x11, 0x11, 0x11, 0x11, 0x11, 0x11, 0x11, 0x11, 0x11, 0x11, 0x11, 0x11, 0x11, 0x11,
    0x11, 0x11, 0x11, 0x11, 0x11, 0x11, 0x11, 0x11, 0x11, 0x11, 0x11, 0x11, 0x11, 0x11, 0x11, 0x11,
    0x11, 0x11, 0x11, 0x11, 0x11, 0x11, 0x11, 0x11, 0x11, 0x11, 0x11, 0x11, 0x11, 0x11, 0x11, 0x11,
    0x11, 0x11, 0x11, 0x11, 0x11, 0x11, 0x11, 0x11, 0x11, 0x11, 0x11, 0x11, 0x11, 0x11, 0x11, 0x11,
    0x11, 0x11, 0x11, 0x11, 0x11, 0x11, 0x11, 0x11, 0x11, 0x11, 0x11, 0x11, 0x11, 0x11, 0x11, 0x11,
    0x11, 0x11,
};

// Auto-generated icon: info_humidity (50x50)
// Each byte holds 2 pixels (high nibble first)
#define ICON_INFO_HUMIDITY_W 50
#define ICON_INFO_HUMIDITY_H 50
static const uint8_t PROGMEM icon_info_humidity[] = {
    0x11, 0x11, 0x11, 0x11, 0x11, 0x11, 0x11, 0x11, 0x11, 0x11, 0x11, 0x11, 0x11, 0x11, 0x11, 0x11,
    0x11, 0x11, 0x11, 0x11, 0x11, 0x11, 0x11, 0x11, 0x11, 0x11, 0x11, 0x11, 0x11, 0x11, 0x11, 0x11,
    0x11, 0x11, 0x11, 0x11, 0x11, 0x11, 0x11, 0x11, 0x11, 0x11, 0x11, 0x11, 0x11, 0x11, 0x11, 0x11,
    0x11, 0x11, 0x11, 0x11, 0x11, 0x11, 0x11, 0x11, 0x11, 0x11, 0x11, 0x11, 0x11, 0x11, 0x13, 0x11,
    0x11, 0x11, 0x11, 0x11, 0x11, 0x11, 0x11, 0x11, 0x11, 0x11, 0x11, 0x11, 0x11, 0x11, 0x11, 0x11,
    0x11, 0x11, 0x11, 0x11, 0x11, 0x11, 0x13, 0x11, 0x31, 0x11, 0x11, 0x11, 0x11, 0x11, 0x11, 0x11,
    0x11, 0x11, 0x11, 0x11, 0x11, 0x11, 0x11, 0x11, 0x11, 0x11, 0x11, 0x11, 0x11, 0x11, 0x11, 0x11,
    0x31, 0x11, 0x11, 0x11, 0x11, 0x11, 0x11, 0x11, 0x11, 0x11, 0x11, 0x11, 0x11, 0x11, 0x11, 0x11,
    0x11, 0x11, 0x11, 0x11, 0x11, 0x11, 0x11, 0x11, 0x31, 0x21, 0x31, 0x11, 0x11, 0x11, 0x11, 0x11,
    0x11, 0x11, 0x11, 0x11, 0x11, 0x11, 0x11, 0x11, 0x11, 0x11, 0x11, 0x11, 0x11, 0x11, 0x11, 0x11,
    0x11, 0x21, 0x31, 0x21, 0x31, 0x11, 0x11, 0x11, 0x11, 0x11, 0x11, 0x11, 0x11, 0x11, 0x11, 0x11,
    0x11, 0x11, 0x11, 0x11, 0x11, 0x11, 0x11, 0x11, 0x11, 0x13, 0x13, 0x13, 0x13, 0x11, 0x11, 0x11,
    0x11, 0x11, 0x11, 0x11, 0x11, 0x11, 0x11, 0x11, 0x11, 0x11, 0x11, 0x11, 0x11, 0x11, 0x11, 0x11,
    0x11, 0x11, 0x13, 0x12, 0x11, 0x21, 0x31, 0x11, 0x11, 0x11, 0x11, 0x11, 0x11, 0x11, 0x11, 0x11,
    0x11, 0x11, 0x11, 0x11, 0x11, 0x11, 0x11, 0x11, 0x11, 0x11, 0x11, 0x12, 0x13, 0x13, 0x13, 0x12,
    0x11, 0x11, 0x11, 0x11, 0x11, 0x11, 0x11, 0x11, 0x11, 0x11, 0x11, 0x11, 0x11, 0x11, 0x11, 0x11,
    0x11, 0x11, 0x11, 0x13, 0x13, 0x12, 0x13, 0x12, 0x13, 0x11, 0x11, 0x11, 0x11, 0x11, 0x11, 0x11,
    0x11, 0x11, 0x11, 0x11, 0x11, 0x11, 0x11, 0x11, 0x11, 0x11, 0x11, 0x11, 0x11, 0x31, 0x31, 0x31,
    0x21, 0x31, 0x31, 0x11, 0x11, 0x11, 0x11, 0x11, 0x11, 0x11, 0x11, 0x11, 0x11, 0x11, 0x11, 0x11,
    0x11, 0x11, 0x11, 0x11, 0x11, 0x31, 0x21, 0x21, 0x21, 0x31, 0x21, 0x21, 0x11, 0x11, 0x11, 0x11,
    0x11, 0x11, 0x11, 0x11, 0x11, 0x11, 0x11, 0x11, 0x11, 0x11, 0x11, 0x11, 0x11, 0x11, 0x21, 0x31,
    0x31, 0x31, 0x21, 0x31, 0x31, 0x31, 0x11, 0x11, 0x11, 0x11, 0x11, 0x11, 0x11, 0x11, 0x11, 0x11,
    0x11, 0x11, 0x11, 0x11, 0x11, 0x11, 0x13, 0x13, 0x12, 0x13, 0x13, 0x13, 0x12, 0x13, 0x11, 0x11,
    0x11, 0x11, 0x11, 0x11, 0x11, 0x11, 0x11, 0x11, 0x11, 0x11, 0x11, 0x11, 0x11, 0x11, 0x11, 0x13,
    0x12, 0x13, 0x12, 0x12, 0x12, 0x13, 0x12, 0x13, 0x11, 0x11, 0x11, 0x11, 0x11, 0x11, 0x11, 0x11,
    0x11, 0x11, 0x11, 0x11, 0x11, 0x11, 0x11, 0x13, 0x12, 0x13, 0x12, 0x31, 0x31, 0x31, 0x31, 0x31,
    0x31, 0x21, 0x11, 0x11, 0x11, 0x11, 0x11, 0x11, 0x11, 0x11, 0x11, 0x11, 0x11, 0x11, 0x11, 0x11,
    0x12, 0x31, 0x31, 0x31, 0x12, 0x13, 0x12, 0x12, 0x13, 0x21, 0x31, 0x11, 0x11, 0x11, 0x11, 0x11,
    0x11, 0x11, 0x11, 0x11, 0x11, 0x11, 0x11, 0x11, 0x13, 0x13, 0x12, 0x12, 0x13, 0x13, 0x12, 0x31,
    0x31, 0x31, 0x31, 0x23, 0x11, 0x11, 0x11, 0x11, 0x11, 0x11, 0x11, 0x11, 0x11, 0x11, 0x11, 0x11,
    0x11, 0x12, 0x31, 0x31, 0x31, 0x32, 0x13, 0x13, 0x12, 0x13, 0x12, 0x13, 0x11, 0x31, 0x11, 0x11,
    0x11, 0x11, 0x11, 0x11, 0x11, 0x11, 0x11, 0x11, 0x11, 0x11, 0x31, 0x21, 0x21, 0x32, 0x13, 0x12,
    0x12, 0x31, 0x32, 0x13, 0x12, 0x32, 0x13, 0x11, 0x11, 0x11, 0x11, 0x11, 0x11, 0x11, 0x11, 0x11,
    0x11, 0x11, 0x11, 0x31, 0x31, 0x31, 0x21, 0x31, 0x23, 0x13, 0x12, 0x13, 0x12, 0x31, 0x13, 0x12,
    0x11, 0x11, 0x11, 0x11, 0x11, 0x11, 0x11, 0x11, 0x11, 0x11, 0x11, 0x32, 0x12, 0x31, 0x23, 0x13,
    0x21, 0x31, 0x21, 0x31, 0x31, 0x31, 0x13, 0x21, 0x31, 0x31, 0x11, 0x11, 0x11, 0x11, 0x11, 0x11,
    0x11, 0x11, 0x11, 0x11, 0x13, 0x13, 0x13, 0x12, 0x11, 0x31, 0x23, 0x13, 0x21, 0x21, 0x23, 0x21,
    0x31, 0x23, 0x12, 0x11, 0x11, 0x11, 0x11, 0x11, 0x11, 0x11, 0x11, 0x11, 0x13, 0x21, 0x32, 0x12,
    0x31, 0x31, 0x13, 0x11, 0x21, 0x31, 0x11, 0x11, 0x31, 0x23, 0x12, 0x31, 0x31, 0x11, 0x11, 0x11,
    0x11, 0x11, 0x11, 0x11, 0x11, 0x11, 0x31, 0x21, 0x31, 0x13, 0x11, 0x11, 0x32, 0x31, 0x21, 0x11,
    0x13, 0x12, 0x13, 0x13, 0x12, 0x11, 0x11, 0x11, 0x11, 0x11, 0x11, 0x11, 0x11, 0x11, 0x32, 0x13,
    0x13, 0x23, 0x21, 0x11, 0x11, 0x11, 0x31, 0x31, 0x11, 0x12, 0x31, 0x32, 0x12, 0x31, 0x32, 0x11,
    0x11, 0x11, 0x11, 0x11, 0x11, 0x11, 0x11, 0x13, 0x12, 0x31, 0x11, 0x31, 0x11, 0x11, 0x32, 0x12,
    0x11, 0x11, 0x31, 0x21, 0x31, 0x31, 0x23, 0x13, 0x11, 0x11, 0x11, 0x11, 0x11, 0x11, 0x11, 0x11,
    0x32, 0x31, 0x23, 0x23, 0x12, 0x31, 0x11, 0x13, 0x11, 0x11, 0x11, 0x23, 0x13, 0x21, 0x23, 0x12,
    0x12, 0x11, 0x11, 0x11, 0x11, 0x11, 0x11, 0x11, 0x11, 0x13, 0x13, 0x11, 0x31, 0x31, 0x21, 0x32,
    0x31, 0x11, 0x11, 0x32, 0x13, 0x21, 0x31, 0x31, 0x31, 0x31, 0x11, 0x11, 0x11, 0x11, 0x11, 0x11,
    0x11, 0x11, 0x21, 0x23, 0x23, 0x12, 0x31, 0x32, 0x13, 0x12, 0x11, 0x11, 0x13, 0x21, 0x31, 0x23,
    0x12, 0x13, 0x23, 0x11, 0x11, 0x11, 0x11, 0x11, 0x11, 0x11, 0x11, 0x33, 0x11, 0x31, 0x21, 0x23,
    0x13, 0x21, 0x31, 0x11, 0x13, 0x21, 0x31, 0x23, 0x12, 0x31, 0x31, 0x21, 0x11, 0x11, 0x11, 0x11,
    0x11, 0x11, 0x11, 0x11, 0x12, 0x32, 0x13, 0x31, 0x31, 0x21, 0x31, 0x11, 0x11, 0x21, 0x31, 0x23,
    0x13, 0x13, 0x12, 0x32, 0x31, 0x11, 0x11, 0x11, 0x11, 0x11, 0x11, 0x11, 0x11, 0x31, 0x31, 0x32,
    0x12, 0x31, 0x32, 0x11, 0x11, 0x13, 0x13, 0x23, 0x13, 0x21, 0x23, 0x13, 0x11, 0x23, 0x11, 0x11,
    0x11, 0x11, 0x11, 0x11, 0x11, 0x11, 0x23, 0x12, 0x13, 0x13, 0x21, 0x31, 0x31, 0x11, 0x12, 0x31,
    0x11, 0x11, 0x32, 0x12, 0x32, 0x32, 0x13, 0x11, 0x11, 0x11, 0x11, 0x11, 0x11, 0x11, 0x11, 0x31,
    0x23, 0x21, 0x31, 0x32, 0x13, 0x11, 0x11, 0x31, 0x21, 0x11, 0x11, 0x13, 0x31, 0x13, 0x13, 0x21,
    0x11, 0x11, 0x11, 0x11, 0x11, 0x11, 0x11, 0x11, 0x13, 0x13, 0x13, 0x22, 0x13, 0x21, 0x11, 0x13,
    0x13, 0x11, 0x11, 0x11, 0x32, 0x13, 0x21, 0x21, 0x31, 0x11, 0x11, 0x11, 0x11, 0x11, 0x11, 0x11,
    0x11, 0x12, 0x32, 0x12, 0x13, 0x21, 0x31, 0x11, 0x21, 0x23, 0x23, 0x11, 0x12, 0x13, 0x21, 0x33,
    0x32, 0x11, 0x11, 0x11, 0x11, 0x11, 0x11, 0x11, 0x11, 0x11, 0x13, 0x13, 0x31, 0x31, 0x32, 0x11,
    0x13, 0x13, 0x21, 0x31, 0x23, 0x13, 0x21, 0x32, 0x12, 0x13, 0x21, 0x11, 0x11, 0x11, 0x11, 0x11,
    0x11, 0x11, 0x11, 0x11, 0x21, 0x23, 0x23, 0x13, 0x23, 0x12, 0x31, 0x32, 0x32, 0x13, 0x23, 0x13,
    0x13, 0x23, 0x13, 0x11, 0x11, 0x11, 0x11, 0x11, 0x11, 0x11, 0x11, 0x11, 0x11, 0x13, 0x13, 0x12,
    0x31, 0x32, 0x31, 0x23, 0x13, 0x13, 0x21, 0x32, 0x32, 0x31, 0x32, 0x11, 0x11, 0x11, 0x11, 0x11,
    0x11, 0x11, 0x11, 0x11, 0x11, 0x11, 0x12, 0x32, 0x31, 0x23, 0x12, 0x13, 0x23, 0x21, 0x23, 0x13,
    0x12, 0x13, 0x21, 0x23, 0x21, 0x11, 0x11, 0x11, 0x11, 0x11, 0x11, 0x11, 0x11, 0x11, 0x11, 0x11,
    0x13, 0x23, 0x12, 0x31, 0x32, 0x13, 0x13, 0x12, 0x32, 0x31, 0x31, 0x23, 0x13, 0x11, 0x11, 0x11,
    0x11, 0x11, 0x11, 0x11, 0x11, 0x11, 0x11, 0x11, 0x11, 0x11, 0x32, 0x31, 0x23, 0x23, 0x21, 0x23,
    0x23, 0x12, 0x32, 0x32, 0x13, 0x21, 0x11, 0x11, 0x11, 0x11, 0x11, 0x11, 0x11, 0x11, 0x11, 0x11,
    0x11, 0x11, 0x11, 0x13, 0x23, 0x13, 0x12, 0x33, 0x13, 0x12, 0x31, 0x31, 0x23, 0x21, 0x11, 0x11,
    0x11, 0x11, 0x11, 0x11, 0x11, 0x11, 0x11, 0x11, 0x11, 0x11, 0x11, 0x11, 0x11, 0x31, 0x23, 0x21,
    0x21, 0x23, 0x23, 0x21, 0x23, 0x13, 0x11, 0x11, 0x11, 0x11, 0x11, 0x11, 0x11, 0x11, 0x11, 0x11,
    0x11, 0x11, 0x11, 0x11, 0x11, 0x11, 0x13, 0x21, 0x33, 0x32, 0x31, 0x31, 0x33, 0x12, 0x31, 0x11,
    0x11, 0x11, 0x11, 0x11, 0x11, 0x11, 0x11, 0x11, 0x11, 0x11, 0x11, 0x11, 0x11, 0x11, 0x11, 0x11,
    0x13, 0x21, 0x21, 0x32, 0x12, 0x12, 0x31, 0x11, 0x11, 0x11, 0x11, 0x11, 0x11, 0x11, 0x11, 0x11,
    0x11, 0x11, 0x11, 0x11, 0x11, 0x11, 0x11, 0x11, 0x11, 0x11, 0x11, 0x11, 0x11, 0x11, 0x11, 0x11,
    0x11, 0x11, 0x11, 0x11, 0x11, 0x11, 0x11, 0x11, 0x11, 0x11, 0x11, 0x11, 0x11, 0x11, 0x11, 0x11,
    0x11, 0x11, 0x11, 0x11, 0x11, 0x11, 0x11, 0x11, 0x11, 0x11, 0x11, 0x11, 0x11, 0x11, 0x11, 0x11,
    0x11, 0x11,
};

// Auto-generated icon: info_pressure (50x50)
// Each byte holds 2 pixels (high nibble first)
#define ICON_INFO_PRESSURE_W 50
#define ICON_INFO_PRESSURE_H 50
static const uint8_t PROGMEM icon_info_pressure[] = {
    0x11, 0x11, 0x11, 0x11, 0x11, 0x11, 0x11, 0x11, 0x11, 0x11, 0x32, 0x32, 0x32, 0x32, 0x32, 0x11,
    0x11, 0x11, 0x11, 0x11, 0x11, 0x11, 0x11, 0x11, 0x11, 0x11, 0x11, 0x11, 0x11, 0x11, 0x11, 0x11,
    0x11, 0x32, 0x32, 0x32, 0x32, 0x32, 0x32, 0x32, 0x32, 0x32, 0x11, 0x11, 0x11, 0x11, 0x11, 0x11,
    0x11, 0x11, 0x11, 0x11, 0x11, 0x11, 0x11, 0x11, 0x11, 0x32, 0x32, 0x32, 0x32, 0x32, 0x32, 0x32,
    0x31, 0x23, 0x23, 0x23, 0x11, 0x11, 0x11, 0x11, 0x11, 0x11, 0x11, 0x11, 0x11, 0x11, 0x11, 0x11,
    0x11, 0x32, 0x23, 0x23, 0x21, 0x21, 0x21, 0x11, 0x12, 0x13, 0x23, 0x23, 0x12, 0x32, 0x11, 0x11,
    0x11, 0x11, 0x11, 0x11, 0x11, 0x11, 0x11, 0x11, 0x11, 0x12, 0x32, 0x32, 0x12, 0x13, 0x11, 0x11,
    0x12, 0x11, 0x11, 0x11, 0x32, 0x32, 0x32, 0x31, 0x11, 0x11, 0x11, 0x11, 0x11, 0x11, 0x11, 0x11,
    0x11, 0x13, 0x23, 0x23, 0x13, 0x11, 0x11, 0x61, 0x26, 0x13, 0x56, 0x21, 0x21, 0x11, 0x23, 0x23,
    0x23, 0x21, 0x11, 0x11, 0x11, 0x11, 0x11, 0x11, 0x11, 0x11, 0x23, 0x23, 0x21, 0x21, 0x12, 0x65,
    0x25, 0x65, 0x21, 0x65, 0x65, 0x65, 0x11, 0x11, 0x12, 0x32, 0x32, 0x11, 0x11, 0x11, 0x11, 0x11,
    0x11, 0x11, 0x13, 0x23, 0x21, 0x31, 0x12, 0x56, 0x56, 0x56, 0x56, 0x12, 0x56, 0x56, 0x56, 0x66,
    0x51, 0x31, 0x23, 0x13, 0x21, 0x11, 0x11, 0x11, 0x11, 0x11, 0x11, 0x23, 0x23, 0x21, 0x11, 0x65,
    0x61, 0x65, 0x16, 0x56, 0x13, 0x55, 0x61, 0x65, 0x56, 0x25, 0x11, 0x12, 0x32, 0x32, 0x11, 0x11,
    0x11, 0x11, 0x11, 0x13, 0x23, 0x12, 0x11, 0x26, 0x56, 0x56, 0x56, 0x56, 0x15, 0x16, 0x16, 0x56,
    0x56, 0x55, 0x65, 0x66, 0x11, 0x23, 0x23, 0x21, 0x11, 0x11, 0x11, 0x11, 0x12, 0x32, 0x31, 0x12,
    0x16, 0x56, 0x56, 0x15, 0x11, 0x11, 0x31, 0x11, 0x11, 0x15, 0x65, 0x65, 0x65, 0x11, 0x13, 0x23,
    0x21, 0x11, 0x11, 0x11, 0x11, 0x32, 0x32, 0x11, 0x21, 0x65, 0x65, 0x15, 0x11, 0x11, 0x11, 0x12,
    0x11, 0x11, 0x11, 0x16, 0x51, 0x62, 0x32, 0x11, 0x23, 0x13, 0x11, 0x11, 0x11, 0x12, 0x32, 0x31,
    0x12, 0x63, 0x12, 0x16, 0x11, 0x11, 0x11, 0x11, 0x21, 0x11, 0x11, 0x11, 0x11, 0x65, 0x11, 0x21,
    0x21, 0x12, 0x32, 0x31, 0x11, 0x11, 0x13, 0x23, 0x21, 0x16, 0x66, 0x61, 0x21, 0x11, 0x11, 0x11,
    0x11, 0x11, 0x11, 0x11, 0x11, 0x11, 0x12, 0x35, 0x21, 0x21, 0x13, 0x23, 0x21, 0x11, 0x11, 0x23,
    0x21, 0x11, 0x26, 0x66, 0x63, 0x11, 0x11, 0x11, 0x11, 0x11, 0x11, 0x11, 0x64, 0x11, 0x11, 0x11,
    0x21, 0x22, 0x12, 0x11, 0x23, 0x23, 0x11, 0x11, 0x32, 0x32, 0x12, 0x66, 0x63, 0x51, 0x12, 0x11,
    0x11, 0x11, 0x11, 0x11, 0x11, 0x42, 0x11, 0x11, 0x21, 0x12, 0x12, 0x12, 0x11, 0x23, 0x23, 0x11,
    0x12, 0x32, 0x31, 0x16, 0x63, 0x66, 0x11, 0x11, 0x01, 0x11, 0x11, 0x11, 0x11, 0x14, 0x61, 0x11,
    0x12, 0x11, 0x11, 0x21, 0x22, 0x21, 0x13, 0x23, 0x21, 0x13, 0x21, 0x21, 0x36, 0x66, 0x61, 0x11,
    0x11, 0x11, 0x11, 0x11, 0x11, 0x11, 0x63, 0x41, 0x11, 0x11, 0x11, 0x11, 0x12, 0x12, 0x12, 0x12,
    0x31, 0x21, 0x12, 0x33, 0x21, 0x56, 0x66, 0x11, 0x11, 0x11, 0x11, 0x11, 0x11, 0x11, 0x11, 0x46,
    0x41, 0x11, 0x11, 0x11, 0x11, 0x12, 0x12, 0x12, 0x11, 0x23, 0x21, 0x13, 0x23, 0x11, 0x66, 0x14,
    0x61, 0x11, 0x11, 0x11, 0x11, 0x11, 0x11, 0x14, 0x63, 0x61, 0x11, 0x11, 0x11, 0x11, 0x11, 0x21,
    0x21, 0x21, 0x32, 0x31, 0x23, 0x22, 0x11, 0x46, 0x26, 0x11, 0x11, 0x11, 0x11, 0x11, 0x11, 0x11,
    0x63, 0x66, 0x61, 0x11, 0x11, 0x11, 0x11, 0x11, 0x22, 0x12, 0x11, 0x23, 0x23, 0x32, 0x31, 0x12,
    0x66, 0x66, 0x11, 0x11, 0x11, 0x11, 0x11, 0x11, 0x11, 0x06, 0x64, 0x11, 0x11, 0x11, 0x11, 0x11,
    0x11, 0x12, 0x21, 0x21, 0x32, 0x32, 0x23, 0x23, 0x16, 0x61, 0x41, 0x11, 0x11, 0x11, 0x11, 0x11,
    0x11, 0x32, 0x33, 0x32, 0x11, 0x11, 0x11, 0x11, 0x11, 0x11, 0x21, 0x21, 0x21, 0x12, 0x32, 0x32,
    0x32, 0x11, 0x42, 0x66, 0x11, 0x11, 0x11, 0x11, 0x11, 0x11, 0x23, 0x22, 0x32, 0x11, 0x11, 0x11,
    0x11, 0x11, 0x11, 0x12, 0x12, 0x11, 0x32, 0x32, 0x23, 0x21, 0x12, 0x16, 0x13, 0x12, 0x11, 0x11,
    0x11, 0x11, 0x11, 0x32, 0x11, 0x32, 0x11, 0x11, 0x11, 0x11, 0x13, 0x61, 0x21, 0x31, 0x21, 0x12,
    0x32, 0x32, 0x32, 0x11, 0x32, 0x12, 0x11, 0x21, 0x11, 0x11, 0x11, 0x12, 0x32, 0x11, 0x23, 0x11,
    0x11, 0x11, 0x11, 0x12, 0x13, 0x12, 0x12, 0x11, 0x23, 0x23, 0x23, 0x13, 0x16, 0x64, 0x41, 0x11,
    0x11, 0x11, 0x11, 0x11, 0x11, 0x32, 0x32, 0x32, 0x11, 0x11, 0x11, 0x11, 0x11, 0x11, 0x12, 0x21,
    0x21, 0x32, 0x32, 0x32, 0x22, 0x16, 0x41, 0x46, 0x11, 0x11, 0x11, 0x11, 0x11, 0x11, 0x13, 0x23,
    0x21, 0x11, 0x11, 0x11, 0x11, 0x11, 0x11, 0x21, 0x22, 0x11, 0x12, 0x31, 0x23, 0x31, 0x13, 0x64,
    0x63, 0x11, 0x11, 0x11, 0x11, 0x11, 0x11, 0x11, 0x11, 0x11, 0x11, 0x11, 0x11, 0x11, 0x11, 0x11,
    0x12, 0x12, 0x12, 0x32, 0x32, 0x32, 0x23, 0x11, 0x46, 0x36, 0x11, 0x11, 0x11, 0x11, 0x11, 0x11,
    0x11, 0x11, 0x11, 0x11, 0x11, 0x11, 0x11, 0x11, 0x11, 0x22, 0x12, 0x11, 0x32, 0x32, 0x13, 0x23,
    0x21, 0x66, 0x64, 0x11, 0x11, 0x11, 0x11, 0x11, 0x11, 0x11, 0x11, 0x11, 0x11, 0x11, 0x11, 0x11,
    0x11, 0x11, 0x21, 0x22, 0x11, 0x23, 0x11, 0x12, 0x32, 0x11, 0x36, 0x46, 0x41, 0x11, 0x11, 0x11,
    0x11, 0x11, 0x11, 0x11, 0x11, 0x11, 0x11, 0x11, 0x11, 0x11, 0x12, 0x21, 0x21, 0x13, 0x23, 0x21,
    0x13, 0x23, 0x21, 0x14, 0x63, 0x61, 0x11, 0x11, 0x11, 0x11, 0x11, 0x11, 0x11, 0x11, 0x11, 0x11,
    0x11, 0x11, 0x11, 0x12, 0x12, 0x12, 0x12, 0x32, 0x31, 0x12, 0x31, 0x32, 0x16, 0x46, 0x44, 0x11,
    0x11, 0x01, 0x11, 0x11, 0x11, 0x11, 0x11, 0x11, 0x11, 0x10, 0x11, 0x11, 0x22, 0x12, 0x21, 0x13,
    0x21, 0x21, 0x11, 0x23, 0x23, 0x11, 0x41, 0x46, 0x31, 0x12, 0x11, 0x11, 0x11, 0x11, 0x11, 0x11,
    0x11, 0x11, 0x11, 0x36, 0x12, 0x12, 0x21, 0x11, 0x23, 0x23, 0x11, 0x11, 0x32, 0x32, 0x11, 0x64,
    0x36, 0x66, 0x31, 0x11, 0x11, 0x11, 0x11, 0x11, 0x11, 0x11, 0x11, 0x11, 0x12, 0x12, 0x31, 0x22,
    0x13, 0x23, 0x23, 0x11, 0x11, 0x12, 0x32, 0x31, 0x14, 0x64, 0x13, 0x51, 0x11, 0x11, 0x11, 0x11,
    0x11, 0x11, 0x11, 0x11, 0x11, 0x11, 0x31, 0x22, 0x11, 0x12, 0x31, 0x21, 0x11, 0x11, 0x13, 0x23,
    0x23, 0x11, 0x41, 0x21, 0x11, 0x11, 0x11, 0x11, 0x11, 0x11, 0x11, 0x11, 0x11, 0x11, 0x11, 0x12,
    0x12, 0x11, 0x23, 0x23, 0x21, 0x11, 0x11, 0x11, 0x32, 0x12, 0x31, 0x21, 0x31, 0x11, 0x11, 0x11,
    0x11, 0x11, 0x11, 0x11, 0x11, 0x11, 0x11, 0x11, 0x11, 0x21, 0x12, 0x32, 0x32, 0x11, 0x11, 0x11,
    0x11, 0x13, 0x23, 0x21, 0x11, 0x11, 0x11, 0x11, 0x11, 0x11, 0x11, 0x11, 0x11, 0x11, 0x11, 0x11,
    0x11, 0x11, 0x11, 0x31, 0x23, 0x11, 0x11, 0x11, 0x11, 0x11, 0x12, 0x32, 0x32, 0x11, 0x11, 0x11,
    0x11, 0x11, 0x11, 0x11, 0x11, 0x11, 0x11, 0x11, 0x11, 0x11, 0x11, 0x12, 0x32, 0x32, 0x31, 0x11,
    0x11, 0x11, 0x11, 0x11, 0x32, 0x33, 0x23, 0x16, 0x11, 0x11, 0x11, 0x11, 0x11, 0x11, 0x11, 0x11,
    0x11, 0x11, 0x11, 0x12, 0x13, 0x23, 0x23, 0x11, 0x11, 0x11, 0x11, 0x11, 0x11, 0x13, 0x22, 0x32,
    0x11, 0x11, 0x11, 0x11, 0x11, 0x11, 0x11, 0x11, 0x11, 0x11, 0x11, 0x12, 0x13, 0x23, 0x21, 0x31,
    0x11, 0x11, 0x11, 0x11, 0x11, 0x11, 0x11, 0x31, 0x23, 0x03, 0x21, 0x11, 0x11, 0x11, 0x11, 0x11,
    0x11, 0x11, 0x11, 0x12, 0x11, 0x32, 0x32, 0x32, 0x11, 0x11, 0x11, 0x11, 0x11, 0x11, 0x11, 0x11,
    0x13, 0x23, 0x23, 0x23, 0x21, 0x61, 0x11, 0x11, 0x11, 0x11, 0x11, 0x21, 0x11, 0x32, 0x32, 0x13,
    0x21, 0x11, 0x11, 0x11, 0x11, 0x11, 0x11, 0x11, 0x11, 0x11, 0x12, 0x32, 0x32, 0x32, 0x31, 0x21,
    0x31, 0x61, 0x12, 0x11, 0x13, 0x23, 0x23, 0x23, 0x21, 0x11, 0x11, 0x11, 0x11, 0x11, 0x11, 0x11,
    0x11, 0x11, 0x11, 0x11, 0x31, 0x23, 0x13, 0x23, 0x32, 0x12, 0x31, 0x32, 0x32, 0x32, 0x32, 0x32,
    0x32, 0x11, 0x11, 0x11, 0x11, 0x11, 0x11, 0x11, 0x11, 0x11, 0x11, 0x11, 0x11, 0x11, 0x32, 0x23,
    0x22, 0x32, 0x32, 0x32, 0x32, 0x32, 0x32, 0x32, 0x31, 0x11, 0x11, 0x11, 0x11, 0x11, 0x11, 0x11,
    0x11, 0x11, 0x11, 0x11, 0x11, 0x11, 0x11, 0x11, 0x32, 0x31, 0x23, 0x23, 0x23, 0x23, 0x23, 0x23,
    0x21, 0x11, 0x11, 0x11, 0x11, 0x11, 0x11, 0x11, 0x11, 0x11, 0x11, 0x11, 0x11, 0x11, 0x11, 0x11,
    0x11, 0x11, 0x11, 0x32, 0x31, 0x23, 0x21, 0x32, 0x11, 0x11, 0x11, 0x11, 0x11, 0x11, 0x11, 0x11,
    0x11, 0x11,
};
