#pragma once
// ============================================================
// AUTO-GENERATED font: Open Sans
// Generated by scripts/convert_font.py
// ============================================================

// Auto-generated font: OpenSansRegular9pt7b at 9pt
// Source: OpenSans-Regular.ttf

#include <Adafruit_GFX.h>

static const uint8_t PROGMEM OpenSansRegular9pt7bBitmaps[] = {
    0x54, 0x04, 0x22, 0x00, 0x00, 0x00, 0x29, 0xE0, 0x04, 0x79, 0x45, 0x00, 0x23, 0x88, 0xC3, 0x15,
    0xC4, 0x64, 0x50, 0xA3, 0xA1, 0xA5, 0x49, 0x00, 0x30, 0xA1, 0x41, 0x05, 0x41, 0x1D, 0x00, 0x00,
    0x00, 0x48, 0x48, 0x12, 0x09, 0x00, 0x90, 0x21, 0x08, 0xA0, 0x00, 0x00, 0x01, 0x1C, 0x42, 0x00,
    0x40, 0x40, 0x00, 0x10, 0x22, 0x04, 0x40, 0x80, 0x70, 0x03, 0x10, 0x81, 0xC0, 0x23, 0x08, 0x42,
    0x10, 0x80, 0x70, 0x04, 0x22, 0x21, 0xC0, 0x70, 0x04, 0x61, 0x05, 0xC0, 0x11, 0x84, 0x2F, 0x88,
    0x40, 0x72, 0x00, 0xE0, 0x85, 0xC0, 0x32, 0x00, 0xE0, 0x85, 0xC0, 0x78, 0x04, 0x02, 0x11, 0x00,
    0x70, 0x14, 0xE0, 0x05, 0xC0, 0x70, 0x02, 0xF0, 0x09, 0x80, 0x40, 0x40, 0x40, 0x20, 0x01, 0x10,
    0x20, 0x00, 0x70, 0x1C, 0x00, 0x00, 0x40, 0x84, 0x80, 0x00, 0x61, 0x02, 0x40, 0x40, 0x3C, 0x42,
    0x18, 0x25, 0x20, 0x1E, 0x40, 0x38, 0x20, 0xC1, 0x10, 0x78, 0x28, 0x40, 0x71, 0x24, 0x9C, 0x49,
    0x27, 0x80, 0x39, 0x00, 0x00, 0x41, 0x03, 0x80, 0x78, 0x89, 0x12, 0x24, 0x48, 0x1E, 0x00, 0x72,
    0x10, 0xE4, 0x21, 0xC0, 0x72, 0x10, 0xE4, 0x21, 0x00, 0x38, 0x80, 0x00, 0x60, 0x48, 0x8F, 0x00,
    0x44, 0x89, 0x13, 0xE4, 0x48, 0x91, 0x00, 0x49, 0x24, 0x90, 0x24, 0x92, 0x49, 0x40, 0x49, 0x46,
    0x18, 0x51, 0x24, 0x80, 0x42, 0x10, 0x84, 0x21, 0xC0, 0x42, 0x62, 0x66, 0x66, 0x52, 0x5A, 0x42,
    0x44, 0xC9, 0x92, 0xA4, 0x49, 0x91, 0x00, 0x38, 0x88, 0x00, 0x00, 0x08, 0x8E, 0x00, 0x72, 0x52,
    0xE4, 0x21, 0x00, 0x38, 0x88, 0x00, 0x00, 0x08, 0x8E, 0x04, 0x71, 0x24, 0x9C, 0x51, 0x24, 0x80,
    0x70, 0x10, 0x41, 0x01, 0xC0, 0xF9, 0x08, 0x42, 0x10, 0x80, 0x44, 0x89, 0x12, 0x24, 0x48, 0x8E,
    0x00, 0x8A, 0x24, 0x94, 0x50, 0xC2, 0x00, 0x89, 0x4C, 0x86, 0x4A, 0x04, 0x63, 0x30, 0x88, 0x89,
    0x43, 0x08, 0x11, 0x48, 0x80, 0x89, 0x45, 0x08, 0x20, 0x82, 0x00, 0x78, 0x84, 0x40, 0x23, 0xE0,
    0x40, 0x00, 0x02, 0x80, 0x44, 0x02, 0x20, 0x49, 0x24, 0x92, 0x20, 0x14, 0x10, 0x00, 0x03, 0xC0,
    0x08, 0x00, 0x00, 0x70, 0x1D, 0x27, 0x00, 0x40, 0x07, 0x12, 0x49, 0x27, 0x00, 0x70, 0x00, 0x07,
    0x00, 0x08, 0x27, 0x82, 0x08, 0x27, 0x80, 0x72, 0x1E, 0x07, 0x00, 0x64, 0x64, 0x44, 0x40, 0x70,
    0x9C, 0x87, 0x45, 0xC0, 0x41, 0x07, 0x12, 0x49, 0x24, 0x80, 0x05, 0x54, 0x00, 0x92, 0x48, 0x40,
    0x42, 0x14, 0xC6, 0x29, 0x40, 0x55, 0x54, 0x76, 0x49, 0x49, 0x49, 0x49, 0x71, 0x24, 0x92, 0x48,
    0x70, 0x42, 0x17, 0x00, 0x71, 0x24, 0x92, 0x70, 0x04, 0x00, 0x78, 0x20, 0x82, 0x78, 0x20, 0x80,
    0x64, 0x44, 0x40, 0x60, 0x21, 0x60, 0x5D, 0x24, 0xC0, 0x08, 0x20, 0x92, 0x78, 0x80, 0x94, 0xC2,
    0x00, 0x92, 0x20, 0xB3, 0x64, 0x40, 0x12, 0x08, 0xA1, 0x00, 0x80, 0x94, 0xC2, 0x03, 0x00, 0x72,
    0x04, 0xE0, 0x24, 0x4C, 0x44, 0x42, 0x21, 0x08, 0x42, 0x10, 0x84, 0x20, 0x44, 0x42, 0x44, 0x44,
    0x40, 0x80, 0x00, 0x00,
};

static const GFXglyph OpenSansRegular9pt7bGlyphs[] PROGMEM = {
    {     0,   0,   0,   2,    0,   10 },  // ' '
    {     0,   2,   7,   2,    0,    3 },  // '!'
    {     2,   4,   7,   4,    0,    3 },  // '"'
    {     6,   6,   7,   6,    0,    3 },  // '#'
    {    12,   5,   8,   5,    0,    3 },  // '$'
    {    17,   7,   7,   7,    0,    3 },  // '%'
    {    24,   7,   7,   7,    0,    3 },  // '&'
    {    31,   2,   7,   2,    0,    3 },  // "'"
    {    33,   3,   8,   3,    0,    3 },  // '('
    {    36,   3,   8,   3,    0,    3 },  // ')'
    {    39,   5,   7,   5,    0,    3 },  // '*'
    {    44,   5,   6,   5,    0,    4 },  // '+'
    {    48,   2,   2,   2,    0,    9 },  // ','
    {    49,   3,   3,   3,    0,    7 },  // '-'
    {    51,   2,   2,   2,    0,    8 },  // '.'
    {    52,   4,   7,   3,    0,    3 },  // '/'
    {    56,   5,   7,   5,    0,    3 },  // '0'
    {    61,   5,   7,   5,    0,    3 },  // '1'
    {    66,   5,   7,   5,    0,    3 },  // '2'
    {    71,   5,   7,   5,    0,    3 },  // '3'
    {    76,   5,   7,   5,    0,    3 },  // '4'
    {    81,   5,   7,   5,    0,    3 },  // '5'
    {    86,   5,   7,   5,    0,    3 },  // '6'
    {    91,   5,   7,   5,    0,    3 },  // '7'
    {    96,   5,   7,   5,    0,    3 },  // '8'
    {   101,   5,   7,   5,    0,    3 },  // '9'
    {   106,   2,   5,   2,    0,    5 },  // ':'
    {   108,   2,   6,   2,    0,    5 },  // ';'
    {   110,   5,   5,   5,    0,    5 },  // '<'
    {   114,   5,   5,   5,    0,    5 },  // '='
    {   118,   5,   5,   5,    0,    5 },  // '>'
    {   122,   4,   7,   4,    0,    3 },  // '?'
    {   126,   8,   8,   8,    0,    3 },  // '@'
    {   134,   6,   7,   6,    0,    3 },  // 'A'
    {   140,   6,   7,   6,    0,    3 },  // 'B'
    {   146,   6,   7,   6,    0,    3 },  // 'C'
    {   152,   7,   7,   7,    0,    3 },  // 'D'
    {   159,   5,   7,   5,    0,    3 },  // 'E'
    {   164,   5,   7,   5,    0,    3 },  // 'F'
    {   169,   7,   7,   7,    0,    3 },  // 'G'
    {   176,   7,   7,   7,    0,    3 },  // 'H'
    {   183,   3,   7,   3,    0,    3 },  // 'I'
    {   186,   3,   9,   2,   -1,    3 },  // 'J'
    {   190,   6,   7,   6,    0,    3 },  // 'K'
    {   196,   5,   7,   5,    0,    3 },  // 'L'
    {   201,   8,   7,   8,    0,    3 },  // 'M'
    {   208,   7,   7,   7,    0,    3 },  // 'N'
    {   215,   7,   7,   7,    0,    3 },  // 'O'
    {   222,   5,   7,   5,    0,    3 },  // 'P'
    {   227,   7,   8,   7,    0,    3 },  // 'Q'
    {   234,   6,   7,   6,    0,    3 },  // 'R'
    {   240,   5,   7,   5,    0,    3 },  // 'S'
    {   245,   5,   7,   5,    0,    3 },  // 'T'
    {   250,   7,   7,   7,    0,    3 },  // 'U'
    {   257,   6,   7,   5,    0,    3 },  // 'V'
    {   263,   9,   7,   8,    0,    3 },  // 'W'
    {   271,   6,   7,   5,    0,    3 },  // 'X'
    {   277,   6,   7,   5,    0,    3 },  // 'Y'
    {   283,   5,   7,   5,    0,    3 },  // 'Z'
    {   288,   3,   8,   3,    0,    3 },  // '['
    {   291,   4,   7,   3,    0,    3 },  // '\\'
    {   295,   3,   8,   3,    0,    3 },  // ']'
    {   298,   5,   6,   5,    0,    4 },  // '^'
    {   302,   5,   2,   4,   -1,   10 },  // '_'
    {   304,   3,   8,   3,    0,    2 },  // '`'
    {   307,   5,   5,   5,    0,    5 },  // 'a'
    {   311,   6,   7,   6,    0,    3 },  // 'b'
    {   317,   5,   5,   4,    0,    5 },  // 'c'
    {   321,   6,   7,   6,    0,    3 },  // 'd'
    {   327,   5,   5,   5,    0,    5 },  // 'e'
    {   331,   4,   7,   3,    0,    3 },  // 'f'
    {   335,   5,   7,   5,    0,    5 },  // 'g'
    {   340,   6,   7,   6,    0,    3 },  // 'h'
    {   346,   2,   7,   2,    0,    3 },  // 'i'
    {   348,   3,   9,   2,   -1,    3 },  // 'j'
    {   352,   5,   7,   5,    0,    3 },  // 'k'
    {   357,   2,   7,   2,    0,    3 },  // 'l'
    {   359,   8,   5,   8,    0,    5 },  // 'm'
    {   364,   6,   5,   6,    0,    5 },  // 'n'
    {   368,   5,   5,   5,    0,    5 },  // 'o'
    {   372,   6,   7,   6,    0,    5 },  // 'p'
    {   378,   6,   7,   6,    0,    5 },  // 'q'
    {   384,   4,   5,   4,    0,    5 },  // 'r'
    {   387,   4,   5,   4,    0,    5 },  // 's'
    {   390,   3,   6,   3,    0,    4 },  // 't'
    {   393,   6,   5,   6,    0,    5 },  // 'u'
    {   397,   5,   5,   5,    0,    5 },  // 'v'
    {   401,   7,   5,   7,    0,    5 },  // 'w'
    {   406,   5,   5,   5,    0,    5 },  // 'x'
    {   410,   5,   7,   5,    0,    5 },  // 'y'
    {   415,   4,   5,   4,    0,    5 },  // 'z'
    {   418,   4,   8,   3,    0,    3 },  // '{'
    {   422,   5,   9,   5,    0,    3 },  // '|'
    {   428,   4,   8,   3,    0,    3 },  // '}'
    {   432,   5,   5,   5,    0,    5 },  // '~'
};

static const GFXfont OpenSansRegular9pt7b PROGMEM = {
    (uint8_t  *)OpenSansRegular9pt7bBitmaps,
    (GFXglyph *)OpenSansRegular9pt7bGlyphs,
    32, 126, 13
};

// Auto-generated font: OpenSansRegular12pt7b at 12pt
// Source: OpenSans-Regular.ttf

#include <Adafruit_GFX.h>

static const uint8_t PROGMEM OpenSansRegular12pt7bBitmaps[] = {
    0x49, 0x24, 0x80, 0x40, 0x52, 0x94, 0x00, 0x00, 0x00, 0x00, 0x10, 0x14, 0x04, 0x7E, 0x24, 0x20,
    0xFE, 0x08, 0x48, 0x10, 0x79, 0x42, 0x83, 0x82, 0x85, 0x3C, 0x10, 0x60, 0x14, 0x81, 0x01, 0x50,
    0x63, 0x82, 0xA1, 0x28, 0x4A, 0x23, 0x80, 0x38, 0x12, 0x09, 0x05, 0x03, 0x03, 0x49, 0x1C, 0x8C,
    0x39, 0x00, 0x49, 0x00, 0x00, 0x00, 0x24, 0x44, 0x40, 0x44, 0x44, 0x20, 0x44, 0x22, 0x22, 0x22,
    0x24, 0x40, 0x10, 0x21, 0xF1, 0x82, 0x80, 0x00, 0x00, 0x00, 0x00, 0x20, 0x43, 0xE1, 0x02, 0x00,
    0x00, 0x48, 0x00, 0x60, 0x00, 0x08, 0x10, 0x88, 0x42, 0x21, 0x08, 0x80, 0x38, 0x89, 0x12, 0x24,
    0x48, 0x91, 0x22, 0x38, 0x10, 0xA0, 0x40, 0x81, 0x02, 0x04, 0x08, 0x10, 0x78, 0x08, 0x10, 0x20,
    0x82, 0x08, 0x20, 0x7C, 0x78, 0x08, 0x10, 0x43, 0x80, 0x81, 0x02, 0x78, 0x08, 0x30, 0x61, 0x44,
    0x89, 0x3F, 0x84, 0x08, 0x7C, 0x81, 0x03, 0xC0, 0x40, 0x81, 0x02, 0x78, 0x1C, 0x41, 0x03, 0xC4,
    0x48, 0x91, 0x22, 0x38, 0x7C, 0x08, 0x10, 0x40, 0x82, 0x04, 0x10, 0x20, 0x38, 0x89, 0x13, 0x43,
    0x88, 0x91, 0x22, 0x38, 0x38, 0x89, 0x12, 0x24, 0x47, 0x81, 0x04, 0x70, 0x40, 0x00, 0x80, 0x40,
    0x00, 0x94, 0x04, 0x31, 0x83, 0x01, 0x80, 0x80, 0x00, 0x7C, 0x00, 0x03, 0xE0, 0x00, 0x00, 0x40,
    0x60, 0x30, 0x63, 0x08, 0x00, 0x00, 0x70, 0x42, 0x22, 0x10, 0x00, 0x20, 0x0F, 0x04, 0x11, 0x39,
    0x28, 0x25, 0x04, 0xA4, 0x94, 0x92, 0x6C, 0x20, 0x03, 0xC0, 0x10, 0x18, 0x28, 0x24, 0x24, 0x7C,
    0x42, 0x42, 0x82, 0x7C, 0x46, 0x42, 0x46, 0x7C, 0x42, 0x42, 0x42, 0x7C, 0x1E, 0x20, 0x40, 0x40,
    0x40, 0x40, 0x40, 0x20, 0x1E, 0x7C, 0x21, 0x10, 0x48, 0x24, 0x12, 0x09, 0x0C, 0x84, 0x7C, 0x00,
    0x7C, 0x81, 0x02, 0x07, 0xC8, 0x10, 0x20, 0x7C, 0x7D, 0x04, 0x10, 0x7D, 0x04, 0x10, 0x40, 0x1E,
    0x10, 0x10, 0x08, 0x04, 0x72, 0x09, 0x04, 0x42, 0x1F, 0x00, 0x41, 0x20, 0x90, 0x48, 0x27, 0xF2,
    0x09, 0x04, 0x82, 0x41, 0x00, 0x49, 0x24, 0x92, 0x40, 0x22, 0x22, 0x22, 0x22, 0x22, 0xC0, 0x42,
    0x44, 0x48, 0x50, 0x70, 0x48, 0x4C, 0x44, 0x42, 0x41, 0x04, 0x10, 0x41, 0x04, 0x10, 0x7C, 0x60,
    0xCC, 0x19, 0x45, 0x28, 0xA5, 0x24, 0x94, 0x92, 0x92, 0x62, 0x44, 0x40, 0x61, 0x30, 0x94, 0x4A,
    0x24, 0x92, 0x29, 0x14, 0x86, 0x43, 0x00, 0x1E, 0x11, 0x90, 0x48, 0x34, 0x0A, 0x0D, 0x04, 0x46,
    0x1E, 0x00, 0x7C, 0x89, 0x0A, 0x27, 0x88, 0x10, 0x20, 0x40, 0x1E, 0x11, 0x90, 0x48, 0x34, 0x0A,
    0x0D, 0x04, 0x46, 0x1E, 0x03, 0x00, 0xC0, 0x7C, 0x44, 0x42, 0x44, 0x78, 0x48, 0x44, 0x44, 0x42,
    0x38, 0x81, 0x03, 0x03, 0x81, 0x81, 0x02, 0x78, 0xFC, 0x20, 0x40, 0x81, 0x02, 0x04, 0x08, 0x10,
    0x41, 0x20, 0x90, 0x48, 0x24, 0x12, 0x09, 0x04, 0x44, 0x1C, 0x00, 0x82, 0x42, 0x44, 0x44, 0x24,
    0x28, 0x28, 0x18, 0x10, 0x84, 0x28, 0x8D, 0x29, 0x25, 0x24, 0xA4, 0x62, 0x8C, 0x61, 0x8C, 0x31,
    0x80, 0x44, 0x88, 0xA1, 0xC1, 0x05, 0x0A, 0x22, 0x86, 0x84, 0x89, 0x21, 0x43, 0x02, 0x04, 0x08,
    0x10, 0x7C, 0x08, 0x20, 0xC1, 0x04, 0x08, 0x20, 0xFC, 0x64, 0x44, 0x44, 0x44, 0x44, 0x70, 0x82,
    0x10, 0x82, 0x10, 0x82, 0x10, 0xE2, 0x22, 0x22, 0x22, 0x22, 0xE0, 0x10, 0x40, 0xA2, 0x24, 0x40,
    0x00, 0x00, 0x00, 0x00, 0xF8, 0x44, 0x00, 0x00, 0x00, 0x38, 0x08, 0xF2, 0x24, 0xCE, 0x80, 0x40,
    0x81, 0x02, 0xE4, 0x48, 0x50, 0xA2, 0x5C, 0x39, 0x04, 0x10, 0x40, 0xE0, 0x04, 0x08, 0x11, 0xE4,
    0x48, 0x91, 0x22, 0x3C, 0x38, 0x89, 0xF2, 0x04, 0x07, 0x80, 0x32, 0x10, 0xE4, 0x21, 0x08, 0x40,
    0x3C, 0x91, 0x23, 0xC4, 0x0F, 0xA1, 0x42, 0x78, 0x40, 0x81, 0x02, 0xE4, 0x48, 0x91, 0x22, 0x44,
    0x08, 0x24, 0x92, 0x40, 0x02, 0x02, 0x22, 0x22, 0x22, 0x2C, 0x40, 0x81, 0x02, 0x65, 0x8E, 0x14,
    0x24, 0x44, 0x49, 0x24, 0x92, 0x40, 0x59, 0x88, 0x89, 0x11, 0x22, 0x24, 0x44, 0x88, 0x80, 0x5C,
    0x89, 0x12, 0x24, 0x48, 0x80, 0x38, 0x89, 0x1A, 0x24, 0x47, 0x00, 0x5C, 0x89, 0x0A, 0x14, 0x4B,
    0x90, 0x20, 0x40, 0x3C, 0x89, 0x12, 0x24, 0x47, 0x81, 0x02, 0x04, 0x5B, 0x10, 0x84, 0x20, 0x79,
    0x06, 0x06, 0x09, 0xE0, 0x4F, 0x44, 0x44, 0x30, 0x44, 0x89, 0x12, 0x24, 0x47, 0x80, 0x85, 0x24,
    0x92, 0x30, 0xC0, 0x88, 0x93, 0x25, 0x51, 0x54, 0x73, 0x08, 0xC0, 0x4C, 0xD0, 0xC1, 0x84, 0x88,
    0x80, 0x84, 0x91, 0x22, 0x43, 0x06, 0x08, 0x10, 0xC0, 0x78, 0x41, 0x08, 0x41, 0xE0, 0x11, 0x08,
    0x42, 0x61, 0x84, 0x21, 0x04, 0x10, 0x20, 0x40, 0x81, 0x02, 0x04, 0x08, 0x10, 0x20, 0x40, 0x80,
    0x41, 0x08, 0x42, 0x08, 0x84, 0x21, 0x10, 0x60, 0x38, 0x00, 0x00, 0x00,
};

static const GFXglyph OpenSansRegular12pt7bGlyphs[] PROGMEM = {
    {     0,   0,   0,   3,    0,   13 },  // ' '
    {     0,   3,   9,   3,    0,    4 },  // '!'
    {     4,   5,   9,   5,    0,    4 },  // '"'
    {    10,   8,   9,   8,    0,    4 },  // '#'
    {    19,   7,   9,   7,    0,    4 },  // '$'
    {    27,  10,   9,  10,    0,    4 },  // '%'
    {    39,   9,   9,   9,    0,    4 },  // '&'
    {    50,   3,   9,   3,    0,    4 },  // "'"
    {    54,   4,  11,   4,    0,    4 },  // '('
    {    60,   4,  11,   4,    0,    4 },  // ')'
    {    66,   7,   9,   7,    0,    4 },  // '*'
    {    74,   7,   8,   7,    0,    5 },  // '+'
    {    81,   3,   3,   3,    0,   12 },  // ','
    {    83,   4,   4,   4,    0,    9 },  // '-'
    {    85,   3,   2,   3,    0,   11 },  // '.'
    {    86,   5,   9,   4,    0,    4 },  // '/'
    {    92,   7,   9,   7,    0,    4 },  // '0'
    {   100,   7,   9,   7,    0,    4 },  // '1'
    {   108,   7,   9,   7,    0,    4 },  // '2'
    {   116,   7,   9,   7,    0,    4 },  // '3'
    {   124,   7,   9,   7,    0,    4 },  // '4'
    {   132,   7,   9,   7,    0,    4 },  // '5'
    {   140,   7,   9,   7,    0,    4 },  // '6'
    {   148,   7,   9,   7,    0,    4 },  // '7'
    {   156,   7,   9,   7,    0,    4 },  // '8'
    {   164,   7,   9,   7,    0,    4 },  // '9'
    {   172,   3,   6,   3,    0,    7 },  // ':'
    {   175,   3,   8,   3,    0,    7 },  // ';'
    {   178,   7,   7,   7,    0,    6 },  // '<'
    {   185,   7,   6,   7,    0,    7 },  // '='
    {   191,   7,   7,   7,    0,    6 },  // '>'
    {   198,   5,   9,   5,    0,    4 },  // '?'
    {   204,  11,  10,  11,    0,    4 },  // '@'
    {   218,   8,   9,   8,    0,    4 },  // 'A'
    {   227,   8,   9,   8,    0,    4 },  // 'B'
    {   236,   8,   9,   8,    0,    4 },  // 'C'
    {   245,   9,   9,   9,    0,    4 },  // 'D'
    {   256,   7,   9,   7,    0,    4 },  // 'E'
    {   264,   6,   9,   6,    0,    4 },  // 'F'
    {   271,   9,   9,   9,    0,    4 },  // 'G'
    {   282,   9,   9,   9,    0,    4 },  // 'H'
    {   293,   3,   9,   3,    0,    4 },  // 'I'
    {   297,   4,  11,   3,   -1,    4 },  // 'J'
    {   303,   8,   9,   7,    0,    4 },  // 'K'
    {   312,   6,   9,   6,    0,    4 },  // 'L'
    {   319,  11,   9,  11,    0,    4 },  // 'M'
    {   332,   9,   9,   9,    0,    4 },  // 'N'
    {   343,   9,   9,   9,    0,    4 },  // 'O'
    {   354,   7,   9,   7,    0,    4 },  // 'P'
    {   362,   9,  11,   9,    0,    4 },  // 'Q'
    {   375,   8,   9,   7,    0,    4 },  // 'R'
    {   384,   7,   9,   7,    0,    4 },  // 'S'
    {   392,   7,   9,   7,    0,    4 },  // 'T'
    {   400,   9,   9,   9,    0,    4 },  // 'U'
    {   411,   8,   9,   7,    0,    4 },  // 'V'
    {   420,  11,   9,  11,    0,    4 },  // 'W'
    {   433,   7,   9,   7,    0,    4 },  // 'X'
    {   441,   7,   9,   7,    0,    4 },  // 'Y'
    {   449,   7,   9,   7,    0,    4 },  // 'Z'
    {   457,   4,  11,   4,    0,    4 },  // '['
    {   463,   5,   9,   4,    0,    4 },  // '\\'
    {   469,   4,  11,   4,    0,    4 },  // ']'
    {   475,   7,   9,   7,    0,    4 },  // '^'
    {   483,   7,   2,   5,   -1,   13 },  // '_'
    {   485,   3,   9,   3,    0,    4 },  // '`'
    {   489,   7,   6,   7,    0,    7 },  // 'a'
    {   495,   7,   9,   7,    0,    4 },  // 'b'
    {   503,   6,   6,   6,    0,    7 },  // 'c'
    {   508,   7,   9,   7,    0,    4 },  // 'd'
    {   516,   7,   6,   7,    0,    7 },  // 'e'
    {   522,   5,   9,   4,    0,    4 },  // 'f'
    {   528,   7,   9,   7,    0,    7 },  // 'g'
    {   536,   7,   9,   7,    0,    4 },  // 'h'
    {   544,   3,   9,   3,    0,    4 },  // 'i'
    {   548,   4,  12,   3,   -1,    4 },  // 'j'
    {   554,   7,   9,   6,    0,    4 },  // 'k'
    {   562,   3,   9,   3,    0,    4 },  // 'l'
    {   566,  11,   6,  11,    0,    7 },  // 'm'
    {   575,   7,   6,   7,    0,    7 },  // 'n'
    {   581,   7,   6,   7,    0,    7 },  // 'o'
    {   587,   7,   9,   7,    0,    7 },  // 'p'
    {   595,   7,   9,   7,    0,    7 },  // 'q'
    {   603,   5,   6,   5,    0,    7 },  // 'r'
    {   607,   6,   6,   6,    0,    7 },  // 's'
    {   612,   4,   7,   4,    0,    6 },  // 't'
    {   616,   7,   6,   7,    0,    7 },  // 'u'
    {   622,   6,   6,   6,    0,    7 },  // 'v'
    {   627,  10,   6,   9,    0,    7 },  // 'w'
    {   635,   7,   6,   6,    0,    7 },  // 'x'
    {   641,   7,   9,   6,    0,    7 },  // 'y'
    {   649,   6,   6,   6,    0,    7 },  // 'z'
    {   654,   5,  11,   5,    0,    4 },  // '{'
    {   661,   7,  12,   7,    0,    4 },  // '|'
    {   672,   5,  11,   5,    0,    4 },  // '}'
    {   679,   7,   5,   7,    0,    8 },  // '~'
};

static const GFXfont OpenSansRegular12pt7b PROGMEM = {
    (uint8_t  *)OpenSansRegular12pt7bBitmaps,
    (GFXglyph *)OpenSansRegular12pt7bGlyphs,
    32, 126, 17
};

// Auto-generated font: OpenSansRegular18pt7b at 18pt
// Source: OpenSans-Regular.ttf

#include <Adafruit_GFX.h>

static const uint8_t PROGMEM OpenSansRegular18pt7bBitmaps[] = {
    0x21, 0x08, 0x42, 0x10, 0x84, 0x20, 0x00, 0xC2, 0x00, 0x6C, 0xC9, 0x93, 0x24, 0x40, 0x00, 0x00,
    0x00, 0x00, 0x00, 0x00, 0x00, 0x0C, 0x80, 0x88, 0x08, 0x80, 0x88, 0x7F, 0xE1, 0x98, 0x11, 0x01,
    0x10, 0xFF, 0xE1, 0x30, 0x13, 0x03, 0x20, 0x22, 0x00, 0x04, 0x01, 0x01, 0xF0, 0xF4, 0x64, 0x19,
    0x03, 0xC0, 0x78, 0x07, 0x81, 0x20, 0x49, 0xBE, 0x3E, 0x01, 0x00, 0x40, 0x38, 0x20, 0xD8, 0x41,
    0x11, 0x02, 0x26, 0x04, 0x48, 0x08, 0xB7, 0x1B, 0x5A, 0x1D, 0xA2, 0x02, 0x44, 0x08, 0x88, 0x11,
    0x10, 0x43, 0x40, 0x83, 0x80, 0x0E, 0x00, 0x4C, 0x03, 0x18, 0x0C, 0x40, 0x13, 0x00, 0x78, 0x01,
    0xC0, 0x0D, 0x84, 0x63, 0x31, 0x87, 0x86, 0x0E, 0x0C, 0x78, 0x1F, 0x10, 0x66, 0x66, 0x40, 0x00,
    0x00, 0x00, 0x00, 0x11, 0x88, 0xC6, 0x21, 0x08, 0x42, 0x10, 0xC6, 0x10, 0xC2, 0x43, 0x08, 0x61,
    0x08, 0x43, 0x18, 0xC4, 0x23, 0x11, 0x88, 0x0C, 0x03, 0x00, 0x81, 0xFE, 0x0C, 0x07, 0x83, 0x20,
    0xC8, 0x00, 0x00, 0x00, 0x00, 0x00, 0x00, 0x00, 0x00, 0x04, 0x01, 0x00, 0x40, 0x30, 0x7F, 0x81,
    0x00, 0x40, 0x10, 0x04, 0x00, 0x00, 0x00, 0x23, 0x10, 0x80, 0x01, 0xE0, 0x00, 0x00, 0x00, 0x03,
    0x08, 0x04, 0x18, 0x20, 0x41, 0x82, 0x04, 0x18, 0x20, 0xC1, 0x82, 0x0C, 0x00, 0x1E, 0x0C, 0xC2,
    0x19, 0x82, 0x60, 0x90, 0x24, 0x09, 0x02, 0x60, 0x98, 0x22, 0x18, 0xCC, 0x1E, 0x00, 0x04, 0x07,
    0x03, 0x40, 0x90, 0x04, 0x01, 0x00, 0x40, 0x10, 0x04, 0x01, 0x00, 0x40, 0x10, 0x04, 0x00, 0x1E,
    0x1C, 0xC0, 0x18, 0x06, 0x01, 0x80, 0x40, 0x30, 0x18, 0x0C, 0x06, 0x03, 0x01, 0x80, 0x7F, 0x80,
    0x3E, 0x18, 0xC0, 0x18, 0x06, 0x01, 0x80, 0xC1, 0xE0, 0x06, 0x00, 0x80, 0x20, 0x19, 0x0C, 0x7E,
    0x00, 0x03, 0x01, 0xC0, 0x50, 0x24, 0x19, 0x04, 0x42, 0x11, 0x84, 0x43, 0x3F, 0xF0, 0x10, 0x04,
    0x01, 0x00, 0x3F, 0x08, 0x02, 0x00, 0x80, 0x20, 0x0F, 0x80, 0x38, 0x06, 0x00, 0x80, 0x20, 0x19,
    0x8C, 0x3E, 0x00, 0x0F, 0x06, 0x03, 0x00, 0x80, 0x60, 0x1B, 0xC7, 0x19, 0x82, 0x60, 0x98, 0x22,
    0x08, 0xCE, 0x1E, 0x00, 0x7F, 0x80, 0x60, 0x18, 0x04, 0x03, 0x00, 0x80, 0x60, 0x18, 0x04, 0x03,
    0x00, 0x80, 0x60, 0x10, 0x00, 0x1E, 0x0C, 0xC6, 0x19, 0x86, 0x21, 0x07, 0x81, 0xE0, 0xCC, 0x60,
    0x90, 0x26, 0x09, 0xC6, 0x1E, 0x00, 0x1E, 0x0C, 0xC6, 0x19, 0x02, 0x40, 0x98, 0x23, 0x38, 0x7A,
    0x00, 0x80, 0x60, 0x10, 0x18, 0x3C, 0x00, 0x23, 0x00, 0x00, 0x00, 0x00, 0x61, 0x00, 0x23, 0x00,
    0x00, 0x00, 0x00, 0x63, 0x10, 0x80, 0x00, 0x80, 0xE0, 0xE0, 0xE0, 0x60, 0x0C, 0x00, 0xE0, 0x0E,
    0x00, 0x80, 0x00, 0x00, 0x00, 0x1F, 0xE0, 0x00, 0x00, 0x7F, 0x80, 0x00, 0x00, 0x00, 0x00, 0x00,
    0x40, 0x1C, 0x01, 0xC0, 0x1C, 0x01, 0x80, 0xE0, 0xC1, 0xC0, 0x40, 0x00, 0x00, 0x00, 0x7C, 0x46,
    0x02, 0x02, 0x06, 0x0C, 0x18, 0x10, 0x10, 0x00, 0x00, 0x30, 0x30, 0x03, 0xE0, 0x0C, 0x18, 0x18,
    0x0C, 0x30, 0x04, 0x21, 0xE2, 0x66, 0x22, 0x44, 0x22, 0x44, 0x22, 0x44, 0x22, 0x46, 0x64, 0x63,
    0x98, 0x20, 0x00, 0x30, 0x00, 0x1C, 0x20, 0x07, 0xE0, 0x06, 0x00, 0xE0, 0x0A, 0x00, 0xB0, 0x19,
    0x01, 0x10, 0x11, 0x83, 0x18, 0x3F, 0xC6, 0x0C, 0x40, 0x44, 0x06, 0xC0, 0x20, 0x3F, 0x02, 0x1C,
    0x20, 0xC2, 0x04, 0x20, 0xC2, 0x18, 0x3F, 0x02, 0x0C, 0x20, 0x62, 0x06, 0x20, 0x42, 0x1C, 0x3F,
    0x80, 0x07, 0xC3, 0x88, 0xC0, 0x10, 0x06, 0x00, 0xC0, 0x18, 0x03, 0x00, 0x60, 0x04, 0x00, 0xC0,
    0x0E, 0x20, 0xFC, 0x3F, 0x01, 0x0E, 0x08, 0x18, 0x40, 0x42, 0x03, 0x10, 0x18, 0x80, 0xC4, 0x06,
    0x20, 0x31, 0x01, 0x08, 0x18, 0x43, 0x83, 0xF0, 0x00, 0x3F, 0x88, 0x02, 0x00, 0x80, 0x20, 0x08,
    0x03, 0xF8, 0x80, 0x20, 0x08, 0x02, 0x00, 0x80, 0x3F, 0x80, 0x3F, 0x90, 0x08, 0x04, 0x02, 0x01,
    0x00, 0xFE, 0x40, 0x20, 0x10, 0x08, 0x04, 0x02, 0x00, 0x07, 0xE0, 0xE3, 0x0C, 0x00, 0x40, 0x06,
    0x00, 0x30, 0x01, 0x87, 0xCC, 0x06, 0x60, 0x31, 0x01, 0x8C, 0x0C, 0x38, 0x60, 0x7E, 0x00, 0x20,
    0x31, 0x01, 0x88, 0x0C, 0x40, 0x62, 0x03, 0x10, 0x18, 0xFF, 0xC4, 0x06, 0x20, 0x31, 0x01, 0x88,
    0x0C, 0x40, 0x62, 0x03, 0x00, 0x21, 0x08, 0x42, 0x10, 0x84, 0x21, 0x08, 0x42, 0x00, 0x08, 0x10,
    0x20, 0x40, 0x81, 0x02, 0x04, 0x08, 0x10, 0x20, 0x40, 0x81, 0x06, 0x38, 0x20, 0x42, 0x08, 0x21,
    0x82, 0x30, 0x26, 0x02, 0xC0, 0x3C, 0x03, 0x60, 0x23, 0x02, 0x10, 0x21, 0x82, 0x0C, 0x20, 0x60,
    0x20, 0x10, 0x08, 0x04, 0x02, 0x01, 0x00, 0x80, 0x40, 0x20, 0x10, 0x08, 0x06, 0x03, 0xF8, 0x30,
    0x0C, 0x38, 0x0C, 0x38, 0x1C, 0x28, 0x14, 0x2C, 0x14, 0x24, 0x24, 0x24, 0x24, 0x26, 0x64, 0x22,
    0x44, 0x23, 0x44, 0x23, 0xC4, 0x21, 0x84, 0x21, 0x84, 0x30, 0x30, 0xC0, 0xC3, 0x83, 0x0B, 0x0C,
    0x24, 0x30, 0x98, 0xC2, 0x33, 0x08, 0x4C, 0x21, 0xB0, 0x83, 0xC2, 0x0F, 0x08, 0x1C, 0x20, 0x30,
    0x0F, 0xC0, 0x73, 0x83, 0x03, 0x08, 0x04, 0x60, 0x19, 0x80, 0x66, 0x01, 0x98, 0x06, 0x60, 0x18,
    0x80, 0x43, 0x03, 0x07, 0x38, 0x0F, 0xC0, 0x3F, 0x04, 0x30, 0x83, 0x10, 0x62, 0x0C, 0x41, 0x88,
    0xE1, 0xF8, 0x20, 0x04, 0x00, 0x80, 0x10, 0x02, 0x00, 0x0F, 0xC0, 0x73, 0x83, 0x03, 0x08, 0x04,
    0x60, 0x19, 0x80, 0x66, 0x01, 0x98, 0x06, 0x60, 0x18, 0x80, 0x43, 0x03, 0x07, 0x38, 0x0F, 0xC0,
    0x03, 0x00, 0x06, 0x00, 0x0C, 0x3F, 0x04, 0x30, 0x83, 0x10, 0x62, 0x0C, 0x41, 0x88, 0x61, 0xF8,
    0x23, 0x04, 0x30, 0x86, 0x10, 0x62, 0x04, 0x1F, 0x0C, 0x46, 0x01, 0x80, 0x60, 0x0E, 0x01, 0xE0,
    0x0C, 0x01, 0x80, 0x60, 0x19, 0x8C, 0x7E, 0x00, 0xFF, 0xC3, 0x00, 0xC0, 0x30, 0x0C, 0x03, 0x00,
    0xC0, 0x30, 0x0C, 0x03, 0x00, 0xC0, 0x30, 0x0C, 0x00, 0x20, 0x21, 0x01, 0x08, 0x08, 0x40, 0x42,
    0x02, 0x10, 0x10, 0x80, 0x84, 0x04, 0x20, 0x21, 0x01, 0x0C, 0x18, 0x31, 0x80, 0xF8, 0x00, 0xC0,
    0x68, 0x09, 0x03, 0x30, 0x42, 0x08, 0x43, 0x0C, 0x40, 0x88, 0x1B, 0x03, 0x40, 0x38, 0x07, 0x00,
    0xC0, 0xC1, 0x81, 0x20, 0xC1, 0x90, 0x70, 0xCC, 0x68, 0x46, 0x34, 0x21, 0x13, 0x30, 0x88, 0x98,
    0x6C, 0x48, 0x34, 0x34, 0x0A, 0x1E, 0x07, 0x07, 0x03, 0x83, 0x00, 0x81, 0x80, 0x40, 0xCC, 0x10,
    0xC4, 0x09, 0x81, 0xA0, 0x1C, 0x03, 0x00, 0x70, 0x13, 0x06, 0x20, 0x86, 0x30, 0x4C, 0x0C, 0xC0,
    0xC8, 0x11, 0x86, 0x10, 0x83, 0x30, 0x34, 0x07, 0x80, 0x60, 0x0C, 0x01, 0x80, 0x30, 0x06, 0x00,
    0xC0, 0x7F, 0x80, 0x60, 0x18, 0x0C, 0x02, 0x01, 0x80, 0xC0, 0x20, 0x18, 0x0C, 0x02, 0x01, 0x80,
    0x7F, 0xC0, 0x79, 0x86, 0x18, 0x61, 0x86, 0x18, 0x61, 0x86, 0x18, 0x61, 0x86, 0x1E, 0xC0, 0x81,
    0x83, 0x02, 0x06, 0x04, 0x08, 0x18, 0x10, 0x20, 0x60, 0x40, 0xF0, 0x41, 0x04, 0x10, 0x41, 0x04,
    0x10, 0x41, 0x04, 0x10, 0x41, 0x3C, 0x0C, 0x03, 0x01, 0xE0, 0x48, 0x33, 0x08, 0x46, 0x09, 0x02,
    0x00, 0x00, 0x00, 0x00, 0x00, 0x00, 0x00, 0x00, 0x00, 0x1F, 0xE0, 0x00, 0x61, 0x04, 0x00, 0x00,
    0x00, 0x00, 0x00, 0x00, 0x00, 0x1E, 0x08, 0xC0, 0x10, 0x06, 0x1F, 0x9C, 0x66, 0x19, 0x06, 0x63,
    0x8F, 0x60, 0x20, 0x04, 0x00, 0x80, 0x10, 0x02, 0xF0, 0x63, 0x08, 0x31, 0x06, 0x20, 0xC4, 0x18,
    0x83, 0x10, 0x63, 0x98, 0x5E, 0x00, 0x1F, 0x18, 0x18, 0x0C, 0x06, 0x03, 0x01, 0x80, 0xC0, 0x31,
    0x0F, 0x80, 0x00, 0x80, 0x10, 0x02, 0x00, 0x41, 0xE8, 0x67, 0x18, 0x23, 0x04, 0x60, 0x8C, 0x11,
    0x82, 0x30, 0x43, 0x18, 0x3D, 0x00, 0x1E, 0x0C, 0xC6, 0x19, 0x86, 0x7F, 0x98, 0x06, 0x01, 0x80,
    0x30, 0x87, 0xC0, 0x1E, 0x60, 0xC1, 0x07, 0xC6, 0x08, 0x10, 0x20, 0x40, 0x81, 0x02, 0x04, 0x00,
    0x1F, 0x98, 0xC6, 0x11, 0x84, 0x63, 0x0F, 0x82, 0x00, 0x80, 0x3F, 0x18, 0x6C, 0x0B, 0x02, 0x63,
    0x8F, 0x80, 0x20, 0x04, 0x00, 0x80, 0x10, 0x02, 0xF0, 0x73, 0x08, 0x21, 0x06, 0x20, 0xC4, 0x18,
    0x83, 0x10, 0x62, 0x0C, 0x41, 0x80, 0x21, 0x00, 0x02, 0x10, 0x84, 0x21, 0x08, 0x42, 0x10, 0x10,
    0x40, 0x00, 0x10, 0x41, 0x04, 0x10, 0x41, 0x04, 0x10, 0x41, 0x0C, 0x33, 0x80, 0x20, 0x08, 0x02,
    0x00, 0x80, 0x21, 0x88, 0xC2, 0x60, 0xB0, 0x38, 0x0F, 0x02, 0x60, 0x88, 0x23, 0x08, 0x60, 0x21,
    0x08, 0x42, 0x10, 0x84, 0x21, 0x08, 0x42, 0x10, 0x2F, 0x3C, 0x18, 0xF3, 0x08, 0x70, 0x84, 0x10,
    0x42, 0x08, 0x21, 0x04, 0x10, 0x82, 0x08, 0x41, 0x04, 0x20, 0x82, 0x10, 0x41, 0x00, 0x2F, 0x07,
    0x30, 0xC2, 0x10, 0x62, 0x0C, 0x41, 0x88, 0x31, 0x06, 0x20, 0xC4, 0x18, 0x1E, 0x06, 0x31, 0x82,
    0x30, 0x66, 0x0C, 0xC1, 0x98, 0x33, 0x04, 0x31, 0x83, 0xE0, 0x2F, 0x07, 0x30, 0x83, 0x10, 0x62,
    0x0C, 0x41, 0x88, 0x31, 0x06, 0x31, 0x85, 0xE0, 0x80, 0x10, 0x02, 0x00, 0x40, 0x00, 0x1E, 0x86,
    0x71, 0x86, 0x30, 0x46, 0x08, 0xC1, 0x18, 0x23, 0x04, 0x31, 0x83, 0xD0, 0x02, 0x00, 0x40, 0x08,
    0x01, 0x00, 0x2E, 0x38, 0x30, 0x20, 0x20, 0x20, 0x20, 0x20, 0x20, 0x20, 0x3E, 0x31, 0x10, 0x0C,
    0x03, 0x80, 0x70, 0x0C, 0x06, 0x42, 0x3E, 0x00, 0x20, 0x8F, 0xC8, 0x20, 0x82, 0x08, 0x20, 0x83,
    0x07, 0x60, 0xCC, 0x19, 0x83, 0x30, 0x66, 0x0C, 0xC1, 0x98, 0x31, 0x06, 0x31, 0xC3, 0xD8, 0xC1,
    0xA0, 0x90, 0x4C, 0x62, 0x21, 0x10, 0xD8, 0x28, 0x1C, 0x0E, 0x00, 0xC3, 0x0D, 0x0C, 0x24, 0x78,
    0x99, 0xE6, 0x64, 0x98, 0x92, 0x42, 0xCD, 0x0E, 0x1C, 0x38, 0x60, 0x61, 0x80, 0x61, 0x88, 0xC3,
    0x20, 0x70, 0x0C, 0x07, 0x01, 0x60, 0xC8, 0x63, 0x10, 0x60, 0xC1, 0x90, 0x46, 0x11, 0x8C, 0x22,
    0x0D, 0x81, 0x60, 0x70, 0x1C, 0x02, 0x00, 0x80, 0x60, 0x30, 0x38, 0x00, 0x7F, 0x02, 0x06, 0x0C,
    0x08, 0x18, 0x30, 0x20, 0x60, 0x7F, 0x0C, 0x30, 0x40, 0x81, 0x02, 0x04, 0x18, 0xE0, 0x60, 0x40,
    0x81, 0x02, 0x06, 0x06, 0x0C, 0x03, 0x00, 0xC0, 0x30, 0x0C, 0x03, 0x00, 0xC0, 0x30, 0x0C, 0x03,
    0x00, 0xC0, 0x30, 0x0C, 0x03, 0x00, 0xC0, 0x30, 0x0C, 0x03, 0x00, 0x60, 0x60, 0x40, 0x81, 0x02,
    0x04, 0x0C, 0x0C, 0x30, 0x40, 0x81, 0x02, 0x0C, 0x30, 0x7C, 0x91, 0xE0, 0x00, 0x00, 0x00, 0x00,
    0x00, 0x00,
};

static const GFXglyph OpenSansRegular18pt7bGlyphs[] PROGMEM = {
    {     0,   0,   0,   5,    0,   20 },  // ' '
    {     0,   5,  13,   5,    0,    7 },  // '!'
    {     9,   7,  13,   7,    0,    7 },  // '"'
    {    21,  12,  13,  12,    0,    7 },  // '#'
    {    41,  10,  15,  10,    0,    6 },  // '$'
    {    60,  15,  13,  15,    0,    7 },  // '%'
    {    85,  14,  13,  13,    0,    7 },  // '&'
    {   108,   4,  13,   4,    0,    7 },  // "'"
    {   115,   5,  16,   5,    0,    7 },  // '('
    {   125,   5,  16,   5,    0,    7 },  // ')'
    {   135,  10,  14,  10,    0,    6 },  // '*'
    {   153,  10,  11,  10,    0,    9 },  // '+'
    {   167,   5,   4,   5,    0,   18 },  // ','
    {   170,   6,   6,   6,    0,   14 },  // '-'
    {   175,   5,   3,   5,    0,   17 },  // '.'
    {   177,   7,  13,   7,    0,    7 },  // '/'
    {   189,  10,  13,  10,    0,    7 },  // '0'
    {   206,  10,  13,  10,    0,    7 },  // '1'
    {   223,  10,  13,  10,    0,    7 },  // '2'
    {   240,  10,  13,  10,    0,    7 },  // '3'
    {   257,  10,  13,  10,    0,    7 },  // '4'
    {   274,  10,  13,  10,    0,    7 },  // '5'
    {   291,  10,  13,  10,    0,    7 },  // '6'
    {   308,  10,  13,  10,    0,    7 },  // '7'
    {   325,  10,  13,  10,    0,    7 },  // '8'
    {   342,  10,  13,  10,    0,    7 },  // '9'
    {   359,   5,  10,   5,    0,   10 },  // ':'
    {   366,   5,  12,   5,    0,   10 },  // ';'
    {   374,  10,  11,  10,    0,    9 },  // '<'
    {   388,  10,   9,  10,    0,   11 },  // '='
    {   400,  10,  11,  10,    0,    9 },  // '>'
    {   414,   8,  13,   8,    0,    7 },  // '?'
    {   427,  16,  15,  16,    0,    7 },  // '@'
    {   457,  12,  13,  11,    0,    7 },  // 'A'
    {   477,  12,  13,  12,    0,    7 },  // 'B'
    {   497,  11,  13,  11,    0,    7 },  // 'C'
    {   515,  13,  13,  13,    0,    7 },  // 'D'
    {   537,  10,  13,  10,    0,    7 },  // 'E'
    {   554,   9,  13,   9,    0,    7 },  // 'F'
    {   569,  13,  13,  13,    0,    7 },  // 'G'
    {   591,  13,  13,  13,    0,    7 },  // 'H'
    {   613,   5,  13,   5,    0,    7 },  // 'I'
    {   622,   7,  16,   5,   -2,    7 },  // 'J'
    {   636,  12,  13,  11,    0,    7 },  // 'K'
    {   656,   9,  13,   9,    0,    7 },  // 'L'
    {   671,  16,  13,  16,    0,    7 },  // 'M'
    {   697,  14,  13,  14,    0,    7 },  // 'N'
    {   720,  14,  13,  14,    0,    7 },  // 'O'
    {   743,  11,  13,  11,    0,    7 },  // 'P'
    {   761,  14,  16,  14,    0,    7 },  // 'Q'
    {   789,  11,  13,  11,    0,    7 },  // 'R'
    {   807,  10,  13,  10,    0,    7 },  // 'S'
    {   824,  10,  13,  10,    0,    7 },  // 'T'
    {   841,  13,  13,  13,    0,    7 },  // 'U'
    {   863,  11,  13,  11,    0,    7 },  // 'V'
    {   881,  17,  13,  17,    0,    7 },  // 'W'
    {   909,  11,  13,  10,    0,    7 },  // 'X'
    {   927,  11,  13,  10,    0,    7 },  // 'Y'
    {   945,  10,  13,  10,    0,    7 },  // 'Z'
    {   962,   6,  16,   6,    0,    7 },  // '['
    {   974,   7,  13,   7,    0,    7 },  // '\\'
    {   986,   6,  16,   6,    0,    7 },  // ']'
    {   998,  10,  13,  10,    0,    7 },  // '^'
    {  1015,   9,   4,   8,   -1,   20 },  // '_'
    {  1020,   5,  14,   5,    0,    6 },  // '`'
    {  1029,  10,  10,  10,    0,   10 },  // 'a'
    {  1042,  11,  14,  11,    0,    6 },  // 'b'
    {  1062,   9,  10,   9,    0,   10 },  // 'c'
    {  1074,  11,  14,  11,    0,    6 },  // 'd'
    {  1094,  10,  10,  10,    0,   10 },  // 'e'
    {  1107,   7,  14,   6,    0,    6 },  // 'f'
    {  1120,  10,  14,  10,    0,   10 },  // 'g'
    {  1138,  11,  14,  11,    0,    6 },  // 'h'
    {  1158,   5,  14,   5,    0,    6 },  // 'i'
    {  1167,   6,  18,   5,   -1,    6 },  // 'j'
    {  1181,  10,  14,   9,    0,    6 },  // 'k'
    {  1199,   5,  14,   5,    0,    6 },  // 'l'
    {  1208,  17,  10,  17,    0,   10 },  // 'm'
    {  1230,  11,  10,  11,    0,   10 },  // 'n'
    {  1244,  11,  10,  11,    0,   10 },  // 'o'
    {  1258,  11,  14,  11,    0,   10 },  // 'p'
    {  1278,  11,  14,  11,    0,   10 },  // 'q'
    {  1298,   8,  10,   7,    0,   10 },  // 'r'
    {  1308,   9,  10,   9,    0,   10 },  // 's'
    {  1320,   6,  12,   6,    0,    8 },  // 't'
    {  1329,  11,  10,  11,    0,   10 },  // 'u'
    {  1343,   9,  10,   9,    0,   10 },  // 'v'
    {  1355,  14,  10,  14,    0,   10 },  // 'w'
    {  1373,  10,  10,   9,    0,   10 },  // 'x'
    {  1386,  10,  14,   9,    0,   10 },  // 'y'
    {  1404,   8,  10,   8,    0,   10 },  // 'z'
    {  1414,   7,  16,   7,    0,    7 },  // '{'
    {  1428,  10,  18,  10,    0,    6 },  // '|'
    {  1451,   7,  16,   7,    0,    7 },  // '}'
    {  1465,  10,   7,  10,    0,   13 },  // '~'
};

static const GFXfont OpenSansRegular18pt7b PROGMEM = {
    (uint8_t  *)OpenSansRegular18pt7bBitmaps,
    (GFXglyph *)OpenSansRegular18pt7bGlyphs,
    32, 126, 26
};

// Auto-generated font: OpenSansRegular24pt7b at 24pt
// Source: OpenSans-Regular.ttf

#include <Adafruit_GFX.h>

static const uint8_t PROGMEM OpenSansRegular24pt7bBitmaps[] = {
    0x30, 0xC3, 0x0C, 0x30, 0xC3, 0x0C, 0x30, 0xC1, 0x00, 0x00, 0x03, 0x0E, 0x30, 0x33, 0x0C, 0xC3,
    0x30, 0x8C, 0x23, 0x08, 0xC0, 0x00, 0x00, 0x00, 0x00, 0x00, 0x00, 0x00, 0x00, 0x00, 0x00, 0x00,
    0x00, 0x00, 0x00, 0x03, 0x18, 0x02, 0x10, 0x06, 0x10, 0x06, 0x30, 0x06, 0x30, 0x7F, 0xFE, 0x04,
    0x20, 0x0C, 0x20, 0x0C, 0x60, 0x0C, 0x60, 0x7F, 0xFC, 0x1C, 0xE0, 0x08, 0x40, 0x18, 0xC0, 0x18,
    0xC0, 0x18, 0xC0, 0x10, 0xC0, 0x03, 0x00, 0x0C, 0x00, 0xFE, 0x0F, 0xF8, 0x33, 0x00, 0x8C, 0x03,
    0x30, 0x0C, 0xC0, 0x1F, 0x00, 0x3F, 0x00, 0x3E, 0x00, 0xCC, 0x03, 0x30, 0x0C, 0xC0, 0x33, 0x1F,
    0xF8, 0x3F, 0x80, 0x0C, 0x00, 0x30, 0x00, 0x1C, 0x02, 0x03, 0x60, 0x60, 0x23, 0x0C, 0x06, 0x30,
    0xC0, 0x61, 0x18, 0x06, 0x11, 0x00, 0x61, 0x37, 0x86, 0x32, 0xFC, 0x23, 0x6C, 0x43, 0x64, 0x84,
    0x1C, 0xC8, 0x60, 0x18, 0x86, 0x01, 0x88, 0x60, 0x30, 0x84, 0x02, 0x0C, 0x40, 0x60, 0xFC, 0x04,
    0x07, 0x80, 0x07, 0x80, 0x03, 0xF8, 0x01, 0x86, 0x00, 0x61, 0x80, 0x18, 0x60, 0x06, 0x18, 0x00,
    0xCC, 0x00, 0x1E, 0x00, 0x0F, 0x00, 0x07, 0x60, 0xC3, 0x0C, 0x31, 0xC1, 0x98, 0x60, 0x3E, 0x1C,
    0x07, 0x03, 0x03, 0xE0, 0xFF, 0xDC, 0x0F, 0xC3, 0x80, 0x31, 0x8C, 0x42, 0x10, 0x00, 0x00, 0x00,
    0x00, 0x00, 0x00, 0x00, 0x0C, 0x30, 0x61, 0x83, 0x06, 0x18, 0x30, 0x60, 0xC1, 0x83, 0x06, 0x0C,
    0x18, 0x18, 0x30, 0x60, 0x60, 0xC0, 0xC0, 0x60, 0x60, 0xC0, 0xC1, 0x83, 0x03, 0x06, 0x0C, 0x18,
    0x30, 0x60, 0xC1, 0x83, 0x0C, 0x18, 0x30, 0xC1, 0x86, 0x00, 0x03, 0x00, 0x10, 0x00, 0x80, 0x04,
    0x07, 0xAF, 0x3F, 0xF8, 0x1C, 0x01, 0xB0, 0x0D, 0xC0, 0xC6, 0x02, 0x30, 0x00, 0x00, 0x00, 0x00,
    0x00, 0x00, 0x00, 0x00, 0x00, 0x00, 0x00, 0x00, 0x02, 0x00, 0x0C, 0x00, 0x30, 0x00, 0xC0, 0x03,
    0x00, 0xFF, 0xC7, 0xFF, 0x00, 0xC0, 0x03, 0x00, 0x0C, 0x00, 0x30, 0x00, 0xC0, 0x00, 0x00, 0x00,
    0x00, 0x00, 0x00, 0x30, 0xC3, 0x08, 0x61, 0x80, 0x7E, 0x7E, 0x00, 0x00, 0x00, 0x00, 0x00, 0x00,
    0x00, 0xC3, 0x8C, 0x03, 0x01, 0x80, 0xC0, 0xC0, 0x60, 0x20, 0x30, 0x18, 0x18, 0x0C, 0x06, 0x06,
    0x03, 0x01, 0x01, 0x80, 0xC0, 0xC0, 0x00, 0x0F, 0x80, 0x7F, 0x03, 0x86, 0x0C, 0x0C, 0x30, 0x31,
    0x80, 0xC6, 0x03, 0x18, 0x0C, 0x60, 0x11, 0x80, 0xC6, 0x03, 0x18, 0x0C, 0x30, 0x30, 0xC0, 0xC3,
    0x86, 0x07, 0xF8, 0x07, 0x80, 0x03, 0x00, 0x1C, 0x00, 0xF0, 0x0E, 0x40, 0x11, 0x00, 0x04, 0x00,
    0x10, 0x00, 0x40, 0x01, 0x00, 0x04, 0x00, 0x10, 0x00, 0x40, 0x01, 0x00, 0x04, 0x00, 0x10, 0x00,
    0x40, 0x01, 0x00, 0x0F, 0x80, 0xFF, 0x83, 0x06, 0x00, 0x1C, 0x00, 0x30, 0x00, 0xC0, 0x06, 0x00,
    0x18, 0x00, 0xC0, 0x06, 0x00, 0x30, 0x01, 0x80, 0x0C, 0x00, 0x60, 0x03, 0x00, 0x1F, 0xFC, 0x7F,
    0xF0, 0x0F, 0x80, 0xFF, 0x82, 0x06, 0x00, 0x0C, 0x00, 0x30, 0x01, 0xC0, 0x06, 0x03, 0xF0, 0x0F,
    0xC0, 0x03, 0x80, 0x03, 0x00, 0x0C, 0x00, 0x30, 0x00, 0xC4, 0x07, 0x1F, 0xF8, 0x3F, 0x80, 0x00,
    0xE0, 0x03, 0x80, 0x1E, 0x00, 0xD8, 0x06, 0x60, 0x19, 0x80, 0xC6, 0x06, 0x18, 0x10, 0x60, 0xC1,
    0x86, 0x06, 0x1F, 0xFE, 0x7F, 0xF8, 0x01, 0x80, 0x06, 0x00, 0x18, 0x00, 0x60, 0x1F, 0xE0, 0x7F,
    0x83, 0x00, 0x0C, 0x00, 0x30, 0x00, 0xC0, 0x03, 0x00, 0x0F, 0xE0, 0x3F, 0xE0, 0x01, 0xC0, 0x03,
    0x00, 0x0C, 0x00, 0x30, 0x00, 0xC0, 0x07, 0x0F, 0xF8, 0x1F, 0x80, 0x03, 0xE0, 0x3F, 0x81, 0xC0,
    0x06, 0x00, 0x30, 0x00, 0xC0, 0x02, 0x7C, 0x0F, 0xF8, 0x78, 0x31, 0xC0, 0xC6, 0x01, 0x08, 0x06,
    0x30, 0x10, 0xC0, 0xC1, 0x87, 0x07, 0xF8, 0x07, 0xC0, 0x7F, 0xF9, 0xFF, 0xC0, 0x03, 0x00, 0x0C,
    0x00, 0x60, 0x01, 0x80, 0x0C, 0x00, 0x30, 0x01, 0x80, 0x06, 0x00, 0x30, 0x00, 0xC0, 0x07, 0x00,
    0x18, 0x00, 0x60, 0x03, 0x00, 0x0C, 0x00, 0x0F, 0xC0, 0x7F, 0x83, 0x07, 0x0C, 0x0C, 0x30, 0x30,
    0xC0, 0xC1, 0x8E, 0x03, 0xE0, 0x0F, 0x80, 0x63, 0x83, 0x03, 0x18, 0x0C, 0x60, 0x11, 0x80, 0xC3,
    0x03, 0x0F, 0xF8, 0x0F, 0xC0, 0x0F, 0x80, 0x7F, 0x03, 0x06, 0x0C, 0x0C, 0x60, 0x31, 0x80, 0xC6,
    0x03, 0x18, 0x0C, 0x30, 0x70, 0xFF, 0xC0, 0xF3, 0x00, 0x0C, 0x00, 0x30, 0x01, 0x80, 0x0C, 0x0F,
    0xE0, 0x1F, 0x00, 0x30, 0xE3, 0x00, 0x00, 0x00, 0x00, 0x00, 0x03, 0x0E, 0x30, 0x30, 0xC3, 0x00,
    0x00, 0x00, 0x00, 0x00, 0x03, 0x0C, 0x31, 0x86, 0x10, 0x00, 0x00, 0x00, 0xC0, 0x0E, 0x00, 0xE0,
    0x0E, 0x00, 0xE0, 0x07, 0x00, 0x07, 0x00, 0x07, 0x00, 0x07, 0x80, 0x07, 0x00, 0x04, 0x00, 0x00,
    0x00, 0x00, 0x00, 0x00, 0x3F, 0xF1, 0xFF, 0xC0, 0x00, 0x00, 0x00, 0x00, 0x01, 0xFF, 0xC3, 0xFF,
    0x00, 0x00, 0x00, 0x00, 0x00, 0x00, 0x00, 0x00, 0x00, 0x40, 0x01, 0xC0, 0x01, 0xC0, 0x01, 0xC0,
    0x01, 0xC0, 0x01, 0xC0, 0x03, 0x00, 0x38, 0x07, 0x80, 0x78, 0x07, 0x80, 0x10, 0x00, 0x00, 0x00,
    0x00, 0x00, 0x00, 0x00, 0x3F, 0x1F, 0xE4, 0x18, 0x03, 0x00, 0xC0, 0x60, 0x18, 0x1C, 0x0E, 0x03,
    0x01, 0x80, 0x60, 0x00, 0x00, 0x01, 0x80, 0x70, 0x18, 0x00, 0x00, 0xFE, 0x00, 0x0F, 0xBE, 0x00,
    0x60, 0x0C, 0x03, 0x00, 0x18, 0x18, 0x00, 0x20, 0xC1, 0xF8, 0xC3, 0x0E, 0xE3, 0x08, 0x61, 0x8C,
    0x23, 0x06, 0x11, 0x8C, 0x18, 0xC6, 0x30, 0x63, 0x18, 0xC3, 0x88, 0x21, 0xDB, 0x60, 0xC3, 0xC7,
    0x03, 0x00, 0x00, 0x06, 0x00, 0x00, 0x0C, 0x00, 0x00, 0x1F, 0xF8, 0x00, 0x1F, 0xC0, 0x00, 0x01,
    0x80, 0x03, 0x80, 0x03, 0x80, 0x06, 0xC0, 0x06, 0xC0, 0x06, 0x60, 0x0C, 0x60, 0x0C, 0x60, 0x18,
    0x30, 0x18, 0x30, 0x1F, 0xF8, 0x3F, 0xF8, 0x30, 0x18, 0x60, 0x0C, 0x60, 0x0C, 0x60, 0x0E, 0xC0,
    0x06, 0x3F, 0xE0, 0x3F, 0xF8, 0x30, 0x18, 0x30, 0x1C, 0x30, 0x0C, 0x30, 0x18, 0x30, 0x18, 0x3F,
    0xF0, 0x3F, 0xF0, 0x30, 0x18, 0x30, 0x0C, 0x30, 0x0C, 0x30, 0x0C, 0x30, 0x0C, 0x30, 0x1C, 0x3F,
    0xF8, 0x3F, 0xE0, 0x01, 0xF8, 0x0F, 0xF8, 0x38, 0x00, 0xC0, 0x03, 0x80, 0x06, 0x00, 0x0C, 0x00,
    0x18, 0x00, 0x70, 0x00, 0x60, 0x00, 0xC0, 0x01, 0x80, 0x03, 0x00, 0x03, 0x00, 0x07, 0x00, 0x07,
    0xFE, 0x03, 0xF8, 0x3F, 0xE0, 0x1F, 0xFC, 0x0C, 0x07, 0x06, 0x01, 0xC3, 0x00, 0x61, 0x80, 0x38,
    0xC0, 0x0C, 0x60, 0x06, 0x30, 0x03, 0x18, 0x01, 0x8C, 0x00, 0xC6, 0x00, 0xE3, 0x00, 0x61, 0x80,
    0x70, 0xC0, 0x70, 0x7F, 0xF0, 0x3F, 0xC0, 0x00, 0x3F, 0xF1, 0xFF, 0x8C, 0x00, 0x60, 0x03, 0x00,
    0x18, 0x00, 0xC0, 0x07, 0xFC, 0x3F, 0xE1, 0x80, 0x0C, 0x00, 0x60, 0x03, 0x00, 0x18, 0x00, 0xC0,
    0x07, 0xFE, 0x3F, 0xF0, 0x3F, 0xF3, 0xFF, 0x30, 0x03, 0x00, 0x30, 0x03, 0x00, 0x30, 0x03, 0x00,
    0x3F, 0xE3, 0xFE, 0x30, 0x03, 0x00, 0x30, 0x03, 0x00, 0x30, 0x03, 0x00, 0x30, 0x00, 0x01, 0xFC,
    0x03, 0xFF, 0x03, 0x80, 0x83, 0x00, 0x03, 0x80, 0x01, 0x80, 0x00, 0xC0, 0x00, 0x60, 0x00, 0x70,
    0x3F, 0x18, 0x1F, 0x8C, 0x00, 0xC6, 0x00, 0x63, 0x80, 0x30, 0xC0, 0x18, 0x78, 0x0C, 0x0F, 0xFE,
    0x03, 0xFC, 0x00, 0x30, 0x06, 0x0C, 0x01, 0x83, 0x00, 0x60, 0xC0, 0x18, 0x30, 0x06, 0x0C, 0x01,
    0x83, 0x00, 0x60, 0xFF, 0xF8, 0x3F, 0xFE, 0x0C, 0x01, 0x83, 0x00, 0x60, 0xC0, 0x18, 0x30, 0x06,
    0x0C, 0x01, 0x83, 0x00, 0x60, 0xC0, 0x18, 0x30, 0x06, 0x00, 0x30, 0x60, 0xC1, 0x83, 0x06, 0x0C,
    0x18, 0x30, 0x60, 0xC1, 0x83, 0x06, 0x0C, 0x18, 0x30, 0x0C, 0x0C, 0x0C, 0x0C, 0x0C, 0x0C, 0x0C,
    0x0C, 0x0C, 0x0C, 0x0C, 0x0C, 0x0C, 0x0C, 0x0C, 0x0C, 0x0C, 0x0C, 0x0C, 0x0C, 0xF8, 0xF0, 0x30,
    0x0C, 0x60, 0x30, 0xC0, 0xC1, 0x83, 0x03, 0x0C, 0x06, 0x30, 0x0C, 0xC0, 0x1B, 0x80, 0x3F, 0x00,
    0x73, 0x00, 0xC7, 0x01, 0x87, 0x03, 0x06, 0x06, 0x06, 0x0C, 0x0E, 0x18, 0x0E, 0x30, 0x0C, 0x30,
    0x01, 0x80, 0x0C, 0x00, 0x60, 0x03, 0x00, 0x18, 0x00, 0xC0, 0x06, 0x00, 0x30, 0x01, 0x80, 0x0C,
    0x00, 0x60, 0x03, 0x00, 0x18, 0x00, 0xC0, 0x07, 0xFE, 0x3F, 0xF0, 0x38, 0x00, 0xE0, 0xF0, 0x03,
    0x83, 0xC0, 0x1E, 0x0D, 0x80, 0x78, 0x36, 0x01, 0x60, 0xD8, 0x0D, 0x83, 0x30, 0x36, 0x0C, 0xC1,
    0x98, 0x31, 0x86, 0x60, 0xC6, 0x11, 0x83, 0x18, 0xC6, 0x0C, 0x33, 0x18, 0x30, 0xD8, 0x60, 0xC1,
    0x61, 0x83, 0x07, 0x06, 0x0C, 0x1C, 0x18, 0x30, 0x30, 0x60, 0x38, 0x03, 0x0F, 0x00, 0xC3, 0xC0,
    0x30, 0xD8, 0x0C, 0x37, 0x03, 0x0C, 0xC0, 0xC3, 0x18, 0x30, 0xC7, 0x0C, 0x30, 0xC3, 0x0C, 0x18,
    0xC3, 0x06, 0x30, 0xC0, 0xCC, 0x30, 0x3B, 0x0C, 0x06, 0xC3, 0x00, 0xF0, 0xC0, 0x3C, 0x30, 0x07,
    0x00, 0x03, 0xF0, 0x01, 0xFF, 0x80, 0x70, 0x38, 0x0C, 0x01, 0x83, 0x00, 0x30, 0x60, 0x03, 0x0C,
    0x00, 0x61, 0x80, 0x0C, 0x70, 0x01, 0x86, 0x00, 0x30, 0xC0, 0x06, 0x18, 0x00, 0xC3, 0x00, 0x30,
    0x30, 0x06, 0x07, 0x03, 0x80, 0x7F, 0xE0, 0x03, 0xF0, 0x00, 0x3F, 0xC0, 0xFF, 0xC3, 0x03, 0x8C,
    0x06, 0x30, 0x18, 0xC0, 0x63, 0x01, 0x8C, 0x0C, 0x3F, 0xF0, 0xFF, 0x03, 0x00, 0x0C, 0x00, 0x30,
    0x00, 0xC0, 0x03, 0x00, 0x0C, 0x00, 0x30, 0x00, 0x03, 0xF0, 0x01, 0xFF, 0x80, 0x70, 0x38, 0x0C,
    0x01, 0x83, 0x00, 0x30, 0x60, 0x03, 0x0C, 0x00, 0x61, 0x80, 0x0C, 0x70, 0x01, 0x86, 0x00, 0x30,
    0xC0, 0x06, 0x18, 0x00, 0xC3, 0x00, 0x30, 0x30, 0x06, 0x07, 0x03, 0x80, 0x7F, 0xE0, 0x03, 0xF8,
    0x00, 0x07, 0x00, 0x00, 0x70, 0x00, 0x07, 0x00, 0x00, 0x70, 0x3F, 0xC0, 0x7F, 0xE0, 0xC0, 0xE1,
    0x80, 0xC3, 0x01, 0x86, 0x03, 0x0C, 0x06, 0x18, 0x18, 0x3F, 0xE0, 0x7F, 0x80, 0xC3, 0x01, 0x83,
    0x03, 0x07, 0x06, 0x06, 0x0C, 0x06, 0x18, 0x0C, 0x30, 0x0C, 0x0F, 0xC0, 0xFF, 0x0C, 0x08, 0x60,
    0x07, 0x00, 0x18, 0x00, 0xE0, 0x03, 0xC0, 0x0F, 0x80, 0x0F, 0x00, 0x1C, 0x00, 0x60, 0x03, 0x00,
    0x18, 0x01, 0x8F, 0xFC, 0x3F, 0x80, 0xFF, 0xFF, 0xFF, 0xC0, 0xC0, 0x06, 0x00, 0x30, 0x01, 0x80,
    0x0C, 0x00, 0x60, 0x03, 0x00, 0x18, 0x00, 0xC0, 0x06, 0x00, 0x30, 0x01, 0x80, 0x0C, 0x00, 0x60,
    0x03, 0x00, 0x30, 0x06, 0x0C, 0x01, 0x83, 0x00, 0x60, 0xC0, 0x18, 0x30, 0x06, 0x0C, 0x01, 0x83,
    0x00, 0x60, 0xC0, 0x18, 0x30, 0x06, 0x0C, 0x01, 0x83, 0x00, 0x60, 0xC0, 0x18, 0x30, 0x06, 0x06,
    0x01, 0x81, 0xC0, 0xC0, 0x3F, 0xE0, 0x03, 0xF0, 0x00, 0xC0, 0x0C, 0xC0, 0x19, 0x80, 0x63, 0x00,
    0xC3, 0x01, 0x86, 0x06, 0x0C, 0x0C, 0x0C, 0x18, 0x18, 0x60, 0x30, 0xC0, 0x33, 0x80, 0x66, 0x00,
    0x6C, 0x00, 0xF0, 0x01, 0xE0, 0x01, 0xC0, 0x03, 0x00, 0xE0, 0x30, 0x0D, 0x80, 0xC0, 0x66, 0x07,
    0x81, 0x98, 0x1E, 0x06, 0x30, 0x48, 0x18, 0xC3, 0x30, 0xC3, 0x0C, 0xC3, 0x0C, 0x33, 0x0C, 0x19,
    0x86, 0x30, 0x66, 0x19, 0x81, 0x98, 0x66, 0x06, 0x40, 0x98, 0x0F, 0x03, 0x40, 0x3C, 0x0F, 0x00,
    0xF0, 0x3C, 0x01, 0x80, 0x70, 0x06, 0x01, 0x80, 0x60, 0x19, 0xC0, 0xC3, 0x03, 0x06, 0x18, 0x1C,
    0xC0, 0x33, 0x00, 0x78, 0x01, 0xC0, 0x03, 0x00, 0x1E, 0x00, 0xDC, 0x03, 0x30, 0x18, 0x60, 0xC1,
    0xC3, 0x03, 0x18, 0x06, 0xE0, 0x18, 0xC0, 0x19, 0x80, 0xE7, 0x03, 0x0C, 0x1C, 0x38, 0x60, 0x63,
    0x00, 0xCC, 0x03, 0x60, 0x07, 0x80, 0x1C, 0x00, 0x30, 0x00, 0xC0, 0x03, 0x00, 0x0C, 0x00, 0x30,
    0x00, 0xC0, 0x03, 0x00, 0x7F, 0xF9, 0xFF, 0xC0, 0x03, 0x00, 0x18, 0x00, 0xE0, 0x03, 0x00, 0x18,
    0x00, 0xE0, 0x03, 0x00, 0x18, 0x00, 0xE0, 0x03, 0x00, 0x18, 0x00, 0xC0, 0x03, 0x00, 0x1F, 0xFE,
    0x7F, 0xF8, 0x3E, 0x3E, 0x30, 0x30, 0x30, 0x30, 0x30, 0x30, 0x30, 0x30, 0x30, 0x30, 0x30, 0x30,
    0x30, 0x30, 0x30, 0x30, 0x30, 0x3E, 0x3E, 0xC0, 0x30, 0x18, 0x04, 0x03, 0x01, 0x80, 0x60, 0x30,
    0x18, 0x06, 0x03, 0x00, 0x80, 0x60, 0x30, 0x0C, 0x06, 0x03, 0x00, 0x7C, 0x7C, 0x0C, 0x0C, 0x0C,
    0x0C, 0x0C, 0x0C, 0x0C, 0x0C, 0x0C, 0x0C, 0x0C, 0x0C, 0x0C, 0x0C, 0x0C, 0x0C, 0x0C, 0x7C, 0x7C,
    0x02, 0x00, 0x1C, 0x00, 0x70, 0x03, 0x60, 0x0C, 0x80, 0x23, 0x01, 0x86, 0x04, 0x18, 0x30, 0x30,
    0x80, 0xC6, 0x01, 0x80, 0x00, 0x00, 0x00, 0x00, 0x00, 0x00, 0x00, 0x00, 0x00, 0x00, 0x00, 0x00,
    0x00, 0x7F, 0xF0, 0x00, 0x70, 0x60, 0x60, 0x60, 0x00, 0x00, 0x00, 0x00, 0x00, 0x00, 0x00, 0x00,
    0x00, 0x00, 0x00, 0x00, 0x00, 0x0F, 0x80, 0xFF, 0x00, 0x18, 0x00, 0xC0, 0x06, 0x07, 0xF0, 0xF9,
    0x86, 0x0C, 0x60, 0x63, 0x03, 0x1C, 0x38, 0x7F, 0x41, 0xF2, 0x00, 0x30, 0x00, 0x60, 0x00, 0xC0,
    0x01, 0x80, 0x03, 0x00, 0x06, 0x78, 0x0F, 0xFC, 0x1C, 0x18, 0x30, 0x18, 0x60, 0x30, 0xC0, 0x61,
    0x80, 0xC3, 0x01, 0x86, 0x03, 0x0C, 0x06, 0x1C, 0x18, 0x3F, 0xF0, 0x67, 0x80, 0x07, 0xC1, 0xFC,
    0x38, 0x03, 0x00, 0x30, 0x06, 0x00, 0x60, 0x06, 0x00, 0x30, 0x03, 0x00, 0x38, 0x01, 0xFE, 0x07,
    0xC0, 0x00, 0x18, 0x00, 0x30, 0x00, 0x60, 0x00, 0xC0, 0x01, 0x81, 0xF3, 0x07, 0xF6, 0x1C, 0x1C,
    0x30, 0x38, 0x60, 0x71, 0x80, 0x63, 0x00, 0xC6, 0x01, 0x86, 0x03, 0x0C, 0x0E, 0x1C, 0x1C, 0x1F,
    0xD8, 0x1F, 0x30, 0x07, 0x80, 0xFF, 0x0E, 0x18, 0x60, 0x63, 0x03, 0x3F, 0xF9, 0xFF, 0xCC, 0x00,
    0x30, 0x01, 0x80, 0x0E, 0x00, 0x3F, 0xE0, 0x7E, 0x00, 0x0F, 0x87, 0xE1, 0x80, 0x60, 0x18, 0x1F,
    0xC7, 0xE0, 0x60, 0x18, 0x06, 0x01, 0x80, 0x60, 0x18, 0x06, 0x01, 0x80, 0x60, 0x18, 0x06, 0x00,
    0x0F, 0xF1, 0xFF, 0x8C, 0x18, 0xE0, 0xC6, 0x06, 0x18, 0x30, 0xF7, 0x03, 0xF0, 0x10, 0x01, 0x80,
    0x0C, 0x00, 0x3F, 0x83, 0xFF, 0x30, 0x19, 0x00, 0xD8, 0x06, 0x60, 0x33, 0xFF, 0x07, 0xE0, 0x30,
    0x00, 0x60, 0x00, 0xC0, 0x01, 0x80, 0x03, 0x00, 0x06, 0x7C, 0x0D, 0xFC, 0x1C, 0x18, 0x38, 0x18,
    0x60, 0x30, 0xC0, 0x61, 0x80, 0xC3, 0x01, 0x86, 0x03, 0x0C, 0x06, 0x18, 0x0C, 0x30, 0x18, 0x60,
    0x30, 0x00, 0xC3, 0x00, 0x00, 0xC3, 0x0C, 0x30, 0xC3, 0x0C, 0x30, 0xC3, 0x0C, 0x30, 0xC0, 0x00,
    0x0C, 0x0C, 0x00, 0x00, 0x0C, 0x0C, 0x0C, 0x0C, 0x0C, 0x0C, 0x0C, 0x0C, 0x0C, 0x0C, 0x0C, 0x0C,
    0x0C, 0x0C, 0x0C, 0x0C, 0x0C, 0x78, 0x70, 0x30, 0x01, 0x80, 0x0C, 0x00, 0x60, 0x03, 0x00, 0x18,
    0x38, 0xC3, 0x86, 0x38, 0x31, 0x81, 0x98, 0x0D, 0x80, 0x7E, 0x03, 0xB0, 0x18, 0xC0, 0xC7, 0x06,
    0x1C, 0x30, 0x61, 0x81, 0x80, 0x30, 0xC3, 0x0C, 0x30, 0xC3, 0x0C, 0x30, 0xC3, 0x0C, 0x30, 0xC3,
    0x0C, 0x30, 0xC0, 0x33, 0xC3, 0xC0, 0xFF, 0xBF, 0x83, 0x83, 0x83, 0x0C, 0x0E, 0x0C, 0x30, 0x30,
    0x30, 0xC0, 0xC0, 0xC3, 0x03, 0x03, 0x0C, 0x0C, 0x0C, 0x30, 0x30, 0x30, 0xC0, 0xC0, 0xC3, 0x03,
    0x03, 0x0C, 0x0C, 0x0C, 0x30, 0x30, 0x30, 0x33, 0xE0, 0x6F, 0xE0, 0xE0, 0xC1, 0xC0, 0xC3, 0x01,
    0x86, 0x03, 0x0C, 0x06, 0x18, 0x0C, 0x30, 0x18, 0x60, 0x30, 0xC0, 0x61, 0x80, 0xC3, 0x01, 0x80,
    0x07, 0xC0, 0x7F, 0x83, 0x83, 0x0C, 0x0E, 0x30, 0x19, 0x80, 0x66, 0x01, 0x98, 0x06, 0x30, 0x18,
    0xC0, 0xE3, 0x83, 0x07, 0xF8, 0x07, 0xC0, 0x33, 0xC0, 0x6F, 0xE0, 0xE0, 0xC1, 0xC0, 0xC3, 0x01,
    0x86, 0x03, 0x0C, 0x06, 0x18, 0x0C, 0x30, 0x18, 0x70, 0x30, 0xE0, 0xC1, 0xFF, 0x83, 0x3C, 0x06,
    0x00, 0x0C, 0x00, 0x18, 0x00, 0x30, 0x00, 0x60, 0x00, 0xC0, 0x00, 0x0F, 0x98, 0x3F, 0xB0, 0xE1,
    0xE1, 0x81, 0xC3, 0x03, 0x8C, 0x03, 0x18, 0x06, 0x30, 0x0C, 0x30, 0x18, 0x60, 0x70, 0xE0, 0xE0,
    0xFE, 0xC0, 0xF9, 0x80, 0x03, 0x00, 0x06, 0x00, 0x0C, 0x00, 0x18, 0x00, 0x30, 0x00, 0x60, 0x33,
    0x8D, 0xE3, 0xC0, 0xE0, 0x30, 0x0C, 0x03, 0x00, 0xC0, 0x30, 0x0C, 0x03, 0x00, 0xC0, 0x30, 0x00,
    0x1F, 0x87, 0xF9, 0x80, 0x30, 0x07, 0x00, 0x78, 0x03, 0xC0, 0x1E, 0x00, 0xC0, 0x18, 0x03, 0x3F,
    0xE3, 0xF0, 0x10, 0x08, 0x0C, 0x0F, 0xE7, 0xE1, 0x80, 0xC0, 0x60, 0x30, 0x18, 0x0C, 0x06, 0x03,
    0x01, 0xC0, 0x7C, 0x1E, 0x30, 0x18, 0x60, 0x30, 0xC0, 0x61, 0x80, 0xC3, 0x01, 0x86, 0x03, 0x0C,
    0x06, 0x18, 0x0C, 0x30, 0x18, 0x60, 0x70, 0xE1, 0xE0, 0xFE, 0xC0, 0xF9, 0x80, 0xC0, 0x36, 0x06,
    0x60, 0x66, 0x06, 0x30, 0xC3, 0x0C, 0x30, 0xC1, 0x98, 0x19, 0x80, 0x90, 0x0F, 0x00, 0xF0, 0x06,
    0x00, 0xC0, 0xE0, 0xCC, 0x1C, 0x19, 0x83, 0x83, 0x30, 0xD0, 0xC2, 0x1B, 0x18, 0x62, 0x63, 0x0C,
    0xC4, 0x61, 0x98, 0xD8, 0x12, 0x1B, 0x03, 0xC3, 0x60, 0x78, 0x38, 0x0E, 0x07, 0x00, 0xC0, 0xE0,
    0x60, 0x71, 0x83, 0x0E, 0x30, 0x33, 0x00, 0xD8, 0x03, 0x80, 0x1C, 0x01, 0xE0, 0x0D, 0x80, 0xCE,
    0x0C, 0x30, 0x60, 0xC6, 0x03, 0x00, 0xC0, 0x33, 0x03, 0x18, 0x18, 0xC0, 0xC3, 0x0C, 0x18, 0x60,
    0x63, 0x03, 0x30, 0x19, 0x80, 0x68, 0x03, 0xC0, 0x0E, 0x00, 0x60, 0x03, 0x00, 0x18, 0x01, 0x80,
    0x0C, 0x07, 0xC0, 0x3C, 0x00, 0x7F, 0xC7, 0xF8, 0x06, 0x00, 0xC0, 0x30, 0x0C, 0x01, 0x80, 0x60,
    0x18, 0x07, 0x00, 0xC0, 0x3F, 0xE7, 0xFC, 0x03, 0x07, 0x83, 0x01, 0x80, 0x80, 0x40, 0x20, 0x10,
    0x18, 0x38, 0x1C, 0x03, 0x01, 0x80, 0x40, 0x20, 0x10, 0x08, 0x06, 0x03, 0x01, 0xE0, 0x30, 0x02,
    0x00, 0x10, 0x00, 0x80, 0x04, 0x00, 0x20, 0x01, 0x00, 0x08, 0x00, 0x40, 0x02, 0x00, 0x10, 0x00,
    0x80, 0x04, 0x00, 0x20, 0x01, 0x00, 0x08, 0x00, 0x40, 0x02, 0x00, 0x10, 0x00, 0x80, 0x04, 0x00,
    0x20, 0x01, 0x00, 0x08, 0x00, 0x40, 0x60, 0x3C, 0x06, 0x03, 0x00, 0x80, 0x40, 0x20, 0x10, 0x0C,
    0x03, 0x81, 0xC1, 0x80, 0xC0, 0x40, 0x20, 0x10, 0x08, 0x0C, 0x06, 0x0F, 0x06, 0x00, 0x3E, 0x01,
    0xFF, 0xC4, 0x1E, 0x00, 0x00, 0x00, 0x00, 0x00, 0x00, 0x00, 0x00, 0x00, 0x00, 0x00, 0x00, 0x00,
};

static const GFXglyph OpenSansRegular24pt7bGlyphs[] PROGMEM = {
    {     0,   0,   0,   6,    0,   26 },  // ' '
    {     0,   6,  17,   6,    0,    9 },  // '!'
    {    13,  10,  17,  10,    0,    9 },  // '"'
    {    35,  16,  17,  16,    0,    9 },  // '#'
    {    69,  14,  19,  14,    0,    8 },  // '$'
    {   103,  20,  17,  20,    0,    9 },  // '%'
    {   146,  18,  17,  17,    0,    9 },  // '&'
    {   185,   5,  17,   5,    0,    9 },  // "'"
    {   196,   7,  21,   7,    0,    9 },  // '('
    {   215,   7,  21,   7,    0,    9 },  // ')'
    {   234,  13,  18,  13,    0,    8 },  // '*'
    {   264,  14,  15,  14,    0,   11 },  // '+'
    {   291,   6,   6,   6,    0,   23 },  // ','
    {   296,   8,   8,   8,    0,   18 },  // '-'
    {   304,   6,   4,   6,    0,   22 },  // '.'
    {   307,   9,  17,   9,    0,    9 },  // '/'
    {   327,  14,  17,  14,    0,    9 },  // '0'
    {   357,  14,  17,  14,    0,    9 },  // '1'
    {   387,  14,  17,  14,    0,    9 },  // '2'
    {   417,  14,  17,  14,    0,    9 },  // '3'
    {   447,  14,  17,  14,    0,    9 },  // '4'
    {   477,  14,  17,  14,    0,    9 },  // '5'
    {   507,  14,  17,  14,    0,    9 },  // '6'
    {   537,  14,  17,  14,    0,    9 },  // '7'
    {   567,  14,  17,  14,    0,    9 },  // '8'
    {   597,  14,  17,  14,    0,    9 },  // '9'
    {   627,   6,  13,   6,    0,   13 },  // ':'
    {   637,   6,  16,   6,    0,   13 },  // ';'
    {   649,  14,  15,  14,    0,   11 },  // '<'
    {   676,  14,  12,  14,    0,   14 },  // '='
    {   697,  14,  15,  14,    0,   11 },  // '>'
    {   724,  10,  17,  10,    0,    9 },  // '?'
    {   746,  22,  19,  22,    0,    9 },  // '@'
    {   799,  16,  17,  15,    0,    9 },  // 'A'
    {   833,  16,  17,  16,    0,    9 },  // 'B'
    {   867,  15,  17,  15,    0,    9 },  // 'C'
    {   899,  17,  17,  17,    0,    9 },  // 'D'
    {   936,  13,  17,  13,    0,    9 },  // 'E'
    {   964,  12,  17,  12,    0,    9 },  // 'F'
    {   990,  17,  17,  17,    0,    9 },  // 'G'
    {  1027,  18,  17,  18,    0,    9 },  // 'H'
    {  1066,   7,  17,   7,    0,    9 },  // 'I'
    {  1081,   8,  22,   6,   -2,    9 },  // 'J'
    {  1103,  15,  17,  15,    0,    9 },  // 'K'
    {  1135,  13,  17,  13,    0,    9 },  // 'L'
    {  1163,  22,  17,  22,    0,    9 },  // 'M'
    {  1210,  18,  17,  18,    0,    9 },  // 'N'
    {  1249,  19,  17,  19,    0,    9 },  // 'O'
    {  1290,  14,  17,  14,    0,    9 },  // 'P'
    {  1320,  19,  21,  19,    0,    9 },  // 'Q'
    {  1370,  15,  17,  15,    0,    9 },  // 'R'
    {  1402,  13,  17,  13,    0,    9 },  // 'S'
    {  1430,  13,  17,  13,    0,    9 },  // 'T'
    {  1458,  18,  17,  18,    0,    9 },  // 'U'
    {  1497,  15,  17,  14,    0,    9 },  // 'V'
    {  1529,  22,  17,  22,    0,    9 },  // 'W'
    {  1576,  14,  17,  14,    0,    9 },  // 'X'
    {  1606,  14,  17,  13,    0,    9 },  // 'Y'
    {  1636,  14,  17,  14,    0,    9 },  // 'Z'
    {  1666,   8,  21,   8,    0,    9 },  // '['
    {  1687,   9,  17,   9,    0,    9 },  // '\\'
    {  1707,   8,  21,   8,    0,    9 },  // ']'
    {  1728,  14,  17,  14,    0,    9 },  // '^'
    {  1758,  12,   4,  11,   -1,   26 },  // '_'
    {  1764,   7,  19,   7,    0,    7 },  // '`'
    {  1781,  13,  13,  13,    0,   13 },  // 'a'
    {  1803,  15,  18,  15,    0,    8 },  // 'b'
    {  1837,  12,  13,  12,    0,   13 },  // 'c'
    {  1857,  15,  18,  15,    0,    8 },  // 'd'
    {  1891,  13,  13,  13,    0,   13 },  // 'e'
    {  1913,  10,  18,   8,    0,    8 },  // 'f'
    {  1936,  13,  19,  13,    0,   13 },  // 'g'
    {  1967,  15,  18,  15,    0,    8 },  // 'h'
    {  2001,   6,  18,   6,    0,    8 },  // 'i'
    {  2015,   8,  24,   6,   -2,    8 },  // 'j'
    {  2039,  13,  18,  13,    0,    8 },  // 'k'
    {  2069,   6,  18,   6,    0,    8 },  // 'l'
    {  2083,  22,  13,  22,    0,   13 },  // 'm'
    {  2119,  15,  13,  15,    0,   13 },  // 'n'
    {  2144,  14,  13,  14,    0,   13 },  // 'o'
    {  2167,  15,  19,  15,    0,   13 },  // 'p'
    {  2203,  15,  19,  15,    0,   13 },  // 'q'
    {  2239,  10,  13,  10,    0,   13 },  // 'r'
    {  2256,  11,  13,  11,    0,   13 },  // 's'
    {  2274,   9,  16,   9,    0,   10 },  // 't'
    {  2292,  15,  13,  15,    0,   13 },  // 'u'
    {  2317,  12,  13,  12,    0,   13 },  // 'v'
    {  2337,  19,  13,  19,    0,   13 },  // 'w'
    {  2368,  13,  13,  13,    0,   13 },  // 'x'
    {  2390,  13,  19,  12,    0,   13 },  // 'y'
    {  2421,  11,  13,  11,    0,   13 },  // 'z'
    {  2439,   9,  21,   9,    0,    9 },  // '{'
    {  2463,  13,  24,  13,    0,    8 },  // '|'
    {  2502,   9,  21,   9,    0,    9 },  // '}'
    {  2526,  14,  10,  14,    0,   16 },  // '~'
};

static const GFXfont OpenSansRegular24pt7b PROGMEM = {
    (uint8_t  *)OpenSansRegular24pt7bBitmaps,
    (GFXglyph *)OpenSansRegular24pt7bGlyphs,
    32, 126, 34
};

// Auto-generated font: OpenSansBold9pt7b at 9pt
// Source: OpenSans-Bold.ttf

#include <Adafruit_GFX.h>

static const uint8_t PROGMEM OpenSansBold9pt7bBitmaps[] = {
    0x49, 0x20, 0x10, 0x75, 0x00, 0x00, 0x00, 0x28, 0xA7, 0xC4, 0xF9, 0x45, 0x00, 0x23, 0xB8, 0xC3,
    0x1D, 0xC4, 0x64, 0xA4, 0xA8, 0x7E, 0x15, 0x35, 0x26, 0x70, 0xB1, 0xC3, 0xAD, 0xDB, 0x9F, 0x00,
    0x50, 0x00, 0x49, 0x6C, 0x92, 0x49, 0xB6, 0xD2, 0x27, 0x9C, 0xA0, 0x00, 0x00, 0x21, 0x3E, 0x42,
    0x00, 0x50, 0x1C, 0x00, 0x08, 0x22, 0x24, 0x44, 0x80, 0x72, 0xB7, 0xBD, 0xAD, 0xC0, 0x33, 0x8C,
    0x63, 0x18, 0xC0, 0x72, 0xC6, 0x22, 0x23, 0xE0, 0x70, 0xC4, 0xE1, 0x8D, 0xC0, 0x11, 0x8C, 0xAD,
    0x7C, 0x40, 0x72, 0x1C, 0x31, 0x8D, 0xC0, 0x32, 0x3D, 0xBC, 0xAD, 0xC0, 0xF8, 0xC4, 0x62, 0x11,
    0x80, 0x72, 0xD4, 0xED, 0xED, 0xC0, 0x76, 0xF7, 0xB7, 0x89, 0x80, 0x40, 0x04, 0x40, 0x05, 0x00,
    0x09, 0xB0, 0x60, 0x80, 0xF8, 0x3E, 0x00, 0x00, 0x83, 0x06, 0xE8, 0x00, 0xE0, 0x8C, 0x44, 0x01,
    0x00, 0x3C, 0x62, 0x5E, 0x65, 0xA4, 0x5E, 0x40, 0x3C, 0x30, 0x61, 0xA2, 0x47, 0x99, 0xB1, 0x00,
    0x79, 0x24, 0x9E, 0x49, 0x27, 0x80, 0x39, 0x84, 0x10, 0x41, 0x83, 0x80, 0x78, 0x99, 0x12, 0x24,
    0x49, 0x9E, 0x00, 0x7A, 0x10, 0xE4, 0x21, 0xE0, 0x72, 0x10, 0xE4, 0x21, 0x00, 0x38, 0xC1, 0x02,
    0xE4, 0xCD, 0x8F, 0x00, 0x44, 0x89, 0x13, 0xE4, 0x48, 0x91, 0x00, 0x49, 0x24, 0x90, 0x22, 0x22,
    0x22, 0x22, 0xC0, 0x4D, 0x67, 0x1C, 0x59, 0x24, 0xC0, 0x42, 0x10, 0x84, 0x21, 0xE0, 0x63, 0x67,
    0x67, 0x57, 0x5F, 0x5B, 0x5B, 0x66, 0xCD, 0xDA, 0xB5, 0xE9, 0xD1, 0x80, 0x38, 0xD9, 0x1A, 0x34,
    0x6D, 0x8E, 0x00, 0x71, 0x24, 0x96, 0x71, 0x04, 0x00, 0x38, 0xD9, 0x1A, 0x34, 0x6D, 0x8E, 0x06,
    0x79, 0x24, 0x9C, 0x59, 0x24, 0xC0, 0x72, 0x10, 0xE1, 0x0D, 0xC0, 0xF8, 0x82, 0x08, 0x20, 0x82,
    0x00, 0x44, 0x89, 0x12, 0x24, 0x4D, 0x8E, 0x00, 0xCF, 0x24, 0x96, 0x70, 0xC3, 0x00, 0x89, 0xEC,
    0x97, 0x4A, 0xA7, 0x73, 0xB0, 0x98, 0xCD, 0x23, 0x0C, 0x71, 0x2C, 0xC0, 0xC9, 0x67, 0x0C, 0x30,
    0x82, 0x00, 0xF8, 0xCC, 0x46, 0x23, 0xE0, 0x69, 0x24, 0x93, 0x84, 0x44, 0x22, 0x20, 0xC9, 0x24,
    0x96, 0x23, 0x95, 0x10, 0x00, 0x03, 0x80, 0x44, 0x00, 0x00, 0x70, 0xDF, 0xB7, 0x80, 0x41, 0x07,
    0x92, 0x49, 0x27, 0x80, 0x72, 0x30, 0x87, 0x00, 0x08, 0x27, 0x96, 0xC9, 0x67, 0x80, 0x72, 0xFE,
    0x87, 0x80, 0x74, 0xE4, 0x44, 0x40, 0x7E, 0x9C, 0x87, 0xCF, 0xC0, 0x41, 0x07, 0x92, 0x49, 0x24,
    0x80, 0x08, 0x24, 0x92, 0x02, 0x02, 0x22, 0x22, 0x2E, 0x41, 0x05, 0x94, 0x71, 0x44, 0x80, 0x49,
    0x24, 0x90, 0x7F, 0x24, 0x92, 0x49, 0x24, 0x90, 0x79, 0x24, 0x92, 0x48, 0x71, 0x6C, 0x96, 0x70,
    0x79, 0x24, 0x92, 0x79, 0x04, 0x00, 0x79, 0x6C, 0x96, 0x78, 0x20, 0x80, 0x76, 0x44, 0x40, 0x76,
    0x1C, 0x27, 0x00, 0x4F, 0x44, 0x47, 0x49, 0x24, 0x92, 0x78, 0xC9, 0x65, 0x1C, 0x20, 0xDA, 0x5A,
    0x6E, 0x6E, 0x64, 0xD9, 0xC3, 0x1C, 0xD8, 0xC9, 0x65, 0x1C, 0x20, 0x8C, 0x00, 0xF1, 0x98, 0x8F,
    0x00, 0x26, 0x44, 0xC4, 0x42, 0x21, 0x08, 0x42, 0x10, 0x84, 0x20, 0xC4, 0x46, 0x24, 0x4C, 0x61,
    0x80, 0x00,
};

static const GFXglyph OpenSansBold9pt7bGlyphs[] PROGMEM = {
    {     0,   0,   0,   2,    0,   10 },  // ' '
    {     0,   3,   7,   3,    0,    3 },  // '!'
    {     3,   4,   7,   4,    0,    3 },  // '"'
    {     7,   6,   7,   6,    0,    3 },  // '#'
    {    13,   5,   8,   5,    0,    3 },  // '$'
    {    18,   8,   7,   8,    0,    3 },  // '%'
    {    25,   7,   7,   7,    0,    3 },  // '&'
    {    32,   2,   7,   2,    0,    3 },  // "'"
    {    34,   3,   8,   3,    0,    3 },  // '('
    {    37,   3,   8,   3,    0,    3 },  // ')'
    {    40,   5,   7,   5,    0,    3 },  // '*'
    {    45,   5,   6,   5,    0,    4 },  // '+'
    {    49,   3,   2,   3,    0,    9 },  // ','
    {    50,   3,   4,   3,    0,    6 },  // '-'
    {    52,   3,   2,   3,    0,    8 },  // '.'
    {    53,   4,   7,   4,    0,    3 },  // '/'
    {    57,   5,   7,   5,    0,    3 },  // '0'
    {    62,   5,   7,   5,    0,    3 },  // '1'
    {    67,   5,   7,   5,    0,    3 },  // '2'
    {    72,   5,   7,   5,    0,    3 },  // '3'
    {    77,   5,   7,   5,    0,    3 },  // '4'
    {    82,   5,   7,   5,    0,    3 },  // '5'
    {    87,   5,   7,   5,    0,    3 },  // '6'
    {    92,   5,   7,   5,    0,    3 },  // '7'
    {    97,   5,   7,   5,    0,    3 },  // '8'
    {   102,   5,   7,   5,    0,    3 },  // '9'
    {   107,   3,   5,   3,    0,    5 },  // ':'
    {   109,   3,   6,   3,    0,    5 },  // ';'
    {   112,   5,   6,   5,    0,    4 },  // '<'
    {   116,   5,   5,   5,    0,    5 },  // '='
    {   120,   5,   6,   5,    0,    4 },  // '>'
    {   124,   5,   7,   4,    0,    3 },  // '?'
    {   129,   8,   8,   8,    0,    3 },  // '@'
    {   137,   7,   7,   6,    0,    3 },  // 'A'
    {   144,   6,   7,   6,    0,    3 },  // 'B'
    {   150,   6,   7,   6,    0,    3 },  // 'C'
    {   156,   7,   7,   7,    0,    3 },  // 'D'
    {   163,   5,   7,   5,    0,    3 },  // 'E'
    {   168,   5,   7,   5,    0,    3 },  // 'F'
    {   173,   7,   7,   7,    0,    3 },  // 'G'
    {   180,   7,   7,   7,    0,    3 },  // 'H'
    {   187,   3,   7,   3,    0,    3 },  // 'I'
    {   190,   4,   9,   3,   -1,    3 },  // 'J'
    {   195,   6,   7,   6,    0,    3 },  // 'K'
    {   201,   5,   7,   5,    0,    3 },  // 'L'
    {   206,   8,   7,   8,    0,    3 },  // 'M'
    {   213,   7,   7,   7,    0,    3 },  // 'N'
    {   220,   7,   7,   7,    0,    3 },  // 'O'
    {   227,   6,   7,   6,    0,    3 },  // 'P'
    {   233,   7,   8,   7,    0,    3 },  // 'Q'
    {   240,   6,   7,   6,    0,    3 },  // 'R'
    {   246,   5,   7,   5,    0,    3 },  // 'S'
    {   251,   6,   7,   5,    0,    3 },  // 'T'
    {   257,   7,   7,   7,    0,    3 },  // 'U'
    {   264,   6,   7,   6,    0,    3 },  // 'V'
    {   270,   9,   7,   9,    0,    3 },  // 'W'
    {   278,   6,   7,   6,    0,    3 },  // 'X'
    {   284,   6,   7,   6,    0,    3 },  // 'Y'
    {   290,   5,   7,   5,    0,    3 },  // 'Z'
    {   295,   3,   8,   3,    0,    3 },  // '['
    {   298,   4,   7,   4,    0,    3 },  // '\\'
    {   302,   3,   8,   3,    0,    3 },  // ']'
    {   305,   5,   6,   5,    0,    4 },  // '^'
    {   309,   5,   2,   4,   -1,   10 },  // '_'
    {   311,   3,   8,   3,    0,    2 },  // '`'
    {   314,   5,   5,   5,    0,    5 },  // 'a'
    {   318,   6,   7,   6,    0,    3 },  // 'b'
    {   324,   5,   5,   5,    0,    5 },  // 'c'
    {   328,   6,   7,   6,    0,    3 },  // 'd'
    {   334,   5,   5,   5,    0,    5 },  // 'e'
    {   338,   4,   7,   3,    0,    3 },  // 'f'
    {   342,   5,   7,   5,    0,    5 },  // 'g'
    {   347,   6,   7,   6,    0,    3 },  // 'h'
    {   353,   3,   8,   3,    0,    2 },  // 'i'
    {   356,   4,  10,   3,   -1,    2 },  // 'j'
    {   361,   6,   7,   6,    0,    3 },  // 'k'
    {   367,   3,   7,   3,    0,    3 },  // 'l'
    {   370,   9,   5,   9,    0,    5 },  // 'm'
    {   376,   6,   5,   6,    0,    5 },  // 'n'
    {   380,   6,   5,   6,    0,    5 },  // 'o'
    {   384,   6,   7,   6,    0,    5 },  // 'p'
    {   390,   6,   7,   6,    0,    5 },  // 'q'
    {   396,   4,   5,   4,    0,    5 },  // 'r'
    {   399,   5,   5,   4,    0,    5 },  // 's'
    {   403,   4,   6,   4,    0,    4 },  // 't'
    {   406,   6,   5,   6,    0,    5 },  // 'u'
    {   410,   6,   5,   5,    0,    5 },  // 'v'
    {   414,   8,   5,   8,    0,    5 },  // 'w'
    {   419,   6,   5,   5,    0,    5 },  // 'x'
    {   423,   6,   7,   5,    0,    5 },  // 'y'
    {   429,   5,   5,   4,    0,    5 },  // 'z'
    {   433,   4,   8,   4,    0,    3 },  // '{'
    {   437,   5,   9,   5,    0,    3 },  // '|'
    {   443,   4,   8,   4,    0,    3 },  // '}'
    {   447,   5,   4,   5,    0,    6 },  // '~'
};

static const GFXfont OpenSansBold9pt7b PROGMEM = {
    (uint8_t  *)OpenSansBold9pt7bBitmaps,
    (GFXglyph *)OpenSansBold9pt7bGlyphs,
    32, 126, 13
};

// Auto-generated font: OpenSansBold12pt7b at 12pt
// Source: OpenSans-Bold.ttf

#include <Adafruit_GFX.h>

static const uint8_t PROGMEM OpenSansBold12pt7bBitmaps[] = {
    0x6D, 0xB6, 0x83, 0x60, 0x59, 0x65, 0x80, 0x00, 0x00, 0x00, 0x00, 0x14, 0x14, 0x34, 0x7E, 0x2C,
    0xFE, 0x68, 0x68, 0x68, 0x10, 0x79, 0xF3, 0x87, 0x03, 0x87, 0x2E, 0x78, 0x20, 0x71, 0x0A, 0x63,
    0x48, 0x2B, 0x07, 0x5C, 0x1A, 0x82, 0xD0, 0xCA, 0x11, 0xC0, 0x38, 0x36, 0x1B, 0x07, 0x07, 0x93,
    0x79, 0x1C, 0xFE, 0x3F, 0x80, 0x49, 0x00, 0x00, 0x00, 0x26, 0x64, 0x44, 0x44, 0x66, 0x20, 0x46,
    0x22, 0x23, 0x32, 0x26, 0x40, 0x10, 0x23, 0xF1, 0xC3, 0x85, 0x00, 0x00, 0x00, 0x10, 0x20, 0x43,
    0xE1, 0x02, 0x00, 0x00, 0x6B, 0x00, 0x0F, 0x00, 0x6C, 0x18, 0x8C, 0x62, 0x31, 0x88, 0xC0, 0x38,
    0xF9, 0x36, 0x2C, 0x58, 0x93, 0x3E, 0x38, 0x18, 0xF1, 0x60, 0xC1, 0x83, 0x06, 0x0C, 0x18, 0x38,
    0xF8, 0x30, 0x61, 0x83, 0x0C, 0x3E, 0xFC, 0x78, 0xF8, 0x30, 0xC3, 0x81, 0x83, 0x2E, 0x78, 0x0C,
    0x38, 0xF1, 0x64, 0xD9, 0xBF, 0x86, 0x0C, 0x7C, 0xF1, 0x83, 0xC5, 0xC1, 0x83, 0x3E, 0x78, 0x1C,
    0xE1, 0x03, 0xCE, 0xD8, 0x91, 0x3E, 0x38, 0xFC, 0xF8, 0x30, 0x41, 0x83, 0x0C, 0x18, 0x20, 0x38,
    0xD9, 0x33, 0xE3, 0x8D, 0xB1, 0x36, 0x78, 0x38, 0xFB, 0x36, 0x26, 0xCF, 0x83, 0x0C, 0x70, 0x6C,
    0x06, 0xC0, 0x6C, 0x00, 0xD6, 0x04, 0x39, 0xC3, 0x01, 0xC0, 0x80, 0x00, 0x00, 0xF8, 0x03, 0xE0,
    0x00, 0x00, 0x00, 0x40, 0xE0, 0x70, 0xE7, 0x08, 0x00, 0x00, 0x73, 0x60, 0x86, 0x30, 0x80, 0x08,
    0x20, 0x1F, 0x06, 0x31, 0xBF, 0x2D, 0xA5, 0x34, 0xA6, 0x96, 0xD2, 0x6C, 0x31, 0x03, 0xE0, 0x18,
    0x0E, 0x0F, 0x06, 0x82, 0x63, 0xF1, 0xF8, 0x86, 0xC3, 0x00, 0x7C, 0x6E, 0x66, 0x6E, 0x7C, 0x66,
    0x66, 0x7E, 0x7C, 0x1E, 0x3E, 0x60, 0x60, 0x60, 0x60, 0x60, 0x7E, 0x1E, 0x7C, 0x37, 0x18, 0xCC,
    0x66, 0x33, 0x19, 0x8C, 0xFC, 0x7C, 0x00, 0x7C, 0xC1, 0x83, 0xC7, 0xCC, 0x18, 0x3E, 0x7C, 0x7C,
    0xC1, 0x83, 0x07, 0xCC, 0x18, 0x30, 0x60, 0x1E, 0x1F, 0x18, 0x0C, 0x06, 0xF3, 0x39, 0x8C, 0x7E,
    0x1E, 0x00, 0x63, 0x31, 0x98, 0xCF, 0xE7, 0xF3, 0x19, 0x8C, 0xC6, 0x63, 0x00, 0x66, 0x66, 0x66,
    0x66, 0x60, 0x31, 0x8C, 0x63, 0x18, 0xC6, 0x31, 0x9D, 0xC0, 0x63, 0x66, 0x6C, 0x78, 0x78, 0x6C,
    0x6C, 0x66, 0x63, 0x60, 0xC1, 0x83, 0x06, 0x0C, 0x18, 0x3E, 0x7C, 0x70, 0xCE, 0x39, 0xC7, 0x3C,
    0xE7, 0xB4, 0xD4, 0x9B, 0x93, 0x72, 0x66, 0x40, 0x71, 0x9C, 0x67, 0x99, 0xE6, 0x6D, 0x9B, 0x66,
    0x79, 0x8E, 0x63, 0x80, 0x1E, 0x0F, 0xC6, 0x39, 0x86, 0x61, 0x98, 0x66, 0x18, 0xFC, 0x1E, 0x00,
    0x7C, 0x6E, 0x66, 0x66, 0x7E, 0x7C, 0x60, 0x60, 0x60, 0x1E, 0x0F, 0xC6, 0x39, 0x86, 0x61, 0x98,
    0x66, 0x18, 0xFC, 0x1E, 0x01, 0xC0, 0x30, 0x7C, 0x7E, 0x66, 0x66, 0x7E, 0x7C, 0x6C, 0x66, 0x63,
    0x3C, 0xF9, 0x03, 0x03, 0x83, 0x83, 0x3E, 0x78, 0xFE, 0xF8, 0x40, 0x81, 0x02, 0x04, 0x08, 0x10,
    0x63, 0x31, 0x98, 0xCC, 0x66, 0x33, 0x19, 0x8C, 0x7E, 0x1E, 0x00, 0xC3, 0xC2, 0x66, 0x66, 0x64,
    0x2C, 0x3C, 0x38, 0x18, 0xC6, 0x2C, 0x66, 0x4E, 0x66, 0xF6, 0x6B, 0x66, 0xB4, 0x39, 0xC3, 0x9C,
    0x31, 0xC0, 0xC2, 0x66, 0x3C, 0x3C, 0x18, 0x3C, 0x2C, 0x66, 0xC3, 0xC6, 0x66, 0x6C, 0x3C, 0x38,
    0x18, 0x18, 0x18, 0x18, 0xFE, 0xF8, 0x30, 0xC3, 0x06, 0x18, 0x3E, 0xFE, 0x76, 0x44, 0x44, 0x44,
    0x46, 0x70, 0xC2, 0x18, 0xC2, 0x18, 0xC2, 0x18, 0xE6, 0x22, 0x22, 0x22, 0x26, 0xE0, 0x10, 0x60,
    0xE3, 0x44, 0xD8, 0x80, 0x00, 0x00, 0x01, 0xF0, 0x63, 0x00, 0x00, 0x00, 0x00, 0x38, 0x59, 0xF3,
    0x26, 0xCE, 0x80, 0x60, 0x60, 0x60, 0x7C, 0x7E, 0x66, 0x66, 0x7E, 0x7C, 0x39, 0xE4, 0x10, 0x7C,
    0xE0, 0x06, 0x06, 0x06, 0x3E, 0x7E, 0x46, 0x46, 0x6E, 0x36, 0x3C, 0xD9, 0xFA, 0x06, 0x47, 0x80,
    0x39, 0xC6, 0x3E, 0x61, 0x86, 0x18, 0x60, 0x7E, 0xD9, 0xB3, 0xC4, 0x0F, 0xB3, 0xE6, 0x78, 0x60,
    0x60, 0x60, 0x7C, 0x7E, 0x66, 0x66, 0x66, 0x66, 0x46, 0x06, 0x66, 0x66, 0x60, 0x21, 0x80, 0x63,
    0x18, 0xC6, 0x31, 0x9D, 0xC0, 0x60, 0x60, 0x60, 0x66, 0x6C, 0x78, 0x78, 0x6C, 0x66, 0x66, 0x66,
    0x66, 0x66, 0x60, 0x7D, 0xC7, 0xFE, 0x66, 0x66, 0x66, 0x66, 0x66, 0x66, 0x7C, 0x7E, 0x66, 0x66,
    0x66, 0x66, 0x3C, 0xDD, 0x1A, 0x37, 0xE7, 0x80, 0x7C, 0x7E, 0x66, 0x66, 0x7E, 0x7C, 0x60, 0x60,
    0x60, 0x36, 0x7E, 0x46, 0x46, 0x6E, 0x36, 0x06, 0x06, 0x06, 0x59, 0xE6, 0x18, 0x61, 0x80, 0x79,
    0xA7, 0x0E, 0x59, 0xE0, 0x23, 0xD8, 0xC6, 0x38, 0xE0, 0x66, 0x66, 0x66, 0x66, 0x7E, 0x3E, 0xC6,
    0x99, 0xB3, 0x43, 0x87, 0x00, 0xCC, 0xC9, 0xD9, 0xFA, 0x3D, 0xC3, 0x38, 0x66, 0x00, 0x6C, 0xD8,
    0xE1, 0xC6, 0xD8, 0xC0, 0xC6, 0x99, 0xB3, 0x43, 0x87, 0x0C, 0x38, 0xE0, 0xF8, 0x63, 0x08, 0x63,
    0xF0, 0x31, 0x88, 0x46, 0x71, 0x84, 0x21, 0x8C, 0x10, 0x20, 0x40, 0x81, 0x02, 0x04, 0x08, 0x10,
    0x20, 0x40, 0x80, 0xE3, 0x18, 0x43, 0x1C, 0x8C, 0x63, 0x38, 0x70, 0x38, 0x00, 0x00, 0x00,
};

static const GFXglyph OpenSansBold12pt7bGlyphs[] PROGMEM = {
    {     0,   0,   0,   3,    0,   13 },  // ' '
    {     0,   3,   9,   3,    0,    4 },  // '!'
    {     4,   6,   9,   6,    0,    4 },  // '"'
    {    11,   8,   9,   8,    0,    4 },  // '#'
    {    20,   7,  10,   7,    0,    4 },  // '$'
    {    29,  11,   9,  11,    0,    4 },  // '%'
    {    42,   9,   9,   9,    0,    4 },  // '&'
    {    53,   3,   9,   3,    0,    4 },  // "'"
    {    57,   4,  11,   4,    0,    4 },  // '('
    {    63,   4,  11,   4,    0,    4 },  // ')'
    {    69,   7,   9,   7,    0,    4 },  // '*'
    {    77,   7,   8,   7,    0,    5 },  // '+'
    {    84,   3,   3,   3,    0,   12 },  // ','
    {    86,   4,   4,   4,    0,    9 },  // '-'
    {    88,   3,   2,   3,    0,   11 },  // '.'
    {    89,   5,   9,   5,    0,    4 },  // '/'
    {    95,   7,   9,   7,    0,    4 },  // '0'
    {   103,   7,   9,   7,    0,    4 },  // '1'
    {   111,   7,   9,   7,    0,    4 },  // '2'
    {   119,   7,   9,   7,    0,    4 },  // '3'
    {   127,   7,   9,   7,    0,    4 },  // '4'
    {   135,   7,   9,   7,    0,    4 },  // '5'
    {   143,   7,   9,   7,    0,    4 },  // '6'
    {   151,   7,   9,   7,    0,    4 },  // '7'
    {   159,   7,   9,   7,    0,    4 },  // '8'
    {   167,   7,   9,   7,    0,    4 },  // '9'
    {   175,   3,   6,   3,    0,    7 },  // ':'
    {   178,   3,   8,   3,    0,    7 },  // ';'
    {   181,   7,   7,   7,    0,    6 },  // '<'
    {   188,   7,   7,   7,    0,    6 },  // '='
    {   195,   7,   7,   7,    0,    6 },  // '>'
    {   202,   6,   9,   6,    0,    4 },  // '?'
    {   209,  11,  10,  11,    0,    4 },  // '@'
    {   223,   9,   9,   8,    0,    4 },  // 'A'
    {   234,   8,   9,   8,    0,    4 },  // 'B'
    {   243,   8,   9,   8,    0,    4 },  // 'C'
    {   252,   9,   9,   9,    0,    4 },  // 'D'
    {   263,   7,   9,   7,    0,    4 },  // 'E'
    {   271,   7,   9,   7,    0,    4 },  // 'F'
    {   279,   9,   9,   9,    0,    4 },  // 'G'
    {   290,   9,   9,   9,    0,    4 },  // 'H'
    {   301,   4,   9,   4,    0,    4 },  // 'I'
    {   306,   5,  12,   4,   -1,    4 },  // 'J'
    {   314,   8,   9,   8,    0,    4 },  // 'K'
    {   323,   7,   9,   7,    0,    4 },  // 'L'
    {   331,  11,   9,  11,    0,    4 },  // 'M'
    {   344,  10,   9,  10,    0,    4 },  // 'N'
    {   356,  10,   9,  10,    0,    4 },  // 'O'
    {   368,   8,   9,   8,    0,    4 },  // 'P'
    {   377,  10,  11,  10,    0,    4 },  // 'Q'
    {   391,   8,   9,   8,    0,    4 },  // 'R'
    {   400,   7,   9,   7,    0,    4 },  // 'S'
    {   408,   7,   9,   7,    0,    4 },  // 'T'
    {   416,   9,   9,   9,    0,    4 },  // 'U'
    {   427,   8,   9,   8,    0,    4 },  // 'V'
    {   436,  12,   9,  12,    0,    4 },  // 'W'
    {   450,   8,   9,   8,    0,    4 },  // 'X'
    {   459,   8,   9,   7,    0,    4 },  // 'Y'
    {   468,   7,   9,   7,    0,    4 },  // 'Z'
    {   476,   4,  11,   4,    0,    4 },  // '['
    {   482,   5,   9,   5,    0,    4 },  // '\\'
    {   488,   4,  11,   4,    0,    4 },  // ']'
    {   494,   7,   9,   7,    0,    4 },  // '^'
    {   502,   6,   2,   5,   -1,   13 },  // '_'
    {   504,   4,   9,   4,    0,    4 },  // '`'
    {   509,   7,   6,   7,    0,    7 },  // 'a'
    {   515,   8,   9,   8,    0,    4 },  // 'b'
    {   524,   6,   6,   6,    0,    7 },  // 'c'
    {   529,   8,   9,   8,    0,    4 },  // 'd'
    {   538,   7,   6,   7,    0,    7 },  // 'e'
    {   544,   6,   9,   5,    0,    4 },  // 'f'
    {   551,   7,   9,   7,    0,    7 },  // 'g'
    {   559,   8,   9,   8,    0,    4 },  // 'h'
    {   568,   4,   9,   4,    0,    4 },  // 'i'
    {   573,   5,  12,   4,   -1,    4 },  // 'j'
    {   581,   8,   9,   7,    0,    4 },  // 'k'
    {   590,   4,   9,   4,    0,    4 },  // 'l'
    {   595,  12,   6,  12,    0,    7 },  // 'm'
    {   604,   8,   6,   8,    0,    7 },  // 'n'
    {   610,   7,   6,   7,    0,    7 },  // 'o'
    {   616,   8,   9,   8,    0,    7 },  // 'p'
    {   625,   8,   9,   8,    0,    7 },  // 'q'
    {   634,   6,   6,   5,    0,    7 },  // 'r'
    {   639,   6,   6,   6,    0,    7 },  // 's'
    {   644,   5,   7,   5,    0,    6 },  // 't'
    {   649,   8,   6,   8,    0,    7 },  // 'u'
    {   655,   7,   6,   7,    0,    7 },  // 'v'
    {   661,  11,   6,  10,    0,    7 },  // 'w'
    {   670,   7,   6,   7,    0,    7 },  // 'x'
    {   676,   7,   9,   7,    0,    7 },  // 'y'
    {   684,   6,   6,   6,    0,    7 },  // 'z'
    {   689,   5,  11,   5,    0,    4 },  // '{'
    {   696,   7,  12,   7,    0,    4 },  // '|'
    {   707,   5,  11,   5,    0,    4 },  // '}'
    {   714,   7,   5,   7,    0,    8 },  // '~'
};

static const GFXfont OpenSansBold12pt7b PROGMEM = {
    (uint8_t  *)OpenSansBold12pt7bBitmaps,
    (GFXglyph *)OpenSansBold12pt7bGlyphs,
    32, 126, 17
};

// Auto-generated font: OpenSansBold18pt7b at 18pt
// Source: OpenSans-Bold.ttf

#include <Adafruit_GFX.h>

static const uint8_t PROGMEM OpenSansBold18pt7bBitmaps[] = {
    0x73, 0x9C, 0xE7, 0x39, 0xCE, 0x00, 0x1C, 0xE7, 0x00, 0x76, 0x3B, 0x19, 0x8C, 0xC6, 0x60, 0x00,
    0x00, 0x00, 0x00, 0x00, 0x00, 0x00, 0x00, 0x00, 0x0C, 0xC0, 0xCC, 0x0C, 0x80, 0xD8, 0x7F, 0xE7,
    0xFE, 0x19, 0x81, 0x90, 0xFF, 0xE7, 0xFE, 0x33, 0x03, 0x30, 0x32, 0x00, 0x04, 0x07, 0xE7, 0xF9,
    0xF2, 0x7C, 0x1F, 0x03, 0xF0, 0x3E, 0x05, 0xD3, 0x67, 0xF8, 0xFC, 0x04, 0x01, 0x00, 0x38, 0x30,
    0x7C, 0x30, 0x6C, 0x60, 0x6E, 0x60, 0x6E, 0xC0, 0x6C, 0xDC, 0x7D, 0xBE, 0x3B, 0xB6, 0x03, 0x37,
    0x06, 0x37, 0x06, 0x36, 0x0C, 0x3E, 0x0C, 0x1C, 0x1F, 0x00, 0xFE, 0x03, 0xB8, 0x0C, 0x60, 0x3B,
    0x80, 0x7C, 0x03, 0xE3, 0x9F, 0xCC, 0x73, 0xF1, 0xC7, 0x87, 0x9E, 0x1F, 0xFC, 0x1F, 0x38, 0x73,
    0x98, 0xC6, 0x00, 0x00, 0x00, 0x00, 0x00, 0x00, 0x18, 0xE3, 0x1C, 0x71, 0x86, 0x18, 0x61, 0x86,
    0x1C, 0x70, 0xC3, 0x86, 0x61, 0xC3, 0x0E, 0x18, 0x61, 0x86, 0x18, 0x61, 0x86, 0x38, 0xC7, 0x18,
    0x0C, 0x03, 0x04, 0xC9, 0xFE, 0x1E, 0x07, 0x83, 0x70, 0x48, 0x00, 0x00, 0x00, 0x00, 0x00, 0x00,
    0x00, 0x00, 0x00, 0x03, 0x00, 0xC0, 0x30, 0x7F, 0x9F, 0xE0, 0xC0, 0x30, 0x0C, 0x00, 0x00, 0x00,
    0x73, 0x98, 0xC0, 0x01, 0xE7, 0x80, 0x00, 0x00, 0x00, 0x73, 0x9C, 0x06, 0x0E, 0x0C, 0x0C, 0x1C,
    0x18, 0x18, 0x38, 0x30, 0x70, 0x60, 0x60, 0xE0, 0x1E, 0x0F, 0xC7, 0x39, 0xC6, 0x61, 0x98, 0x76,
    0x1D, 0x87, 0x61, 0x9C, 0x67, 0x38, 0xFC, 0x1E, 0x00, 0x06, 0x07, 0x83, 0xE1, 0xD8, 0x26, 0x01,
    0x80, 0x60, 0x18, 0x06, 0x01, 0x80, 0x60, 0x18, 0x06, 0x00, 0x1E, 0x1F, 0xE7, 0x38, 0x06, 0x01,
    0x80, 0xE0, 0x70, 0x38, 0x1C, 0x0E, 0x07, 0x81, 0xFF, 0x7F, 0xC0, 0x3E, 0x1F, 0xE2, 0x38, 0x0E,
    0x03, 0x87, 0x81, 0xF0, 0x0E, 0x01, 0xC0, 0x74, 0x39, 0xFE, 0x7E, 0x00, 0x03, 0x01, 0xC0, 0xF0,
    0x3C, 0x1B, 0x0C, 0xC7, 0x31, 0x8E, 0xFF, 0xFF, 0xF0, 0x30, 0x0C, 0x03, 0x00, 0x3F, 0x8F, 0xE7,
    0x01, 0xC0, 0x70, 0x1F, 0xC7, 0xF8, 0x0E, 0x01, 0x80, 0x64, 0x39, 0xFC, 0x7E, 0x00, 0x0F, 0x87,
    0xE3, 0x81, 0xC0, 0x60, 0x1B, 0xC7, 0xF9, 0xCF, 0x61, 0xDC, 0x77, 0x38, 0xFE, 0x1F, 0x00, 0xFF,
    0xFF, 0xF0, 0x38, 0x0E, 0x03, 0x01, 0xC0, 0x70, 0x38, 0x0E, 0x03, 0x01, 0xC0, 0x60, 0x38, 0x00,
    0x1E, 0x0F, 0xE7, 0x39, 0xC6, 0x73, 0x8F, 0xC1, 0xF1, 0xFE, 0x71, 0x98, 0x77, 0x19, 0xFE, 0x1F,
    0x00, 0x1E, 0x1F, 0xC7, 0x39, 0x86, 0x61, 0xDC, 0xF7, 0xFC, 0xF6, 0x01, 0x80, 0xE0, 0x71, 0xFC,
    0x3C, 0x00, 0x73, 0x9C, 0x00, 0x00, 0x0E, 0x73, 0x80, 0x73, 0x9C, 0x00, 0x00, 0x00, 0x73, 0x98,
    0xC0, 0x00, 0x80, 0xF0, 0xF8, 0xF0, 0x70, 0x1F, 0x00, 0xF0, 0x0F, 0x00, 0x80, 0x00, 0x00, 0x7F,
    0x9F, 0xF0, 0x00, 0x00, 0x7F, 0xDF, 0xE0, 0x00, 0x00, 0x00, 0x00, 0x00, 0x40, 0x1C, 0x03, 0xC0,
    0x3C, 0x03, 0x81, 0xE3, 0xE1, 0xC0, 0x40, 0x00, 0x00, 0x00, 0x3C, 0x7F, 0x91, 0xC0, 0x60, 0x70,
    0xF0, 0x60, 0x70, 0x00, 0x00, 0x06, 0x07, 0x01, 0x80, 0x03, 0xE0, 0x0F, 0xF8, 0x18, 0x1C, 0x31,
    0xEC, 0x37, 0xF6, 0x66, 0x36, 0x6C, 0x76, 0x6C, 0x66, 0x6C, 0x66, 0x6E, 0x66, 0x67, 0xFC, 0x33,
    0x98, 0x38, 0x00, 0x1F, 0xF0, 0x07, 0xE0, 0x0F, 0x00, 0x78, 0x03, 0xE0, 0x3B, 0x01, 0xD8, 0x0C,
    0xE0, 0xE3, 0x07, 0x18, 0x3F, 0xE3, 0xFF, 0x1C, 0x1C, 0xC0, 0xEE, 0x07, 0x00, 0x3F, 0x83, 0xFC,
    0x31, 0xE3, 0x0E, 0x31, 0xC3, 0xF8, 0x3F, 0xC3, 0x0E, 0x30, 0xE3, 0x0E, 0x39, 0xE3, 0xFC, 0x3F,
    0x80, 0x07, 0xC3, 0xFC, 0xF3, 0x1C, 0x07, 0x00, 0xE0, 0x1C, 0x03, 0x80, 0x70, 0x07, 0x00, 0xF1,
    0x0F, 0xE0, 0xFC, 0x3F, 0x01, 0xFE, 0x0C, 0x78, 0x60, 0xE3, 0x07, 0x18, 0x38, 0xC1, 0xC6, 0x0E,
    0x30, 0x71, 0x83, 0x8E, 0x78, 0x7F, 0x83, 0xF0, 0x00, 0x3F, 0x8F, 0xE3, 0x00, 0xC0, 0x30, 0x0F,
    0xE3, 0xF8, 0xC0, 0x30, 0x0C, 0x03, 0x80, 0xFE, 0x3F, 0x80, 0x3F, 0x8F, 0xE3, 0x00, 0xC0, 0x30,
    0x0C, 0x03, 0xF8, 0xFE, 0x30, 0x0C, 0x03, 0x00, 0xC0, 0x30, 0x00, 0x07, 0xE0, 0xFF, 0x0F, 0x18,
    0x70, 0x07, 0x00, 0x38, 0x01, 0xCF, 0xCE, 0x7E, 0x70, 0x71, 0xC3, 0x8F, 0x1C, 0x3F, 0xE0, 0xFE,
    0x00, 0x30, 0x70, 0xC1, 0xC3, 0x07, 0x0C, 0x1C, 0x38, 0x70, 0xFF, 0xC3, 0xFF, 0x0C, 0x1C, 0x30,
    0x70, 0xC1, 0xC3, 0x07, 0x0C, 0x1C, 0x30, 0x70, 0x30, 0xC3, 0x0C, 0x30, 0xC3, 0x0C, 0x30, 0xC3,
    0x0C, 0x30, 0x0C, 0x0C, 0x0C, 0x0C, 0x0C, 0x0C, 0x0C, 0x0C, 0x0C, 0x0C, 0x0C, 0x0C, 0x0C, 0x1C,
    0x1C, 0x7C, 0x70, 0x30, 0xF3, 0x0E, 0x31, 0xC3, 0x38, 0x37, 0x03, 0xF0, 0x3F, 0x03, 0xF8, 0x33,
    0x83, 0x1C, 0x31, 0xC3, 0x0E, 0x30, 0x70, 0x30, 0x0C, 0x03, 0x00, 0xC0, 0x30, 0x0C, 0x03, 0x00,
    0xC0, 0x30, 0x0C, 0x03, 0x80, 0xFF, 0x3F, 0xC0, 0x38, 0x1E, 0x1E, 0x0F, 0x0F, 0x07, 0x87, 0x83,
    0xC3, 0xE3, 0x61, 0xB1, 0xB0, 0xD8, 0xD8, 0x6E, 0xCC, 0x33, 0x66, 0x19, 0xF3, 0x0C, 0xF1, 0x86,
    0x38, 0xC3, 0x1C, 0x60, 0x38, 0x18, 0x78, 0x30, 0xF0, 0x61, 0xF0, 0xC3, 0x71, 0x86, 0xE3, 0x0C,
    0xE6, 0x19, 0xCC, 0x31, 0xD8, 0x61, 0xF0, 0xC3, 0xE1, 0x83, 0xC3, 0x07, 0x80, 0x07, 0xC0, 0x7F,
    0x83, 0xCF, 0x0E, 0x0E, 0x70, 0x39, 0xC0, 0xE7, 0x03, 0x9C, 0x0E, 0x70, 0x38, 0xE0, 0xE3, 0xCF,
    0x07, 0xF8, 0x0F, 0xC0, 0x3F, 0x07, 0xF8, 0xC7, 0x18, 0x63, 0x0C, 0x63, 0x8F, 0xF1, 0xF8, 0x30,
    0x06, 0x00, 0xC0, 0x18, 0x03, 0x00, 0x07, 0xC0, 0x7F, 0x83, 0xCF, 0x0E, 0x0E, 0x70, 0x39, 0xC0,
    0xE7, 0x03, 0x9C, 0x0E, 0x70, 0x38, 0xE0, 0xE3, 0xCF, 0x07, 0xF8, 0x0F, 0xC0, 0x03, 0x80, 0x07,
    0x00, 0x1E, 0x3F, 0x03, 0xFC, 0x31, 0xC3, 0x0C, 0x30, 0xC3, 0x1C, 0x3F, 0x83, 0xF0, 0x33, 0x83,
    0x1C, 0x31, 0xC3, 0x0E, 0x30, 0x70, 0x1F, 0x0F, 0xE7, 0x11, 0xC0, 0x70, 0x0F, 0x01, 0xF0, 0x3E,
    0x03, 0x80, 0xE6, 0x39, 0xFC, 0x3E, 0x00, 0xFF, 0xDF, 0xF8, 0x38, 0x07, 0x00, 0xE0, 0x1C, 0x03,
    0x80, 0x70, 0x0E, 0x01, 0xC0, 0x38, 0x07, 0x00, 0xE0, 0x30, 0x70, 0xC1, 0xC3, 0x07, 0x0C, 0x1C,
    0x30, 0x70, 0xC1, 0xC3, 0x07, 0x0C, 0x1C, 0x30, 0x70, 0xE1, 0xC3, 0xCF, 0x07, 0xF8, 0x0F, 0x80,
    0xE0, 0x7E, 0x0E, 0x70, 0xE7, 0x0E, 0x30, 0xC3, 0x1C, 0x39, 0xC1, 0x98, 0x1B, 0x81, 0xF8, 0x0F,
    0x00, 0xF0, 0x0E, 0x00, 0xE1, 0xC1, 0xB8, 0x70, 0xE6, 0x1E, 0x39, 0x87, 0x8E, 0x73, 0xE3, 0x1C,
    0xD9, 0xC3, 0x37, 0x70, 0xDC, 0xDC, 0x3F, 0x36, 0x0F, 0x8F, 0x81, 0xE3, 0xE0, 0x78, 0x78, 0x1E,
    0x1C, 0x00, 0x70, 0xE7, 0x0E, 0x39, 0xC3, 0x9C, 0x1F, 0x80, 0xF0, 0x0F, 0x01, 0xF0, 0x1F, 0x83,
    0x9C, 0x31, 0xC7, 0x0E, 0xE0, 0x70, 0xE0, 0xE7, 0x0C, 0x71, 0xC3, 0x98, 0x3B, 0x81, 0xF0, 0x1F,
    0x00, 0xE0, 0x0E, 0x00, 0xE0, 0x0E, 0x00, 0xE0, 0x0E, 0x00, 0x7F, 0xDF, 0xF0, 0x38, 0x0E, 0x07,
    0x03, 0x80, 0xE0, 0x70, 0x38, 0x0E, 0x07, 0x03, 0xFF, 0xFF, 0xC0, 0x7D, 0xE7, 0x1C, 0x71, 0xC7,
    0x1C, 0x71, 0xC7, 0x1C, 0x71, 0xC7, 0x9F, 0xE0, 0x60, 0x60, 0x70, 0x30, 0x38, 0x38, 0x18, 0x1C,
    0x0C, 0x0C, 0x0E, 0x06, 0xF9, 0xE3, 0x8E, 0x38, 0xE3, 0x8E, 0x38, 0xE3, 0x8E, 0x38, 0xE7, 0xBE,
    0x0C, 0x03, 0x01, 0xE0, 0x78, 0x33, 0x0C, 0xE6, 0x19, 0x83, 0x00, 0x00, 0x00, 0x00, 0x00, 0x00,
    0x00, 0x00, 0x00, 0x1F, 0xC0, 0x00, 0x70, 0x70, 0x70, 0x00, 0x00, 0x00, 0x00, 0x00, 0x00, 0x00,
    0x00, 0x00, 0x00, 0x1F, 0x07, 0xF0, 0x0E, 0x00, 0xE1, 0xFC, 0xFF, 0x9C, 0x73, 0x9E, 0x7F, 0xC7,
    0xB8, 0x70, 0x0E, 0x01, 0xC0, 0x38, 0x07, 0x78, 0xFF, 0x9E, 0x73, 0x86, 0x70, 0xEE, 0x1D, 0xC3,
    0x3C, 0xE7, 0xFC, 0xEF, 0x00, 0x1F, 0x1F, 0x9E, 0x4E, 0x07, 0x03, 0x81, 0xC0, 0xF2, 0x3F, 0x0F,
    0x80, 0x01, 0xC0, 0x38, 0x07, 0x00, 0xE1, 0xDC, 0x7F, 0x9E, 0xF3, 0x8E, 0x71, 0xCE, 0x39, 0xC7,
    0x38, 0xE3, 0xFC, 0x39, 0x80, 0x1F, 0x07, 0xF1, 0xC6, 0x38, 0xE7, 0xFC, 0xFF, 0x9C, 0x03, 0x80,
    0x3F, 0x83, 0xF0, 0x1E, 0x3E, 0x38, 0x38, 0x7E, 0xFE, 0x38, 0x38, 0x38, 0x38, 0x38, 0x38, 0x38,
    0x38, 0x1F, 0xDF, 0xF7, 0x39, 0x8E, 0x73, 0x9F, 0xC3, 0xE1, 0xC0, 0x7F, 0x8F, 0xFE, 0x1F, 0x87,
    0xFF, 0x8F, 0xC0, 0x70, 0x07, 0x00, 0x70, 0x07, 0x00, 0x77, 0x87, 0xFC, 0x79, 0xC7, 0x0C, 0x70,
    0xC7, 0x0C, 0x70, 0xC7, 0x0C, 0x70, 0xC7, 0x0C, 0x21, 0xC3, 0x00, 0x71, 0xC7, 0x1C, 0x71, 0xC7,
    0x1C, 0x71, 0xC0, 0x08, 0x1C, 0x0C, 0x00, 0x1C, 0x1C, 0x1C, 0x1C, 0x1C, 0x1C, 0x1C, 0x1C, 0x1C,
    0x1C, 0x1C, 0x1C, 0x7C, 0x78, 0x70, 0x07, 0x00, 0x70, 0x07, 0x00, 0x71, 0xC7, 0x1C, 0x73, 0x87,
    0x70, 0x7E, 0x07, 0xF0, 0x7B, 0x87, 0x38, 0x71, 0xC7, 0x0E, 0x71, 0xC7, 0x1C, 0x71, 0xC7, 0x1C,
    0x71, 0xC7, 0x1C, 0x71, 0xC0, 0x77, 0x9E, 0x1F, 0xFF, 0xC7, 0x9E, 0x71, 0xC7, 0x0C, 0x70, 0xC3,
    0x1C, 0x30, 0xC7, 0x0C, 0x31, 0xC3, 0x0C, 0x70, 0xC3, 0x1C, 0x30, 0xC0, 0x77, 0x87, 0xFC, 0x79,
    0xC7, 0x0C, 0x70, 0xC7, 0x0C, 0x70, 0xC7, 0x0C, 0x70, 0xC7, 0x0C, 0x1F, 0x07, 0xF1, 0xE7, 0x38,
    0xE7, 0x0C, 0xE1, 0x9C, 0x73, 0x8E, 0x3F, 0x83, 0xE0, 0x77, 0x8F, 0xF9, 0xE7, 0x38, 0x67, 0x0E,
    0xE1, 0xDC, 0x33, 0xCE, 0x7F, 0xCE, 0xF1, 0xC0, 0x38, 0x07, 0x00, 0xE0, 0x00, 0x1C, 0xC7, 0xF9,
    0xEF, 0x38, 0xE7, 0x1C, 0xE3, 0x9C, 0x73, 0x8E, 0x3F, 0xC3, 0xB8, 0x07, 0x00, 0xE0, 0x1C, 0x03,
    0x80, 0x77, 0x7F, 0x7E, 0x78, 0x70, 0x70, 0x70, 0x70, 0x70, 0x70, 0x3E, 0x3F, 0x9C, 0x0E, 0x07,
    0xE0, 0xF8, 0x1C, 0x8E, 0x7F, 0x3F, 0x00, 0x30, 0x30, 0x7E, 0xFE, 0x30, 0x30, 0x30, 0x30, 0x30,
    0x38, 0x3E, 0x1E, 0x70, 0xC7, 0x0C, 0x70, 0xC7, 0x0C, 0x70, 0xC7, 0x0C, 0x71, 0xC7, 0x9C, 0x3F,
    0xC1, 0xEC, 0xE1, 0xCC, 0x39, 0xC6, 0x39, 0xC3, 0x38, 0x76, 0x0F, 0xC0, 0xF0, 0x1E, 0x01, 0xC0,
    0xE3, 0x8E, 0x63, 0xCE, 0x63, 0xCE, 0x76, 0xCC, 0x76, 0xDC, 0x36, 0x5C, 0x3E, 0x78, 0x3C, 0x78,
    0x1C, 0x78, 0x1C, 0x78, 0x71, 0xCE, 0x70, 0xEE, 0x0F, 0x81, 0xE0, 0x3C, 0x0F, 0xC1, 0xDC, 0x73,
    0x9C, 0x38, 0xE1, 0xCC, 0x39, 0xC6, 0x39, 0xC3, 0x38, 0x76, 0x07, 0xC0, 0xF0, 0x1E, 0x01, 0xC0,
    0x30, 0x0E, 0x07, 0x80, 0xE0, 0x00, 0x7F, 0x3F, 0x81, 0xC1, 0xC1, 0xC0, 0xC0, 0xE0, 0xE0, 0x7F,
    0x7F, 0x80, 0x0C, 0x38, 0x60, 0xC1, 0x87, 0x0E, 0x78, 0xF0, 0x70, 0xE0, 0xC1, 0x83, 0x07, 0x06,
    0x0C, 0x03, 0x00, 0xC0, 0x30, 0x0C, 0x03, 0x00, 0xC0, 0x30, 0x0C, 0x03, 0x00, 0xC0, 0x30, 0x0C,
    0x03, 0x00, 0xC0, 0x30, 0x0C, 0x03, 0x00, 0x70, 0xE0, 0xE1, 0xC3, 0x87, 0x0E, 0x0F, 0x1E, 0x70,
    0xE1, 0xC3, 0x87, 0x1C, 0x38, 0x78, 0x1F, 0xF0, 0x78, 0x00, 0x00, 0x00, 0x00, 0x00, 0x00,
};

static const GFXglyph OpenSansBold18pt7bGlyphs[] PROGMEM = {
    {     0,   0,   0,   5,    0,   20 },  // ' '
    {     0,   5,  13,   5,    0,    7 },  // '!'
    {     9,   9,  13,   9,    0,    7 },  // '"'
    {    24,  12,  13,  12,    0,    7 },  // '#'
    {    44,  10,  14,  10,    0,    7 },  // '$'
    {    62,  16,  13,  16,    0,    7 },  // '%'
    {    88,  14,  13,  14,    0,    7 },  // '&'
    {   111,   5,  13,   5,    0,    7 },  // "'"
    {   120,   6,  16,   6,    0,    7 },  // '('
    {   132,   6,  16,   6,    0,    7 },  // ')'
    {   144,  10,  14,  10,    0,    6 },  // '*'
    {   162,  10,  11,  10,    0,    9 },  // '+'
    {   176,   5,   4,   5,    0,   18 },  // ','
    {   179,   6,   7,   6,    0,   13 },  // '-'
    {   185,   5,   3,   5,    0,   17 },  // '.'
    {   187,   8,  13,   7,    0,    7 },  // '/'
    {   200,  10,  13,  10,    0,    7 },  // '0'
    {   217,  10,  13,  10,    0,    7 },  // '1'
    {   234,  10,  13,  10,    0,    7 },  // '2'
    {   251,  10,  13,  10,    0,    7 },  // '3'
    {   268,  10,  13,  10,    0,    7 },  // '4'
    {   285,  10,  13,  10,    0,    7 },  // '5'
    {   302,  10,  13,  10,    0,    7 },  // '6'
    {   319,  10,  13,  10,    0,    7 },  // '7'
    {   336,  10,  13,  10,    0,    7 },  // '8'
    {   353,  10,  13,  10,    0,    7 },  // '9'
    {   370,   5,  10,   5,    0,   10 },  // ':'
    {   377,   5,  12,   5,    0,   10 },  // ';'
    {   385,  10,  11,  10,    0,    9 },  // '<'
    {   399,  10,  10,  10,    0,   10 },  // '='
    {   412,  10,  11,  10,    0,    9 },  // '>'
    {   426,   9,  13,   9,    0,    7 },  // '?'
    {   441,  16,  15,  16,    0,    7 },  // '@'
    {   471,  13,  13,  12,    0,    7 },  // 'A'
    {   493,  12,  13,  12,    0,    7 },  // 'B'
    {   513,  11,  13,  11,    0,    7 },  // 'C'
    {   531,  13,  13,  13,    0,    7 },  // 'D'
    {   553,  10,  13,  10,    0,    7 },  // 'E'
    {   570,  10,  13,  10,    0,    7 },  // 'F'
    {   587,  13,  13,  13,    0,    7 },  // 'G'
    {   609,  14,  13,  14,    0,    7 },  // 'H'
    {   632,   6,  13,   6,    0,    7 },  // 'I'
    {   642,   8,  17,   6,   -2,    7 },  // 'J'
    {   659,  12,  13,  12,    0,    7 },  // 'K'
    {   679,  10,  13,  10,    0,    7 },  // 'L'
    {   696,  17,  13,  17,    0,    7 },  // 'M'
    {   724,  15,  13,  15,    0,    7 },  // 'N'
    {   749,  14,  13,  14,    0,    7 },  // 'O'
    {   772,  11,  13,  11,    0,    7 },  // 'P'
    {   790,  14,  16,  14,    0,    7 },  // 'Q'
    {   818,  12,  13,  12,    0,    7 },  // 'R'
    {   838,  10,  13,  10,    0,    7 },  // 'S'
    {   855,  11,  13,  10,    0,    7 },  // 'T'
    {   873,  14,  13,  14,    0,    7 },  // 'U'
    {   896,  12,  13,  12,    0,    7 },  // 'V'
    {   916,  18,  13,  17,    0,    7 },  // 'W'
    {   946,  12,  13,  12,    0,    7 },  // 'X'
    {   966,  12,  13,  11,    0,    7 },  // 'Y'
    {   986,  10,  13,  10,    0,    7 },  // 'Z'
    {  1003,   6,  16,   6,    0,    7 },  // '['
    {  1015,   8,  13,   7,    0,    7 },  // '\\'
    {  1028,   6,  16,   6,    0,    7 },  // ']'
    {  1040,  10,  13,  10,    0,    7 },  // '^'
    {  1057,   9,   4,   7,   -1,   20 },  // '_'
    {  1062,   7,  14,   7,    0,    6 },  // '`'
    {  1075,  11,  10,  11,    0,   10 },  // 'a'
    {  1089,  11,  14,  11,    0,    6 },  // 'b'
    {  1109,   9,  10,   9,    0,   10 },  // 'c'
    {  1121,  11,  14,  11,    0,    6 },  // 'd'
    {  1141,  11,  10,  11,    0,   10 },  // 'e'
    {  1155,   8,  14,   7,    0,    6 },  // 'f'
    {  1169,  10,  14,  10,    0,   10 },  // 'g'
    {  1187,  12,  14,  12,    0,    6 },  // 'h'
    {  1208,   6,  14,   6,    0,    6 },  // 'i'
    {  1219,   8,  18,   6,   -2,    6 },  // 'j'
    {  1237,  12,  14,  11,    0,    6 },  // 'k'
    {  1258,   6,  14,   6,    0,    6 },  // 'l'
    {  1269,  18,  10,  18,    0,   10 },  // 'm'
    {  1292,  12,  10,  12,    0,   10 },  // 'n'
    {  1307,  11,  10,  11,    0,   10 },  // 'o'
    {  1321,  11,  14,  11,    0,   10 },  // 'p'
    {  1341,  11,  14,  11,    0,   10 },  // 'q'
    {  1361,   8,  10,   8,    0,   10 },  // 'r'
    {  1371,   9,  10,   9,    0,   10 },  // 's'
    {  1383,   8,  12,   8,    0,    8 },  // 't'
    {  1395,  12,  10,  12,    0,   10 },  // 'u'
    {  1410,  11,  10,  10,    0,   10 },  // 'v'
    {  1424,  16,  10,  15,    0,   10 },  // 'w'
    {  1444,  11,  10,  10,    0,   10 },  // 'x'
    {  1458,  11,  14,  10,    0,   10 },  // 'y'
    {  1478,   9,  10,   9,    0,   10 },  // 'z'
    {  1490,   7,  16,   7,    0,    7 },  // '{'
    {  1504,  10,  18,  10,    0,    6 },  // '|'
    {  1527,   7,  16,   7,    0,    7 },  // '}'
    {  1541,  10,   8,  10,    0,   12 },  // '~'
};

static const GFXfont OpenSansBold18pt7b PROGMEM = {
    (uint8_t  *)OpenSansBold18pt7bBitmaps,
    (GFXglyph *)OpenSansBold18pt7bGlyphs,
    32, 126, 26
};

// Auto-generated font: OpenSansBold24pt7b at 24pt
// Source: OpenSans-Bold.ttf

#include <Adafruit_GFX.h>

static const uint8_t PROGMEM OpenSansBold24pt7bBitmaps[] = {
    0x78, 0xF0, 0xE1, 0xC3, 0x87, 0x0E, 0x1C, 0x38, 0x70, 0xE0, 0x00, 0x07, 0x1E, 0x3C, 0x38, 0x39,
    0xC7, 0x38, 0xE7, 0x1C, 0xC3, 0x18, 0x63, 0x00, 0x00, 0x00, 0x00, 0x00, 0x00, 0x00, 0x00, 0x00,
    0x00, 0x00, 0x00, 0x00, 0x00, 0x00, 0x00, 0x03, 0x38, 0x07, 0x38, 0x07, 0x38, 0x07, 0x30, 0x0F,
    0x78, 0x7F, 0xFE, 0x7F, 0xFE, 0x0E, 0x70, 0x0E, 0x60, 0x0C, 0x60, 0x7F, 0xFC, 0x7F, 0xFC, 0x1C,
    0xE0, 0x1C, 0xC0, 0x18, 0xC0, 0x18, 0xC0, 0x19, 0xC0, 0x03, 0x00, 0x0C, 0x00, 0xFE, 0x0F, 0xFC,
    0x7F, 0xF1, 0xEC, 0x07, 0xB0, 0x1F, 0xC0, 0x3F, 0x80, 0x7F, 0x80, 0x7F, 0x00, 0xFE, 0x03, 0x79,
    0x8D, 0xE7, 0xFF, 0x1F, 0xFC, 0x1F, 0xC0, 0x0C, 0x00, 0x30, 0x00, 0x1E, 0x03, 0x80, 0xFC, 0x1C,
    0x07, 0xF0, 0x70, 0x1C, 0xE3, 0x80, 0x73, 0x8C, 0x01, 0xCE, 0x70, 0x07, 0x3B, 0x9E, 0x1C, 0xEE,
    0xFC, 0x7F, 0x77, 0xF0, 0xFD, 0xDC, 0xE1, 0xEE, 0x73, 0x80, 0x39, 0xCE, 0x01, 0xC7, 0x38, 0x06,
    0x1C, 0xE0, 0x38, 0x7F, 0x01, 0xC0, 0xFC, 0x07, 0x01, 0xE0, 0x07, 0xC0, 0x07, 0xF8, 0x01, 0xFF,
    0x00, 0xF1, 0xC0, 0x3C, 0x70, 0x07, 0x3C, 0x01, 0xFE, 0x00, 0x3F, 0x00, 0x1F, 0x87, 0x8F, 0xF1,
    0xE7, 0x9E, 0x71, 0xE3, 0xFC, 0x78, 0x7E, 0x1F, 0x0F, 0x83, 0xFF, 0xE0, 0xFF, 0xFC, 0x0F, 0xC7,
    0x80, 0x38, 0xE3, 0x8E, 0x30, 0xC0, 0x00, 0x00, 0x00, 0x00, 0x00, 0x00, 0x00, 0x00, 0x0E, 0x1E,
    0x1C, 0x3C, 0x38, 0x38, 0x78, 0x70, 0x70, 0x70, 0x70, 0x70, 0x70, 0x70, 0x78, 0x38, 0x38, 0x38,
    0x1C, 0x1C, 0x0E, 0x70, 0x38, 0x38, 0x1C, 0x1C, 0x1C, 0x0E, 0x0E, 0x0E, 0x0E, 0x0E, 0x0E, 0x0E,
    0x0E, 0x0E, 0x1E, 0x1C, 0x1C, 0x38, 0x38, 0x70, 0x07, 0x00, 0x38, 0x01, 0xC0, 0xCE, 0x67, 0xFF,
    0x3F, 0xF8, 0x3E, 0x01, 0xF0, 0x1D, 0xC1, 0xE7, 0x02, 0x20, 0x00, 0x00, 0x00, 0x00, 0x00, 0x00,
    0x00, 0x00, 0x00, 0x00, 0x00, 0x00, 0x00, 0x00, 0x0C, 0x00, 0x30, 0x00, 0xC0, 0x03, 0x01, 0xFF,
    0xC7, 0xFF, 0x9F, 0xFE, 0x03, 0x00, 0x0C, 0x00, 0x30, 0x00, 0xC0, 0x03, 0x00, 0x00, 0x00, 0x00,
    0x00, 0x38, 0x71, 0xE3, 0x87, 0x0E, 0x00, 0x7E, 0x7E, 0x7E, 0x00, 0x00, 0x00, 0x00, 0x00, 0x38,
    0xF1, 0xE1, 0xC0, 0x03, 0xC0, 0xE0, 0x38, 0x1C, 0x07, 0x03, 0xC0, 0xE0, 0x38, 0x1E, 0x07, 0x01,
    0xC0, 0xE0, 0x38, 0x1E, 0x07, 0x01, 0xC0, 0xF0, 0x00, 0x0F, 0x80, 0x7F, 0x83, 0xFE, 0x0F, 0x3C,
    0x78, 0x71, 0xE1, 0xE7, 0x87, 0x9E, 0x1E, 0x70, 0x79, 0xC1, 0xE7, 0x87, 0x9E, 0x1E, 0x78, 0x70,
    0xF3, 0xC3, 0xFF, 0x07, 0xF8, 0x0F, 0x80, 0x03, 0xC0, 0x1F, 0x00, 0xFC, 0x07, 0xF0, 0x3F, 0xC0,
    0xEF, 0x01, 0x3C, 0x00, 0xF0, 0x03, 0xC0, 0x0F, 0x00, 0x3C, 0x00, 0xF0, 0x03, 0xC0, 0x0F, 0x00,
    0x3C, 0x00, 0xF0, 0x03, 0xC0, 0x0F, 0xC0, 0xFF, 0x87, 0xFF, 0x0E, 0x3C, 0x00, 0x70, 0x01, 0xC0,
    0x0F, 0x00, 0x3C, 0x01, 0xE0, 0x0F, 0x00, 0x78, 0x03, 0xC0, 0x1E, 0x00, 0xF0, 0x07, 0xFF, 0x9F,
    0xFE, 0x7F, 0xF8, 0x1F, 0xC1, 0xFF, 0x87, 0xFF, 0x0C, 0x3C, 0x00, 0x70, 0x01, 0xC0, 0x0F, 0x03,
    0xF0, 0x0F, 0x80, 0x3F, 0x80, 0x0F, 0x00, 0x1E, 0x00, 0x79, 0x03, 0xE7, 0xFF, 0x1F, 0xF8, 0x3F,
    0x80, 0x00, 0xE0, 0x07, 0x80, 0x3E, 0x01, 0xF8, 0x07, 0xE0, 0x3B, 0x81, 0xCE, 0x07, 0x38, 0x38,
    0xE1, 0xC3, 0x8F, 0xFF, 0xBF, 0xFE, 0xFF, 0xF8, 0x03, 0x80, 0x0E, 0x00, 0x38, 0x00, 0xE0, 0x3F,
    0xE0, 0xFF, 0x83, 0xFE, 0x0E, 0x00, 0x38, 0x00, 0xE0, 0x03, 0xFC, 0x0F, 0xF8, 0x3F, 0xF0, 0x03,
    0xC0, 0x07, 0x80, 0x1E, 0x00, 0x71, 0x83, 0xC7, 0xFF, 0x1F, 0xF8, 0x3F, 0x80, 0x03, 0xF0, 0x3F,
    0xC1, 0xFF, 0x0F, 0x00, 0x38, 0x01, 0xE0, 0x07, 0x3C, 0x1F, 0xFC, 0x7F, 0xF1, 0xE1, 0xE7, 0x87,
    0x9E, 0x1E, 0x78, 0x78, 0xF1, 0xE3, 0xFF, 0x07, 0xF8, 0x07, 0xC0, 0x7F, 0xF9, 0xFF, 0xE7, 0xFF,
    0x80, 0x1C, 0x00, 0xF0, 0x03, 0xC0, 0x1E, 0x00, 0x78, 0x01, 0xC0, 0x0F, 0x00, 0x38, 0x01, 0xE0,
    0x07, 0x00, 0x3C, 0x00, 0xF0, 0x07, 0x80, 0x1E, 0x00, 0x0F, 0xC0, 0xFF, 0x83, 0xFF, 0x1E, 0x1C,
    0x78, 0x70, 0xE3, 0xC3, 0xFE, 0x07, 0xF0, 0x0F, 0xC0, 0xFF, 0x87, 0x8F, 0x1C, 0x1E, 0x70, 0x79,
    0xE1, 0xE7, 0xFF, 0x0F, 0xF8, 0x0F, 0xC0, 0x0F, 0x80, 0xFF, 0x83, 0xFF, 0x1E, 0x3C, 0x70, 0x71,
    0xC1, 0xE7, 0x07, 0x9E, 0x3E, 0x7F, 0xF8, 0xFF, 0xE1, 0xF7, 0x80, 0x1C, 0x00, 0xF0, 0x07, 0x83,
    0xFE, 0x0F, 0xF0, 0x3F, 0x00, 0x38, 0xF1, 0xE1, 0xC0, 0x00, 0x00, 0x00, 0x00, 0x71, 0xE3, 0xC3,
    0x80, 0x38, 0xF1, 0xE1, 0xC0, 0x00, 0x00, 0x00, 0x00, 0x00, 0xE1, 0xC7, 0x8E, 0x1C, 0x38, 0x00,
    0x08, 0x00, 0xE0, 0x0F, 0x80, 0xF8, 0x0F, 0x80, 0xF8, 0x07, 0x80, 0x1F, 0x00, 0x1F, 0x80, 0x1F,
    0x80, 0x1F, 0x80, 0x1E, 0x00, 0x08, 0x00, 0x00, 0x00, 0x00, 0x7F, 0xF1, 0xFF, 0xE7, 0xFF, 0x80,
    0x00, 0x00, 0x01, 0xFF, 0xE7, 0xFF, 0x9F, 0xFC, 0x00, 0x00, 0x00, 0x00, 0x00, 0x00, 0x00, 0x40,
    0x01, 0xC0, 0x07, 0xC0, 0x0F, 0xC0, 0x0F, 0xC0, 0x07, 0xC0, 0x0F, 0x80, 0x7E, 0x07, 0xE0, 0x7E,
    0x07, 0xE0, 0x1C, 0x00, 0x40, 0x00, 0x00, 0x00, 0x00, 0x00, 0x3F, 0x1F, 0xF9, 0xFF, 0xB0, 0xF0,
    0x1E, 0x03, 0xC0, 0xF0, 0x3C, 0x0E, 0x03, 0xC0, 0x70, 0x00, 0x00, 0x00, 0x18, 0x07, 0x80, 0xF0,
    0x0C, 0x00, 0x00, 0xFE, 0x00, 0x0F, 0xFE, 0x00, 0x78, 0x3C, 0x03, 0x80, 0x38, 0x1C, 0x7E, 0x70,
    0xE7, 0xF9, 0xC3, 0xBC, 0x63, 0x0C, 0xE1, 0x8C, 0x73, 0x06, 0x31, 0xCC, 0x18, 0xC7, 0x30, 0xE7,
    0x1C, 0xE7, 0xDC, 0x71, 0xFF, 0xE0, 0xC3, 0xCF, 0x03, 0x80, 0x00, 0x07, 0x00, 0x00, 0x0F, 0x07,
    0x00, 0x1F, 0xFC, 0x00, 0x1F, 0xC0, 0x00, 0x03, 0xE0, 0x01, 0xF0, 0x01, 0xF8, 0x00, 0xFE, 0x00,
    0xF7, 0x00, 0x73, 0x80, 0x39, 0xE0, 0x3C, 0x70, 0x1E, 0x3C, 0x0E, 0x1E, 0x0F, 0xFF, 0x07, 0xFF,
    0xC3, 0xFF, 0xE3, 0xC0, 0x71, 0xE0, 0x3C, 0xE0, 0x1E, 0xF0, 0x0F, 0x00, 0x3F, 0xE0, 0x3F, 0xF8,
    0x3F, 0xFC, 0x3C, 0x3C, 0x3C, 0x1C, 0x3C, 0x1C, 0x3C, 0x3C, 0x3F, 0xF8, 0x3F, 0xF0, 0x3F, 0xFC,
    0x3C, 0x3E, 0x3C, 0x1E, 0x3C, 0x1E, 0x3C, 0x3E, 0x3F, 0xFC, 0x3F, 0xF8, 0x3F, 0xF0, 0x03, 0xF0,
    0x1F, 0xF8, 0x7F, 0xF0, 0xF0, 0x63, 0xC0, 0x07, 0x80, 0x0E, 0x00, 0x3C, 0x00, 0x78, 0x00, 0xF0,
    0x00, 0xE0, 0x01, 0xE0, 0x03, 0xC0, 0x03, 0xC1, 0x87, 0xFF, 0x07, 0xFE, 0x03, 0xF8, 0x3F, 0xE0,
    0x0F, 0xFE, 0x03, 0xFF, 0xC0, 0xF0, 0xF8, 0x3C, 0x1F, 0x0F, 0x03, 0xC3, 0xC0, 0xF0, 0xF0, 0x1C,
    0x3C, 0x07, 0x0F, 0x01, 0xC3, 0xC0, 0xF0, 0xF0, 0x3C, 0x3C, 0x1F, 0x0F, 0x0F, 0x83, 0xFF, 0xC0,
    0xFF, 0xE0, 0x3F, 0xE0, 0x00, 0x3F, 0xF1, 0xFF, 0x8F, 0xFC, 0x78, 0x03, 0xC0, 0x1E, 0x00, 0xF0,
    0x07, 0xFE, 0x3F, 0xF1, 0xFF, 0x8F, 0x00, 0x78, 0x03, 0xC0, 0x1E, 0x00, 0xFF, 0xC7, 0xFE, 0x3F,
    0xF0, 0x3F, 0xF1, 0xFF, 0x8F, 0xFC, 0x78, 0x03, 0xC0, 0x1E, 0x00, 0xF0, 0x07, 0xFE, 0x3F, 0xF1,
    0xFF, 0x8F, 0x00, 0x78, 0x03, 0xC0, 0x1E, 0x00, 0xF0, 0x07, 0x80, 0x3C, 0x00, 0x01, 0xFC, 0x03,
    0xFF, 0x03, 0xFF, 0x83, 0xE0, 0x83, 0xE0, 0x01, 0xE0, 0x00, 0xE0, 0x00, 0xF0, 0xFC, 0x78, 0x7E,
    0x3C, 0x3F, 0x0E, 0x03, 0x87, 0x81, 0xC3, 0xC0, 0xE0, 0xF8, 0x70, 0x7F, 0xF8, 0x1F, 0xFC, 0x03,
    0xFC, 0x00, 0x3C, 0x07, 0x0F, 0x01, 0xC3, 0xC0, 0x70, 0xF0, 0x1C, 0x3C, 0x07, 0x0F, 0x01, 0xC3,
    0xC0, 0x70, 0xFF, 0xFC, 0x3F, 0xFF, 0x0F, 0xFF, 0xC3, 0xC0, 0x70, 0xF0, 0x1C, 0x3C, 0x07, 0x0F,
    0x01, 0xC3, 0xC0, 0x70, 0xF0, 0x1C, 0x3C, 0x07, 0x00, 0x3C, 0x3C, 0x3C, 0x3C, 0x3C, 0x3C, 0x3C,
    0x3C, 0x3C, 0x3C, 0x3C, 0x3C, 0x3C, 0x3C, 0x3C, 0x3C, 0x3C, 0x0F, 0x03, 0xC0, 0xF0, 0x3C, 0x0F,
    0x03, 0xC0, 0xF0, 0x3C, 0x0F, 0x03, 0xC0, 0xF0, 0x3C, 0x0F, 0x03, 0xC0, 0xF0, 0x3C, 0x0F, 0x03,
    0xC1, 0xE3, 0xF8, 0xFC, 0x3E, 0x00, 0x3C, 0x1E, 0x3C, 0x1E, 0x3C, 0x3C, 0x3C, 0x78, 0x3C, 0xF0,
    0x3D, 0xF0, 0x3D, 0xE0, 0x3F, 0xC0, 0x3F, 0xE0, 0x3F, 0xE0, 0x3C, 0xF0, 0x3C, 0xF0, 0x3C, 0x78,
    0x3C, 0x3C, 0x3C, 0x3C, 0x3C, 0x1E, 0x3C, 0x1F, 0x3C, 0x00, 0xF0, 0x03, 0xC0, 0x0F, 0x00, 0x3C,
    0x00, 0xF0, 0x03, 0xC0, 0x0F, 0x00, 0x3C, 0x00, 0xF0, 0x03, 0xC0, 0x0F, 0x00, 0x3C, 0x00, 0xF0,
    0x03, 0xFF, 0x8F, 0xFE, 0x3F, 0xF8, 0x3E, 0x01, 0xF0, 0x7E, 0x03, 0xE0, 0xFC, 0x07, 0xC1, 0xF8,
    0x1F, 0x83, 0xF8, 0x3F, 0x07, 0x70, 0x7E, 0x0E, 0xE1, 0xDC, 0x1D, 0xC3, 0xB8, 0x39, 0xC7, 0x70,
    0x73, 0x9C, 0xE0, 0xE7, 0x39, 0xC1, 0xC7, 0x73, 0x83, 0x8F, 0xC7, 0x07, 0x1F, 0x8E, 0x0E, 0x1F,
    0x1C, 0x1C, 0x3C, 0x38, 0x38, 0x78, 0x70, 0x3E, 0x03, 0x83, 0xF0, 0x38, 0x3F, 0x03, 0x83, 0xF8,
    0x38, 0x3F, 0x83, 0x83, 0xBC, 0x38, 0x39, 0xE3, 0x83, 0x9E, 0x38, 0x38, 0xF3, 0x83, 0x8F, 0x38,
    0x38, 0x7B, 0x83, 0x83, 0xB8, 0x38, 0x3F, 0x83, 0x81, 0xF8, 0x38, 0x1F, 0x83, 0x80, 0xF8, 0x38,
    0x0F, 0x80, 0x03, 0xF8, 0x01, 0xFF, 0xC0, 0x7F, 0xFC, 0x0F, 0x87, 0x83, 0xC0, 0x78, 0x78, 0x0F,
    0x0E, 0x00, 0xF3, 0xC0, 0x1E, 0x78, 0x03, 0xCF, 0x00, 0x78, 0xE0, 0x0F, 0x1E, 0x03, 0xC3, 0xC0,
    0x78, 0x3E, 0x1F, 0x07, 0xFF, 0xC0, 0x7F, 0xF0, 0x03, 0xF8, 0x00, 0x3F, 0xE0, 0x7F, 0xE0, 0xFF,
    0xE1, 0xE3, 0xE3, 0xC3, 0xC7, 0x87, 0x8F, 0x0F, 0x1E, 0x3E, 0x3F, 0xF8, 0x7F, 0xE0, 0xFF, 0x81,
    0xE0, 0x03, 0xC0, 0x07, 0x80, 0x0F, 0x00, 0x1E, 0x00, 0x3C, 0x00, 0x03, 0xF8, 0x01, 0xFF, 0xC0,
    0x7F, 0xFC, 0x0F, 0x87, 0xC3, 0xC0, 0x78, 0x78, 0x0F, 0x0E, 0x00, 0xF3, 0xC0, 0x1E, 0x78, 0x03,
    0xCF, 0x00, 0x78, 0xE0, 0x0F, 0x1E, 0x03, 0xC3, 0xC0, 0x78, 0x3E, 0x1F, 0x07, 0xFF, 0xC0, 0x7F,
    0xF0, 0x03, 0xFC, 0x00, 0x07, 0xC0, 0x00, 0x78, 0x00, 0x07, 0x80, 0x00, 0x78, 0x3F, 0xE0, 0x3F,
    0xF8, 0x3F, 0xF8, 0x3C, 0x7C, 0x3C, 0x3C, 0x3C, 0x3C, 0x3C, 0x7C, 0x3F, 0xF8, 0x3F, 0xF0, 0x3F,
    0xE0, 0x3C, 0xF0, 0x3C, 0x70, 0x3C, 0x78, 0x3C, 0x3C, 0x3C, 0x3C, 0x3C, 0x1E, 0x3C, 0x0F, 0x0F,
    0xC0, 0xFF, 0x8F, 0xFC, 0xF0, 0x47, 0x80, 0x3C, 0x00, 0xF8, 0x07, 0xF0, 0x1F, 0xC0, 0x3F, 0x00,
    0x7C, 0x01, 0xE0, 0x07, 0x30, 0x79, 0xFF, 0xCF, 0xFC, 0x3F, 0x80, 0xFF, 0xFB, 0xFF, 0xEF, 0xFF,
    0x81, 0xE0, 0x07, 0x80, 0x1E, 0x00, 0x78, 0x01, 0xE0, 0x07, 0x80, 0x1E, 0x00, 0x78, 0x01, 0xE0,
    0x07, 0x80, 0x1E, 0x00, 0x78, 0x01, 0xE0, 0x07, 0x80, 0x3C, 0x0F, 0x0F, 0x03, 0xC3, 0xC0, 0xF0,
    0xF0, 0x3C, 0x3C, 0x0F, 0x0F, 0x03, 0xC3, 0xC0, 0xF0, 0xF0, 0x3C, 0x3C, 0x0F, 0x0F, 0x03, 0xC3,
    0xC0, 0xF0, 0xF0, 0x3C, 0x3C, 0x0F, 0x07, 0x87, 0xC1, 0xFF, 0xE0, 0x3F, 0xF0, 0x03, 0xF0, 0x00,
    0xF0, 0x0E, 0x70, 0x1E, 0x70, 0x1E, 0x78, 0x1C, 0x38, 0x3C, 0x38, 0x3C, 0x3C, 0x38, 0x1C, 0x38,
    0x1C, 0x78, 0x1E, 0x70, 0x0E, 0x70, 0x0E, 0xF0, 0x0F, 0xE0, 0x07, 0xE0, 0x07, 0xE0, 0x07, 0xC0,
    0x03, 0xC0, 0xF0, 0x38, 0x0E, 0xF0, 0x7C, 0x1E, 0x70, 0x7C, 0x1E, 0x70, 0x7C, 0x1C, 0x78, 0x7E,
    0x1C, 0x78, 0xFE, 0x3C, 0x38, 0xEE, 0x3C, 0x38, 0xEE, 0x38, 0x3C, 0xE7, 0x38, 0x3D, 0xC7, 0x78,
    0x1D, 0xC7, 0x78, 0x1D, 0xC7, 0x70, 0x1F, 0xC3, 0xF0, 0x1F, 0x83, 0xF0, 0x0F, 0x83, 0xE0, 0x0F,
    0x83, 0xE0, 0x0F, 0x81, 0xE0, 0x78, 0x1E, 0x3C, 0x0F, 0x0F, 0x0F, 0x03, 0x87, 0x01, 0xE7, 0x80,
    0x7F, 0x80, 0x1F, 0x80, 0x0F, 0xC0, 0x07, 0xC0, 0x03, 0xF0, 0x03, 0xFC, 0x01, 0xDE, 0x01, 0xE7,
    0x81, 0xE1, 0xE0, 0xE0, 0xF0, 0xF0, 0x3C, 0xF0, 0x0F, 0x00, 0xF0, 0x1E, 0xF0, 0x79, 0xE0, 0xF1,
    0xE3, 0xC3, 0xC7, 0x83, 0xDE, 0x03, 0xB8, 0x07, 0xF0, 0x07, 0xC0, 0x0F, 0x80, 0x0E, 0x00, 0x1C,
    0x00, 0x38, 0x00, 0x70, 0x00, 0xE0, 0x01, 0xC0, 0x03, 0x80, 0x7F, 0xF9, 0xFF, 0xE7, 0xFF, 0x80,
    0x3C, 0x00, 0xF0, 0x07, 0x80, 0x3C, 0x00, 0xE0, 0x07, 0x80, 0x3C, 0x01, 0xE0, 0x07, 0x80, 0x3C,
    0x01, 0xE0, 0x07, 0xFF, 0x9F, 0xFE, 0x7F, 0xF8, 0x3E, 0x3E, 0x38, 0x38, 0x38, 0x38, 0x38, 0x38,
    0x38, 0x38, 0x38, 0x38, 0x38, 0x38, 0x38, 0x38, 0x38, 0x38, 0x38, 0x3E, 0x3E, 0xF0, 0x1C, 0x07,
    0x01, 0xE0, 0x38, 0x0E, 0x01, 0xC0, 0x70, 0x1E, 0x03, 0x80, 0xE0, 0x3C, 0x07, 0x01, 0xC0, 0x38,
    0x0E, 0x03, 0xC0, 0x7C, 0x7C, 0x1C, 0x1C, 0x1C, 0x1C, 0x1C, 0x1C, 0x1C, 0x1C, 0x1C, 0x1C, 0x1C,
    0x1C, 0x1C, 0x1C, 0x1C, 0x1C, 0x1C, 0x7C, 0x7C, 0x07, 0x00, 0x1C, 0x00, 0x78, 0x03, 0xE0, 0x0D,
    0xC0, 0x73, 0x01, 0x8E, 0x0E, 0x18, 0x30, 0x71, 0xC0, 0xC7, 0x03, 0x80, 0x00, 0x00, 0x00, 0x00,
    0x00, 0x00, 0x00, 0x00, 0x00, 0x00, 0x00, 0x00, 0x01, 0xFF, 0xBF, 0xF0, 0x78, 0x1E, 0x07, 0x80,
    0xE0, 0x00, 0x00, 0x00, 0x00, 0x00, 0x00, 0x00, 0x00, 0x00, 0x00, 0x00, 0x00, 0x00, 0x00, 0x00,
    0x00, 0x00, 0x0F, 0xC0, 0x7F, 0xE0, 0x7F, 0xC0, 0x03, 0xC0, 0x07, 0x81, 0xFF, 0x0F, 0xFE, 0x3E,
    0x3C, 0x78, 0x78, 0xF0, 0xF1, 0xFF, 0xE1, 0xFD, 0xC1, 0xF3, 0x80, 0x38, 0x00, 0x70, 0x00, 0xE0,
    0x01, 0xC0, 0x03, 0x80, 0x07, 0x3C, 0x0F, 0xFE, 0x1F, 0xFC, 0x3C, 0x7C, 0x78, 0x78, 0xE0, 0xF1,
    0xC1, 0xE3, 0xC3, 0xC7, 0x87, 0x8F, 0x1F, 0x1F, 0xFC, 0x3F, 0xF8, 0x73, 0xC0, 0x07, 0xE1, 0xFE,
    0x3F, 0xE3, 0xC0, 0x78, 0x07, 0x80, 0x78, 0x07, 0x80, 0x78, 0x03, 0xC2, 0x3F, 0xE1, 0xFE, 0x0F,
    0xC0, 0x00, 0x38, 0x00, 0x70, 0x00, 0xE0, 0x01, 0xC0, 0x03, 0x81, 0xE7, 0x07, 0xFE, 0x1F, 0xFC,
    0x3C, 0x78, 0xF0, 0x71, 0xE0, 0xE3, 0xC1, 0xC7, 0x83, 0x8F, 0x07, 0x1F, 0x1E, 0x1F, 0xFC, 0x1F,
    0xB8, 0x1E, 0x70, 0x07, 0xC0, 0x7F, 0xC3, 0xFF, 0x0E, 0x1E, 0x78, 0x79, 0xFF, 0xE7, 0xFF, 0x9E,
    0x00, 0x78, 0x00, 0xF0, 0x03, 0xFF, 0x07, 0xFC, 0x07, 0xE0, 0x0F, 0xC3, 0xF8, 0x7F, 0x0E, 0x03,
    0xC0, 0xFF, 0x3F, 0xE3, 0xFC, 0x3C, 0x07, 0x80, 0xF0, 0x1E, 0x03, 0xC0, 0x78, 0x0F, 0x01, 0xE0,
    0x3C, 0x07, 0x80, 0x0F, 0xF8, 0xFF, 0xE7, 0x8F, 0x1E, 0x3C, 0x70, 0xF1, 0xE3, 0xC3, 0x9E, 0x0F,
    0xF8, 0x1F, 0x80, 0xE0, 0x03, 0x80, 0x0F, 0xF8, 0x1F, 0xF9, 0xFF, 0xEF, 0x03, 0xB8, 0x0E, 0xF0,
    0xF9, 0xFF, 0xC3, 0xFC, 0x00, 0x38, 0x00, 0x38, 0x00, 0x38, 0x00, 0x38, 0x00, 0x38, 0x00, 0x39,
    0xF0, 0x3F, 0xF8, 0x3F, 0xFC, 0x3C, 0x3C, 0x3C, 0x3C, 0x3C, 0x3C, 0x38, 0x3C, 0x38, 0x3C, 0x38,
    0x3C, 0x38, 0x3C, 0x38, 0x3C, 0x38, 0x3C, 0x38, 0x3C, 0x00, 0x70, 0xF1, 0xC0, 0x00, 0x0E, 0x1C,
    0x38, 0x70, 0xE1, 0xC3, 0x87, 0x0E, 0x1C, 0x38, 0x70, 0xE0, 0x00, 0x07, 0x03, 0xC1, 0xC0, 0x00,
    0x00, 0x38, 0x1C, 0x0E, 0x07, 0x03, 0x81, 0xC0, 0xE0, 0x70, 0x38, 0x1C, 0x0E, 0x07, 0x03, 0x81,
    0xC0, 0xE0, 0xF3, 0xF9, 0xFC, 0x78, 0x00, 0x38, 0x00, 0x70, 0x00, 0xE0, 0x01, 0xC0, 0x03, 0x80,
    0x07, 0x07, 0x8E, 0x1E, 0x1C, 0x78, 0x39, 0xE0, 0x77, 0x80, 0xFF, 0x01, 0xFE, 0x03, 0xFE, 0x07,
    0x9E, 0x0E, 0x3C, 0x1C, 0x3C, 0x38, 0x3C, 0x70, 0x7C, 0x38, 0x70, 0xE1, 0xC3, 0x87, 0x0E, 0x1C,
    0x38, 0x70, 0xE1, 0xC3, 0x87, 0x0E, 0x1C, 0x38, 0x70, 0x39, 0xF1, 0xF0, 0x3B, 0xFB, 0xF8, 0x3F,
    0xFF, 0xF8, 0x3C, 0x7E, 0x3C, 0x3C, 0x3C, 0x3C, 0x3C, 0x3C, 0x3C, 0x38, 0x3C, 0x3C, 0x38, 0x3C,
    0x3C, 0x38, 0x3C, 0x3C, 0x38, 0x3C, 0x3C, 0x38, 0x3C, 0x3C, 0x38, 0x3C, 0x3C, 0x38, 0x3C, 0x3C,
    0x39, 0xF0, 0x3B, 0xF8, 0x3F, 0xFC, 0x3C, 0x3C, 0x3C, 0x3C, 0x3C, 0x3C, 0x38, 0x3C, 0x38, 0x3C,
    0x38, 0x3C, 0x38, 0x3C, 0x38, 0x3C, 0x38, 0x3C, 0x38, 0x3C, 0x07, 0xC0, 0x3F, 0xE0, 0xFF, 0xE1,
    0xE3, 0xC7, 0x83, 0xCF, 0x07, 0x9E, 0x0F, 0x3C, 0x1E, 0x78, 0x3C, 0x78, 0xF0, 0xFF, 0xE0, 0xFF,
    0x80, 0x7C, 0x00, 0x39, 0xE0, 0x77, 0xF0, 0xFF, 0xE1, 0xE1, 0xE3, 0xC3, 0xC7, 0x07, 0x8E, 0x0F,
    0x1E, 0x1E, 0x3C, 0x3C, 0x78, 0x78, 0xFF, 0xE1, 0xFF, 0xC3, 0x9E, 0x07, 0x00, 0x0E, 0x00, 0x1C,
    0x00, 0x38, 0x00, 0x70, 0x00, 0xE0, 0x00, 0x0F, 0x38, 0x3F, 0xF0, 0xFF, 0xE1, 0xE3, 0xC7, 0x83,
    0x8F, 0x07, 0x1E, 0x0E, 0x3C, 0x1C, 0x78, 0x38, 0xF8, 0xF0, 0xFF, 0xE0, 0xFF, 0xC0, 0xF3, 0x80,
    0x07, 0x00, 0x0E, 0x00, 0x1C, 0x00, 0x38, 0x00, 0x70, 0x00, 0xE0, 0x39, 0xC7, 0x78, 0xFF, 0x1F,
    0x83, 0xC0, 0x78, 0x0E, 0x01, 0xC0, 0x38, 0x07, 0x00, 0xE0, 0x1C, 0x03, 0x80, 0x1F, 0x83, 0xFE,
    0x7F, 0xC7, 0x80, 0x7C, 0x03, 0xF0, 0x1F, 0xC0, 0x7E, 0x01, 0xE4, 0x1E, 0x7F, 0xE7, 0xFC, 0x3F,
    0x80, 0x1C, 0x07, 0x01, 0xC0, 0xFF, 0x7F, 0xDF, 0xE3, 0xC0, 0xF0, 0x3C, 0x0F, 0x03, 0xC0, 0xF0,
    0x3C, 0x0F, 0xF1, 0xFC, 0x3E, 0x38, 0x3C, 0x38, 0x3C, 0x38, 0x3C, 0x38, 0x3C, 0x38, 0x3C, 0x38,
    0x3C, 0x38, 0x3C, 0x38, 0x3C, 0x3C, 0x3C, 0x3C, 0x7C, 0x3F, 0xFC, 0x1F, 0xDC, 0x0F, 0x9C, 0xF0,
    0x39, 0xC1, 0xE7, 0x87, 0x9E, 0x1C, 0x38, 0xF0, 0xF3, 0xC3, 0xCE, 0x07, 0x78, 0x1F, 0xC0, 0x3F,
    0x00, 0xFC, 0x03, 0xE0, 0x07, 0x80, 0xF0, 0xF0, 0x73, 0x87, 0xC7, 0x9C, 0x3E, 0x3C, 0xF3, 0xF1,
    0xC3, 0x9D, 0x8E, 0x1C, 0xEE, 0xF0, 0xE6, 0x77, 0x07, 0xF3, 0xB8, 0x1F, 0x8F, 0xC0, 0xFC, 0x7E,
    0x07, 0xC3, 0xE0, 0x1E, 0x1F, 0x00, 0xF0, 0x78, 0x00, 0x78, 0x79, 0xE1, 0xE3, 0xCF, 0x07, 0xF8,
    0x1F, 0xE0, 0x3F, 0x00, 0xF8, 0x03, 0xF0, 0x1F, 0xE0, 0xF3, 0x83, 0xCF, 0x1E, 0x1E, 0xF0, 0x78,
    0xF0, 0x39, 0xC1, 0xE7, 0x87, 0x9E, 0x1C, 0x38, 0xF0, 0xF3, 0xC1, 0xCE, 0x07, 0x78, 0x1F, 0xC0,
    0x3F, 0x00, 0xFC, 0x01, 0xE0, 0x07, 0x80, 0x1E, 0x00, 0x70, 0x03, 0xC0, 0x7E, 0x01, 0xF0, 0x07,
    0x80, 0x00, 0x7F, 0xE7, 0xFE, 0x7F, 0xE0, 0x3C, 0x07, 0x80, 0x70, 0x0F, 0x01, 0xE0, 0x3C, 0x03,
    0x80, 0x7F, 0xE7, 0xFE, 0x7F, 0xE0, 0x07, 0x07, 0xC7, 0xC3, 0xC1, 0xC0, 0xE0, 0x70, 0x38, 0x1C,
    0x7E, 0x3C, 0x1F, 0x81, 0xC0, 0xE0, 0x70, 0x38, 0x1C, 0x0F, 0x07, 0xC1, 0xF0, 0x70, 0x07, 0x00,
    0x38, 0x01, 0xC0, 0x0E, 0x00, 0x70, 0x03, 0x80, 0x1C, 0x00, 0xE0, 0x07, 0x00, 0x38, 0x01, 0xC0,
    0x0E, 0x00, 0x70, 0x03, 0x80, 0x1C, 0x00, 0xE0, 0x07, 0x00, 0x38, 0x01, 0xC0, 0x0E, 0x00, 0x70,
    0x03, 0x80, 0x1C, 0x00, 0x70, 0x1F, 0x07, 0xC0, 0x70, 0x1C, 0x07, 0x01, 0xC0, 0x70, 0x1E, 0x03,
    0xE0, 0x78, 0x3E, 0x1E, 0x07, 0x01, 0xC0, 0x70, 0x1C, 0x07, 0x07, 0xC1, 0xF0, 0x78, 0x00, 0x3E,
    0x01, 0xFF, 0xE7, 0xFF, 0x90, 0x7C, 0x00, 0x00, 0x00, 0x00, 0x00, 0x00, 0x00, 0x00, 0x00, 0x00,
    0x00,
};

static const GFXglyph OpenSansBold24pt7bGlyphs[] PROGMEM = {
    {     0,   0,   0,   6,    0,   26 },  // ' '
    {     0,   7,  17,   7,    0,    9 },  // '!'
    {    15,  11,  17,  11,    0,    9 },  // '"'
    {    39,  16,  17,  16,    0,    9 },  // '#'
    {    73,  14,  19,  14,    0,    8 },  // '$'
    {   107,  22,  17,  22,    0,    9 },  // '%'
    {   154,  18,  17,  18,    0,    9 },  // '&'
    {   193,   6,  17,   6,    0,    9 },  // "'"
    {   206,   8,  21,   8,    0,    9 },  // '('
    {   227,   8,  21,   8,    0,    9 },  // ')'
    {   248,  13,  18,  13,    0,    8 },  // '*'
    {   278,  14,  15,  14,    0,   11 },  // '+'
    {   305,   7,   6,   7,    0,   23 },  // ','
    {   311,   8,   8,   8,    0,   18 },  // '-'
    {   319,   7,   4,   7,    0,   22 },  // '.'
    {   323,  10,  17,  10,    0,    9 },  // '/'
    {   345,  14,  17,  14,    0,    9 },  // '0'
    {   375,  14,  17,  14,    0,    9 },  // '1'
    {   405,  14,  17,  14,    0,    9 },  // '2'
    {   435,  14,  17,  14,    0,    9 },  // '3'
    {   465,  14,  17,  14,    0,    9 },  // '4'
    {   495,  14,  17,  14,    0,    9 },  // '5'
    {   525,  14,  17,  14,    0,    9 },  // '6'
    {   555,  14,  17,  14,    0,    9 },  // '7'
    {   585,  14,  17,  14,    0,    9 },  // '8'
    {   615,  14,  17,  14,    0,    9 },  // '9'
    {   645,   7,  13,   7,    0,   13 },  // ':'
    {   657,   7,  16,   7,    0,   13 },  // ';'
    {   671,  14,  15,  14,    0,   11 },  // '<'
    {   698,  14,  12,  14,    0,   14 },  // '='
    {   719,  14,  15,  14,    0,   11 },  // '>'
    {   746,  11,  17,  11,    0,    9 },  // '?'
    {   770,  22,  19,  22,    0,    9 },  // '@'
    {   823,  17,  17,  17,    0,    9 },  // 'A'
    {   860,  16,  17,  16,    0,    9 },  // 'B'
    {   894,  15,  17,  15,    0,    9 },  // 'C'
    {   926,  18,  17,  18,    0,    9 },  // 'D'
    {   965,  13,  17,  13,    0,    9 },  // 'E'
    {   993,  13,  17,  13,    0,    9 },  // 'F'
    {  1021,  17,  17,  17,    0,    9 },  // 'G'
    {  1058,  18,  17,  18,    0,    9 },  // 'H'
    {  1097,   8,  17,   8,    0,    9 },  // 'I'
    {  1114,  10,  22,   8,   -2,    9 },  // 'J'
    {  1142,  16,  17,  16,    0,    9 },  // 'K'
    {  1176,  14,  17,  14,    0,    9 },  // 'L'
    {  1206,  23,  17,  23,    0,    9 },  // 'M'
    {  1255,  20,  17,  20,    0,    9 },  // 'N'
    {  1298,  19,  17,  19,    0,    9 },  // 'O'
    {  1339,  15,  17,  15,    0,    9 },  // 'P'
    {  1371,  19,  21,  19,    0,    9 },  // 'Q'
    {  1421,  16,  17,  16,    0,    9 },  // 'R'
    {  1455,  13,  17,  13,    0,    9 },  // 'S'
    {  1483,  14,  17,  14,    0,    9 },  // 'T'
    {  1513,  18,  17,  18,    0,    9 },  // 'U'
    {  1552,  16,  17,  16,    0,    9 },  // 'V'
    {  1586,  24,  17,  23,    0,    9 },  // 'W'
    {  1637,  17,  17,  16,    0,    9 },  // 'X'
    {  1674,  15,  17,  15,    0,    9 },  // 'Y'
    {  1706,  14,  17,  14,    0,    9 },  // 'Z'
    {  1736,   8,  21,   8,    0,    9 },  // '['
    {  1757,  10,  17,  10,    0,    9 },  // '\\'
    {  1779,   8,  21,   8,    0,    9 },  // ']'
    {  1800,  14,  17,  14,    0,    9 },  // '^'
    {  1830,  11,   4,  10,   -1,   26 },  // '_'
    {  1836,   9,  19,   9,    0,    7 },  // '`'
    {  1858,  15,  13,  15,    0,   13 },  // 'a'
    {  1883,  15,  18,  15,    0,    8 },  // 'b'
    {  1917,  12,  13,  12,    0,   13 },  // 'c'
    {  1937,  15,  18,  15,    0,    8 },  // 'd'
    {  1971,  14,  13,  14,    0,   13 },  // 'e'
    {  1994,  11,  18,   9,    0,    8 },  // 'f'
    {  2019,  14,  19,  14,    0,   13 },  // 'g'
    {  2053,  16,  18,  16,    0,    8 },  // 'h'
    {  2089,   7,  19,   7,    0,    7 },  // 'i'
    {  2106,   9,  25,   7,   -2,    7 },  // 'j'
    {  2135,  15,  18,  15,    0,    8 },  // 'k'
    {  2169,   7,  18,   7,    0,    8 },  // 'l'
    {  2185,  24,  13,  24,    0,   13 },  // 'm'
    {  2224,  16,  13,  16,    0,   13 },  // 'n'
    {  2250,  15,  13,  15,    0,   13 },  // 'o'
    {  2275,  15,  19,  15,    0,   13 },  // 'p'
    {  2311,  15,  19,  15,    0,   13 },  // 'q'
    {  2347,  11,  13,  11,    0,   13 },  // 'r'
    {  2365,  12,  13,  12,    0,   13 },  // 's'
    {  2385,  10,  16,  10,    0,   10 },  // 't'
    {  2405,  16,  13,  16,    0,   13 },  // 'u'
    {  2431,  14,  13,  14,    0,   13 },  // 'v'
    {  2454,  21,  13,  21,    0,   13 },  // 'w'
    {  2489,  14,  13,  14,    0,   13 },  // 'x'
    {  2512,  14,  19,  14,    0,   13 },  // 'y'
    {  2546,  12,  13,  12,    0,   13 },  // 'z'
    {  2566,   9,  21,   9,    0,    9 },  // '{'
    {  2590,  13,  23,  13,    0,    8 },  // '|'
    {  2628,  10,  21,   9,    0,    9 },  // '}'
    {  2655,  14,  10,  14,    0,   16 },  // '~'
};

static const GFXfont OpenSansBold24pt7b PROGMEM = {
    (uint8_t  *)OpenSansBold24pt7bBitmaps,
    (GFXglyph *)OpenSansBold24pt7bGlyphs,
    32, 126, 34
};
